code,name,sector,price,per,pbr,dividend_yield,roe,market_cap_oku_yen,ma25,ma75,rsi14,signal,news_count,news_sentiment,news_label,news_latest
1301,極洋,水産・農林業,4605.0,7.9943748,0.7072372,3.47,8.88,546.9,4521.8,4448.9,58.4,中立,2,,,2026-08-07
130A,Ｖｅｒｉｔａｓ　Ｉｎ　Ｓｉｌｉｃｏ,医薬品,403.0,,1.4655185,,-21.32,26.1,417.9,425.8,43.6,中立,3,,,2026-08-05
1332,ニッスイ,水産・農林業,1247.5,13.833445,1.2605963,2.57,9.92,3783.3,1271.4,1271.7,46.2,デッドクロス,3,,,2026-08-06
1333,Ｕｍｉｏｓ,水産・農林業,1270.5,8.658761,0.77690315,3.54,8.65,1920.8,1316.1,1295.2,39.8,中立,2,,,2026-08-04
135A,ＶＲＡＩＮ　Ｓｏｌｕｔｉｏｎ,情報・通信業,3860.0,61.085617,18.978037,,37.17,395.9,3923.4,3939.1,49.4,デッドクロス,0,,,
1375,ユキグニファクトリー,水産・農林業,1110.0,14.96562,2.9972863,1.8,21.65,442.7,1157.6,1102.0,38.7,中立,2,,,2026-08-06
1376,カネコ種苗,水産・農林業,1546.0,12.883333,0.6338853,3.1,5.12,169.5,1519.6,1443.6,58.2,中立,0,,,
1377,サカタのタネ,水産・農林業,4400.0,15.472255,1.0419168,2.27,7.16,1859.4,4352.6,4203.2,55.6,中立,0,,,
1379,ホクト,水産・農林業,1924.0,10.0271,0.928953,3.22,11.51,603.1,1924.8,1878.6,51.9,中立,0,,,
137A,Ｃｏｃｏｌｉｖｅ,情報・通信業,696.0,15.179935,5.687808,,,20.5,737.8,704.0,44.9,中立,0,,,
1380,秋川牧園,水産・農林業,1000.0,192.3077,1.9159584,1.0,0.96,41.7,1001.7,1005.0,49.3,中立,0,,,
1381,アクシーズ,水産・農林業,3595.0,9.026993,0.8670847,3.13,12.04,201.9,3503.8,3635.0,58.2,中立,2,,,2026-08-07
1382,ホーブ,水産・農林業,934.0,,0.97982544,5.35,-1.47,7.1,1027.0,1320.4,34.0,中立,5,,,2026-08-07
1383,ベルグアース,水産・農林業,3000.0,45.56501,2.294966,0.33,4.86,48.0,2968.2,2936.8,60.6,中立,0,,,
1384,ホクリヨウ,水産・農林業,2030.0,4.4447365,1.7343372,3.94,11.24,171.7,2024.2,2174.2,49.3,中立,0,,,
138A,光フードサービス,小売業,2991.0,19.62341,2.1081388,1.6,11.18,29.7,2982.8,3036.5,53.9,中立,1,,,2026-08-07
1401,エムビーエス,建設業,1278.0,15.771936,2.282432,1.17,14.94,88.6,1283.0,1306.3,48.2,中立,0,,,
1407,ウエストホールディングス,建設業,2681.0,20.570858,3.032857,2.61,20.72,1063.3,2555.5,2591.1,54.8,中立,0,,,
1414,ショーボンドホールディングス,建設業,1290.0,17.891817,2.4974687,3.53,14.64,2592.4,1287.2,1268.8,51.1,中立,0,,,
1417,ミライト・ワン,建設業,3469.0,13.250573,1.1007107,2.88,8.61,3049.8,3644.1,3826.3,35.5,中立,2,,,2026-08-07
1418,インターライフホールディングス,建設業,597.0,11.148459,1.8967614,5.03,22.26,91.1,572.4,542.1,65.0,中立,0,,,
1419,タマホーム,建設業,2923.0,69.74469,2.855923,4.45,3.82,847.3,2991.2,3111.6,44.4,中立,0,,,
141A,トライアルホールディングス,小売業,3265.0,41.476116,3.0597835,0.49,7.55,4004.3,3081.6,3206.5,63.0,中立,0,,,
1420,サンヨーホームズ,建設業,625.0,5.097048,0.44643813,4.0,8.67,77.5,640.3,627.4,32.3,中立,3,,,2026-08-07
1429,日本アクア,建設業,769.0,12.939592,2.2811816,4.55,18.18,247.5,747.7,723.7,62.6,中立,2,,,2026-08-07
142A,ジンジブ,サービス業,772.0,12.291037,3.8937786,,37.72,22.4,766.3,764.6,53.5,中立,0,,,
1430,ファーストコーポレーション,建設業,1009.0,9.567609,1.0855497,5.05,18.01,121.0,995.6,974.7,57.4,中立,0,,,
1431,Ｌｉｂ　Ｗｏｒｋ,建設業,649.0,66.22449,3.4743228,0.99,4.61,151.0,647.6,644.7,51.6,中立,0,,,
1433,ベステラ,建設業,1124.0,13.811748,1.8582997,3.56,12.05,99.6,1125.3,1076.3,52.1,中立,0,,,
1434,ＪＥＳＣＯホールディングス,建設業,1711.0,7.7765656,1.41806,2.81,23.77,119.1,1766.4,1991.3,44.7,中立,0,,,
1435,ｒｏｂｏｔ　ｈｏｍｅ,不動産業,164.0,7.4074078,1.3363101,1.22,18.38,145.7,165.3,170.5,49.1,中立,0,,,
1436,グリーンエナジー＆カンパニー,建設業,1486.0,38.388016,3.320997,0.74,9.19,183.8,1386.1,1502.0,56.3,中立,0,,,
1438,岐阜造園,建設業,2145.0,13.956666,1.5474393,1.86,11.79,69.6,1948.8,1897.0,75.6,買われすぎ,1,,,2026-08-07
143A,イシン,サービス業,698.0,288.42975,1.1039482,,-1.74,13.5,698.6,700.9,52.4,中立,2,,,2026-08-07
1443,技研ホールディングス,建設業,257.0,6.798942,0.32287285,0.43,5.14,41.7,252.4,255.6,56.5,中立,0,,,
1444,ニッソウ,建設業,2626.0,,1.73558,,-4.19,28.6,2796.6,2797.4,32.4,デッドクロス,0,,,
1446,キャンディル,建設業,549.0,19.891304,1.6244045,1.82,8.43,51.1,537.4,528.6,69.1,中立,2,,,2026-08-07
1447,ＳＡＡＦホールディングス,建設業,355.0,18.802967,7.951796,1.35,11.74,86.5,374.1,318.4,49.8,中立,1,,,2026-08-03
1450,ＴＡＮＡＫＥＮ,建設業,1452.0,8.407156,1.3691695,3.79,18.19,126.3,1422.4,1407.0,53.4,中立,0,,,
145A,Ｌ　ｉｓ　Ｂ,情報・通信業,890.0,32.889874,2.3842502,,8.8,45.6,834.0,826.7,63.2,中立,0,,,
146A,コロンビア・ワークス,不動産業,3195.0,6.4347863,1.4121392,2.94,24.04,245.0,3212.0,3174.7,52.3,中立,0,,,
147A,ソラコム,情報・通信業,1058.0,75.67954,4.2562265,,5.86,483.9,1054.8,1035.6,52.1,中立,0,,,
148A,ハッチ・ワーク,情報・通信業,1742.0,14.081319,3.2524817,,27.37,33.5,1686.2,1728.3,60.2,中立,0,,,
1491,中外鉱業,非鉄金属,744.0,7.0776253,1.1414737,4.57,17.24,106.9,725.5,748.3,59.5,中立,0,,,
149A,シンカ,情報・通信業,744.0,57.099003,2.2774024,,4.24,23.9,758.6,771.2,45.7,中立,0,,,
150A,ＪＳＨ,サービス業,473.0,,1.3829035,,-7.32,26.8,462.3,390.7,52.1,中立,2,,,2026-08-05
1514,住石ホールディングス,鉱業,597.0,13.5374155,1.2738771,2.51,9.93,357.1,580.0,612.9,56.2,中立,1,,,2026-08-03
1515,日鉄鉱業,鉱業,3175.0,17.787115,1.588086,1.95,10.15,2498.2,2777.8,2552.3,60.4,中立,3,,,2026-08-06
1518,三井松島ホールディングス,その他製品,2285.0,15.418354,1.5723995,5.69,11.11,846.1,1897.4,1582.4,76.1,買われすぎ,2,,,2026-08-07
151A,ダイブグループ,サービス業,640.0,11.529454,1.9884113,,,53.8,640.4,616.7,52.9,中立,0,,,
153A,カウリス,情報・通信業,1256.0,29.297878,5.133991,0.44,23.09,79.7,1255.0,1450.9,50.6,中立,0,,,
155A,情報戦略テクノロジー,情報・通信業,848.0,30.23173,4.6297812,,,87.2,865.6,853.1,48.0,中立,0,,,
156A,マテリアルグループ,サービス業,821.0,12.760337,3.325381,3.18,29.21,77.5,860.8,834.0,40.5,中立,0,,,
157A,グリーンモンスター,サービス業,770.0,,1.9187878,1.3,-9.98,25.5,836.6,891.2,43.9,中立,2,,,2026-08-04
1605,ＩＮＰＥＸ,鉱業,3499.0,10.589232,0.83160585,3.09,8.28,40665.0,3492.4,3580.8,49.5,中立,5,,,2026-08-07
160A,アズパートナーズ,サービス業,2004.0,6.1185236,1.3901086,3.99,25.38,71.9,2037.6,2025.4,45.5,中立,0,,,
1662,石油資源開発,鉱業,1740.0,8.335729,0.7098222,2.59,9.15,4454.4,1709.8,1813.5,53.4,中立,5,,,2026-08-06
1663,Ｋ＆Ｏエナジーグループ,鉱業,1800.0,11.500863,0.895163,1.67,7.92,961.3,1829.4,2013.1,41.0,中立,0,,,
166A,タスキホールディングス,不動産業,1149.0,12.575243,2.196588,3.48,24.56,709.2,1097.9,1005.9,60.0,中立,3,,,2026-08-06
167A,リョーサン菱洋ホールディングス,卸売業,3090.0,16.66487,0.90516686,4.53,5.54,1239.1,2846.3,2781.2,77.2,買われすぎ,2,,,2026-08-07
168A,イタミアート,その他製品,1086.0,10.574489,1.2012185,1.84,11.94,16.0,1066.6,1127.5,55.4,中立,0,,,
1711,ＳＤＳホールディングス,建設業,240.0,,4.294764,,-5.69,25.0,237.4,237.5,57.4,中立,0,,,
1716,第一カッター興業,建設業,1409.0,9.2770605,0.78934866,2.84,9.41,158.5,1397.9,1377.1,56.5,中立,0,,,
1717,明豊ファシリティワークス,サービス業,955.0,12.032253,1.8429462,4.61,16.04,112.3,940.2,928.9,65.0,中立,1,,,2026-08-07
1718,美樹工業,建設業,6850.0,4.7624345,0.42034656,4.38,8.86,73.5,6944.4,6918.2,47.0,中立,0,,,
1719,安藤・間,建設業,1854.5,9.775446,1.3969816,4.53,15.62,2909.4,1822.3,1819.8,59.7,ゴールデンクロス,2,,,2026-08-05
1720,東急建設,建設業,1125.0,8.913009,1.0727925,3.91,13.22,1195.6,1173.3,1218.0,39.7,中立,1,,,2026-08-05
1721,コムシスホールディングス,建設業,5246.0,16.929134,1.5139128,2.57,9.37,6057.6,5286.2,5414.5,46.6,中立,4,,,2026-08-07
1723,日本電技,建設業,2199.0,16.606253,2.9763677,3.27,15.87,1401.5,2245.2,2318.8,47.8,中立,0,,,
1724,シンクレイヤ,建設業,698.0,13.405032,1.2685789,4.3,25.2,31.3,687.9,692.9,57.7,中立,0,,,
1736,オーテック,建設業,2485.0,10.612855,1.4514823,3.94,14.64,385.0,2513.2,2407.1,50.9,中立,1,,,2026-08-07
173A,ハンモック,情報・通信業,1456.0,9.079005,1.9095082,3.09,23.08,61.4,1464.8,1399.5,48.6,中立,0,,,
1758,太洋基礎工業,建設業,2434.0,10.4882145,0.5024582,2.67,5.87,48.6,2417.8,2471.1,51.8,中立,0,,,
175A,Ｗｉｌｌ　Ｓｍａｒｔ,情報・通信業,598.0,,-17.252821,,,12.9,604.8,626.7,47.1,中立,0,,,
1762,高松コンストラクショングループ,建設業,3855.0,11.749466,0.9139359,3.74,8.04,1342.3,3717.0,3574.6,64.2,中立,2,,,2026-08-05
1764,工藤建設,建設業,2677.0,6.804433,0.57631755,4.37,,33.4,2692.8,2813.8,44.0,中立,0,,,
1766,東建コーポレーション,建設業,13120.0,10.595085,1.2517929,3.05,12.92,1456.4,13057.6,12821.7,53.0,中立,0,,,
1768,ソネック,建設業,1018.0,5.44065,0.71528953,4.91,14.04,74.4,1077.3,1090.4,37.3,中立,1,,,2026-08-07
1770,藤田エンジニアリング,建設業,2080.0,10.371996,0.9250311,3.27,9.29,191.0,2121.3,1886.5,51.5,中立,2,,,2026-08-07
177A,コージンバイオ,化学,880.0,17.91531,0.75676465,1.14,4.28,45.0,880.2,1078.1,43.0,中立,0,,,
1780,ヤマウラ,建設業,1430.0,8.552631,1.9631639,2.66,10.43,266.4,1491.0,1435.9,37.3,中立,3,,,2026-08-06
1783,ｆａｎｔａｓｉｓｔａ,不動産業,47.0,,1.2269298,,-0.7,90.9,49.4,55.0,34.4,中立,0,,,
1786,オリエンタル白石,建設業,384.0,14.67329,0.92973256,3.78,6.48,493.9,362.2,348.7,68.6,中立,2,,,2026-08-07
1787,ナカボーテック,建設業,6020.0,12.443159,1.7948825,4.32,15.07,147.6,5921.6,5526.9,58.0,中立,5,,,2026-08-04
1788,三東工業社,建設業,4365.0,8.414783,0.7219549,1.6,9.42,27.4,4266.6,4423.9,57.3,中立,0,,,
1793,大本組,建設業,2038.0,28.611538,1.450574,3.63,3.31,518.3,2013.2,1900.7,53.8,中立,2,,,2026-08-06
1795,マサル,建設業,5550.0,11.751006,0.90442926,1.98,7.92,48.7,5273.0,4969.7,66.3,中立,0,,,
1798,守谷商会,建設業,1006.0,3.998728,0.58501124,3.78,15.81,109.7,1093.0,1081.8,34.5,中立,1,,,2026-08-07
1799,第一建設工業,建設業,3285.0,11.210073,2.0304549,4.87,6.01,581.7,3395.6,3401.9,42.0,中立,1,,,2026-08-04
1801,大成建設,建設業,12890.0,12.576714,2.2162693,2.95,18.49,21011.9,13670.6,14445.8,40.5,中立,1,,,2026-08-06
1802,大林組,建設業,3030.0,12.141369,1.6553361,3.1,14.07,20828.9,3230.2,3320.9,34.0,中立,2,,,2026-08-07
1803,清水建設,建設業,2392.5,12.820169,1.6009513,3.22,17.63,16249.9,2465.9,2620.1,44.9,中立,0,,,
1807,佐藤渡辺,建設業,1841.0,13.011519,0.5037965,4.35,4.06,115.0,1852.9,1849.8,48.1,中立,4,,,2026-08-07
1808,長谷工コーポレーション,建設業,2759.0,13.485508,1.2975091,3.62,10.02,7301.5,2793.0,2750.2,49.0,中立,3,,,2026-08-06
1810,松井建設,建設業,1466.0,9.652357,0.73318917,4.77,8.08,418.1,1441.9,1413.7,59.1,中立,1,,,2026-08-07
1811,錢高組,建設業,8440.0,14.203494,0.5244856,1.42,4.01,604.4,8146.0,8142.5,57.3,ゴールデンクロス,1,,,2026-08-07
1812,鹿島建設,建設業,5059.0,13.313509,1.7046993,2.89,,23319.5,5588.6,5770.0,29.9,売られすぎ,4,,,2026-08-05
1813,不動テトラ,建設業,2710.0,9.197353,1.0782032,3.14,12.21,410.5,2717.4,2765.2,49.3,中立,1,,,2026-08-06
1814,大末建設,建設業,3690.0,10.09079,1.5069263,5.04,19.53,379.9,3551.6,3361.3,59.4,中立,1,,,2026-08-05
1815,鉄建建設,建設業,4265.0,11.806882,0.7576562,2.7,6.78,594.2,4480.2,4569.7,39.9,中立,1,,,2026-08-06
1820,西松建設,建設業,5448.0,8.934223,1.1036947,4.59,12.37,2151.1,5333.5,5424.9,59.1,中立,1,,,2026-08-07
1822,大豊建設,建設業,775.0,15.025203,0.90662575,4.9,6.34,653.2,787.0,758.4,48.6,中立,1,,,2026-08-07
1826,佐田建設,建設業,1084.0,13.548306,1.1504732,5.54,7.17,130.6,1066.1,1027.9,56.0,中立,1,,,2026-08-06
1827,ナカノフドー建設,建設業,1511.0,11.845407,1.0438017,1.65,9.13,519.2,1302.8,1296.6,68.0,ゴールデンクロス,1,,,2026-08-07
1828,田辺工業,建設業,2293.0,6.970876,0.8603627,4.36,13.04,240.7,2361.6,2361.7,42.4,デッドクロス,1,,,2026-08-07
1833,奥村組,建設業,5780.0,11.292591,1.0529408,5.19,11.19,2075.0,5725.2,5757.1,54.3,中立,3,,,2026-08-07
1835,東鉄工業,建設業,3935.0,10.555258,1.0215907,3.86,10.18,1355.3,4158.2,4453.7,33.2,中立,1,,,2026-08-06
1840,土屋ホールディングス,建設業,247.0,,0.5244173,4.05,-2.39,63.7,242.2,232.7,63.5,中立,0,,,
1844,大盛工業,建設業,463.0,16.648687,1.4042345,2.48,8.23,86.7,486.2,496.2,35.6,中立,0,,,
1847,イチケン,建設業,3260.0,7.384922,1.1825395,3.83,17.29,473.3,2717.8,2652.4,79.8,買われすぎ,3,,,2026-08-07
1848,富士ピー・エス,建設業,660.0,11.737507,0.88713974,3.79,7.8,116.6,658.2,615.5,52.7,中立,1,,,2026-08-07
184A,学びエイド,情報・通信業,328.0,,3.0089533,,74.96,11.2,321.0,324.2,50.8,中立,1,,,2026-08-03
1850,南海辰村建設,建設業,412.0,5.673368,0.59430474,1.94,10.69,115.5,430.7,420.1,43.2,中立,0,,,
1852,淺沼組,建設業,912.0,14.218896,1.4796188,6.14,10.81,734.0,865.5,853.8,70.3,買われすぎ,3,,,2026-08-06
1853,森組,建設業,338.0,11.947684,3.7717743,4.14,17.45,110.7,327.8,320.7,67.5,中立,1,,,2026-08-07
1860,戸田建設,建設業,1489.5,12.076375,1.1282784,4.03,9.92,4409.5,1529.8,1518.8,39.8,中立,1,,,2026-08-07
1861,熊谷組,建設業,1388.0,11.874412,1.2553985,3.6,10.85,2358.5,1451.3,1438.1,39.1,中立,1,,,2026-08-07
1866,北野建設,建設業,1191.0,8.299073,0.561651,2.52,7.04,289.7,1151.9,1098.3,63.8,中立,2,,,2026-08-06
1867,植木組,建設業,2778.0,7.5831194,0.57557327,3.96,7.97,182.7,2710.2,2544.3,57.8,中立,0,,,
186A,アストロスケールホールディングス,サービス業,1205.0,,21.384966,,-103.23,1667.6,1073.7,1500.6,55.4,中立,0,,,
1870,矢作建設工業,建設業,1992.0,10.128127,1.131786,5.02,11.69,860.2,1894.7,1902.4,68.8,中立,4,,,2026-08-07
1871,ピーエス・コンストラクション,建設業,2285.0,11.462252,1.6337183,4.42,15.12,1069.8,2232.3,2295.4,54.2,中立,1,,,2026-08-06
1873,日本ハウスホールディングス,建設業,303.0,9.044776,0.5319747,3.96,6.04,121.2,309.9,304.1,42.6,中立,0,,,
1878,大東建託,不動産業,3214.0,10.74557,2.118728,5.07,20.66,10459.0,3249.0,3245.5,48.0,ゴールデンクロス,0,,,
1879,新日本建設,建設業,2243.0,8.614664,0.96865577,3.48,11.86,1311.9,2115.6,2131.1,63.8,中立,0,,,
1882,東亜道路工業,建設業,1588.0,21.398733,1.3679655,5.67,6.79,733.8,1599.7,1560.4,47.7,中立,1,,,2026-08-03
1885,東亜建設工業,建設業,2012.0,8.102122,1.3348778,3.83,17.22,1555.6,2052.3,2295.5,44.0,中立,1,,,2026-08-06
1887,日本国土開発,建設業,524.0,7.6686664,0.5873215,5.73,7.94,417.9,522.4,536.6,51.8,中立,0,,,
1888,若築建設,建設業,3680.0,10.724174,0.867426,3.94,8.52,468.4,3474.4,3447.4,62.1,中立,1,,,2026-08-06
1893,五洋建設,建設業,1499.5,11.947255,2.065373,3.47,18.67,4066.3,1581.8,1695.6,41.0,中立,1,,,2026-08-07
1897,金下建設,建設業,3575.0,31.993916,0.3777657,1.4,1.25,75.3,3133.8,3190.9,82.4,買われすぎ,3,,,2026-08-07
1898,世紀東急工業,建設業,1447.0,11.360602,1.2307373,5.25,10.67,530.1,1470.8,1452.4,42.9,中立,1,,,2026-08-04
1899,福田組,建設業,4440.0,9.96812,0.81846005,2.93,6.89,735.4,3845.6,3862.9,78.2,買われすぎ,6,,,2026-08-07
189A,Ｄ＆Ｍカンパニー,サービス業,965.0,10.287847,0.94474375,2.07,9.89,22.1,990.0,952.2,39.3,中立,1,,,2026-08-03
1904,大成温調,建設業,5070.0,8.839991,1.025625,3.91,12.16,315.2,5108.0,5077.7,48.8,中立,1,,,2026-08-06
1905,テノックス,建設業,1447.0,10.258046,0.7077587,4.28,6.96,96.5,1510.5,1495.3,39.3,中立,2,,,2026-08-07
1909,日本ドライケミカル,機械,3705.0,19.557644,3.198805,0.61,16.19,993.5,3694.2,3564.4,58.2,中立,0,,,
190A,Ｃｈｏｒｄｉａ　Ｔｈｅｒａｐｅｕｔｉｃｓ,医薬品,80.0,,2.649182,,-55.63,60.2,79.1,99.9,50.5,中立,1,,,2026-08-03
1911,住友林業,建設業,1347.0,7.7355995,0.66492647,3.71,12.99,8259.4,1349.4,1323.3,51.0,中立,3,,,2026-08-07
1914,日本基礎技術,建設業,720.0,8.032128,0.5328092,4.17,6.96,131.7,702.6,695.4,59.1,中立,0,,,
1921,巴コーポレーション,建設業,1922.0,11.306547,0.88962656,1.25,8.52,645.1,1765.9,1798.9,67.3,中立,1,,,2026-08-07
1925,大和ハウス工業,建設業,4587.0,8.095372,0.98073786,2.01,12.53,28409.4,4610.3,4530.7,49.9,中立,2,,,2026-08-06
1926,ライト工業,建設業,3835.0,13.297042,1.7911304,1.38,15.06,1574.7,3890.0,3949.7,46.2,中立,2,,,2026-08-05
1928,積水ハウス,建設業,3427.0,8.636157,1.028639,4.26,12.64,22215.1,3458.5,3342.2,50.0,中立,0,,,
1929,日特建設,建設業,1135.0,11.3727455,1.2577096,4.41,11.65,474.1,1132.3,1130.8,51.3,ゴールデンクロス,2,,,2026-08-07
192A,インテグループ,サービス業,1208.0,,1.4280547,4.14,,25.9,1215.8,1334.1,41.0,中立,0,,,
1930,北陸電気工事,建設業,1493.0,10.68107,0.8903137,3.22,9.22,410.6,1569.6,1612.1,40.0,中立,0,,,
1934,ユアテック,建設業,2465.0,16.400532,1.0949832,3.16,7.74,1693.1,2389.9,2410.8,59.2,中立,0,,,
1938,日本リーテック,建設業,2374.0,10.587815,0.8492836,4.09,8.35,588.3,2522.3,2676.3,36.4,中立,1,,,2026-08-06
1939,四電工,建設業,2081.0,13.136797,1.3953698,4.04,12.5,985.0,2011.1,1982.0,59.2,中立,0,,,
1941,中電工,建設業,5010.0,14.646982,1.0485259,2.79,7.76,2652.4,5122.4,5021.7,44.7,中立,0,,,
1942,関電工,建設業,5500.0,17.628204,2.839551,2.36,16.86,10945.8,6006.8,6293.5,37.2,中立,1,,,2026-08-07
1944,きんでん,建設業,6971.0,19.875122,2.6487272,2.01,14.6,11466.0,7442.3,7443.2,40.5,デッドクロス,0,,,
1945,東京エネシス,建設業,2047.0,15.862068,0.9361784,3.81,6.09,678.3,2031.2,2145.3,49.5,中立,1,,,2026-08-06
1946,トーエネック,建設業,2063.0,10.754313,1.2344925,3.68,13.85,1915.1,2115.6,2172.5,45.3,中立,1,,,2026-08-06
1948,弘電社,建設業,11450.0,35.335144,4.03418,0.96,13.54,1000.0,11411.2,9991.9,75.2,買われすぎ,0,,,
194A,ＷＯＬＶＥＳ　ＨＡＮＤ,サービス業,1494.0,15.868295,3.3513765,,30.78,112.8,1543.7,1453.3,51.9,中立,0,,,
1950,日本電設工業,建設業,3855.0,12.46403,1.0777034,3.29,9.2,2250.2,4071.0,4378.1,38.0,中立,1,,,2026-08-03
1951,エクシオグループ,建設業,2676.0,17.717161,1.5962254,2.99,9.2,5438.1,2642.8,2764.2,52.4,中立,4,,,2026-08-07
1952,新日本空調,建設業,3020.0,11.305357,1.6602875,3.97,16.0,1372.5,3457.8,3461.3,35.4,デッドクロス,3,,,2026-08-07
1959,クラフティア,建設業,8150.0,14.395732,1.6583033,2.7,12.3,5764.9,8722.2,9051.7,37.9,中立,0,,,
195A,ＭＵＳＣＡＴ　ＧＲＯＵＰ,サービス業,661.0,,2.0826178,,-35.05,22.6,721.5,711.5,39.7,中立,0,,,
1960,サンテック,建設業,1463.0,8.121011,0.67111754,3.76,8.91,224.6,1481.2,1451.0,50.1,中立,0,,,
1961,三機工業,建設業,2350.0,46.087467,2.9560268,2.77,20.8,3589.7,2495.7,2518.2,43.4,中立,4,,,2026-08-07
1963,日揮ホールディングス,建設業,2285.0,13.211911,1.2869252,2.28,10.17,5526.3,2317.5,2482.3,44.1,中立,4,,,2026-08-07
1964,中外炉工業,建設業,3955.0,6.1452165,0.94697315,4.55,13.77,276.1,3979.8,4150.3,48.1,中立,0,,,
1965,テクノ菱和,建設業,6190.0,10.841201,1.9141371,0.97,19.85,1269.2,6086.4,6142.1,53.1,中立,2,,,2026-08-05
1966,高田工業所,建設業,1729.0,10.091047,0.5831091,4.05,5.81,126.4,1744.7,1711.1,49.3,中立,1,,,2026-08-06
1967,ヤマト,建設業,1999.0,10.121007,1.0407529,3.85,10.87,447.5,2014.7,2071.9,47.3,中立,3,,,2026-08-03
1968,太平電業,建設業,2422.0,12.831788,1.2090051,3.1,9.93,1528.4,2472.0,2641.5,43.3,中立,1,,,2026-08-06
1969,高砂熱学工業,建設業,4114.0,14.400728,2.575398,2.99,18.06,5383.7,4550.0,4605.5,36.4,中立,2,,,2026-08-05
196A,ＭＦＳ,その他金融業,290.0,37.613487,1.1306219,,3.72,29.6,275.8,270.9,62.1,中立,1,,,2026-08-04
1972,三晃金属工業,建設業,1304.0,9.501603,1.6797241,4.91,12.16,251.4,1273.0,1249.9,61.2,中立,0,,,
1975,朝日工業社,建設業,3785.0,10.566428,1.917344,3.8,20.39,979.4,4104.2,4003.0,41.5,中立,1,,,2026-08-04
1976,明星工業,建設業,1840.0,15.729184,1.2395581,4.35,8.09,844.6,1889.8,1815.4,44.3,中立,0,,,
1979,大氣社,建設業,4055.0,16.530106,1.5869755,3.4,10.62,2554.6,4504.4,4318.9,33.4,中立,2,,,2026-08-07
197A,タウンズ,医薬品,468.0,13.6244545,3.0548303,5.98,12.44,498.2,471.8,476.2,45.5,中立,0,,,
1980,ダイダン,建設業,2511.0,12.105872,2.4899476,3.42,21.87,3248.7,2642.8,2665.2,45.8,中立,2,,,2026-08-05
1981,協和日成,建設業,1318.0,11.167599,1.2495284,3.95,7.25,128.1,1325.4,1336.7,46.9,中立,1,,,2026-08-06
1982,日比谷総合設備,建設業,2811.0,14.083166,1.5212488,3.56,11.46,1160.0,2907.2,2994.3,44.9,中立,4,,,2026-08-06
198A,ＰｏｓｔＰｒｉｍｅ,情報・通信業,152.0,,2.0185921,,-31.32,18.8,151.3,156.0,50.4,中立,0,,,
1992,神田通信機,建設業,2949.0,18.116476,1.0628693,2.88,5.97,67.5,2961.8,2856.9,48.7,中立,1,,,2026-08-07
1994,高橋カーテンウォール工業,建設業,556.0,23.302597,0.40200773,3.6,4.49,44.1,553.4,556.5,51.6,中立,1,,,2026-08-07
1997,暁飯島工業,建設業,3820.0,7.705807,4.1874623,2.49,13.33,77.2,3951.4,3828.2,43.1,中立,0,,,
2001,ニップン,食料品,2850.0,11.092947,0.8341414,2.39,8.22,2355.8,2822.3,2731.8,54.2,中立,2,,,2026-08-06
2002,日清製粉グループ本社,食料品,2001.0,17.670435,1.0847133,3.25,6.1,5597.8,2030.1,1986.7,48.7,中立,1,,,2026-08-07
2003,日東富士製粉,食料品,1756.0,19.281872,1.278197,3.99,6.72,639.5,1789.6,1753.7,47.0,中立,1,,,2026-08-03
2004,昭和産業,食料品,3540.0,10.840938,0.770578,3.95,7.4,1150.4,3496.8,3296.2,56.4,中立,1,,,2026-08-07
2009,鳥越製粉,食料品,1084.0,22.304527,0.69642985,4.52,3.12,252.5,1082.5,1079.1,53.1,中立,1,,,2026-08-07
2053,中部飼料,食料品,1898.0,9.9611635,0.7268062,4.0,11.21,544.7,1922.1,1813.9,49.1,中立,0,,,
2055,日和産業,食料品,345.0,16.483517,0.32819822,1.74,2.03,62.5,333.6,335.8,67.7,中立,0,,,
205A,ロゴスホールディングス,建設業,1755.0,8.603785,1.7032815,5.06,21.45,68.9,1826.4,1784.9,45.4,中立,1,,,2026-08-04
2060,フィード・ワン,食料品,1273.0,7.634183,0.7789625,4.08,10.94,487.2,1280.0,1214.9,51.5,中立,0,,,
206A,ＰＲＩＳＭ　ＢｉｏＬａｂ,医薬品,160.0,,2.7760427,,-37.11,59.1,152.2,152.9,58.7,中立,0,,,
208A,構造計画研究所ホールディングス,情報・通信業,2967.0,13.263892,2.9448633,4.72,,311.5,2903.2,2877.3,60.9,中立,0,,,
2108,日本甜菜製糖,食料品,5170.0,12.58183,0.8062274,5.03,6.65,608.3,4922.6,4520.7,64.6,中立,0,,,
2109,ＤＭ三井製糖,食料品,3465.0,27.309269,0.9536107,4.04,2.32,1078.2,3386.4,3304.9,58.2,中立,1,,,2026-08-06
2112,塩水港精糖,食料品,445.0,4.429183,0.59439135,3.6,14.86,122.5,446.8,447.6,50.5,中立,1,,,2026-08-07
2114,フジ日本,食料品,627.0,9.987257,1.1528745,3.03,12.42,321.7,633.1,619.8,45.4,中立,1,,,2026-08-07
2117,ウェルネオシュガー,食料品,2769.0,14.001112,1.1743083,4.26,8.59,906.5,2728.0,2651.6,57.0,中立,1,,,2026-08-06
211A,カドス・コーポレーション,建設業,3290.0,,0.7595973,5.47,15.55,33.1,3508.2,3468.4,37.0,中立,0,,,
2120,ＬＩＦＵＬＬ,サービス業,208.0,8.065142,1.3459473,2.5,12.56,266.9,201.4,195.3,64.3,中立,0,,,
2121,ＭＩＸＩ,情報・通信業,3275.0,12.689864,1.1300265,5.8,10.92,2138.9,2986.0,2755.8,66.4,中立,0,,,
2122,インタースペース,サービス業,1401.0,22.817589,1.5312278,2.14,6.81,87.9,1390.9,1307.1,67.8,中立,0,,,
2124,ジェイエイシーリクルートメント,サービス業,926.0,17.488195,7.386903,4.1,49.79,1471.9,912.1,862.4,55.2,中立,0,,,
2127,日本Ｍ＆Ａセンターホールディングス,サービス業,642.4,16.321138,4.2874117,3.89,28.75,2038.5,667.6,655.3,43.1,中立,0,,,
212A,フィットイージー,サービス業,3005.0,26.318094,7.629072,1.5,38.39,501.7,2778.2,2557.1,68.7,中立,1,,,2026-08-03
2130,メンバーズ,サービス業,897.0,9.474018,1.9285055,3.9,19.49,115.0,1049.5,1069.4,30.3,中立,0,,,
2134,北浜キャピタルパートナーズ,サービス業,24.0,,2.511511,,-28.11,132.3,25.4,27.2,39.9,中立,1,,,2026-08-03
2136,ヒップ,サービス業,1410.0,12.59041,2.967228,5.04,12.21,53.7,1465.4,1431.2,40.4,中立,2,,,2026-08-05
2138,クルーズ,情報・通信業,455.0,,0.49729383,,-5.19,43.5,448.2,464.0,53.2,中立,5,,,2026-08-05
2139,中広,サービス業,523.0,18.901337,1.6366355,2.68,9.29,35.6,520.1,506.0,56.5,中立,1,,,2026-08-07
2146,ＵＴグループ,サービス業,183.0,15.681233,3.3880105,6.69,21.03,1038.4,181.0,178.9,55.2,中立,7,,,2026-08-07
2148,アイティメディア,サービス業,1211.0,19.83295,3.3359501,4.13,17.57,236.0,1183.5,1231.1,57.0,中立,2,,,2026-08-03
2152,幼児活動研究会,サービス業,1480.0,13.986014,3.634042,1.76,10.63,159.9,1489.9,1477.3,48.0,中立,0,,,
2153,Ｅ・Ｊホールディングス,サービス業,1744.0,8.54483,0.77854323,4.13,9.07,313.5,1729.4,1650.5,58.1,中立,0,,,
2154,オープンアップグループ,サービス業,1967.0,12.889908,2.1440797,4.32,17.71,1670.9,1981.1,1860.3,50.6,中立,2,,,2026-08-07
2156,セーラー広告,サービス業,274.0,,0.6121086,2.19,-0.18,14.1,267.0,271.4,62.7,中立,0,,,
2157,コシダカホールディングス,サービス業,1025.0,15.293942,2.1775615,2.73,14.51,849.4,1031.9,991.1,50.2,中立,0,,,
2158,ＦＲＯＮＴＥＯ,サービス業,632.0,45.664738,6.445297,,15.39,247.6,632.2,648.7,51.2,中立,0,,,
215A,タイミー,サービス業,1545.0,81.401474,9.65444,,,1540.9,1507.4,1338.3,57.2,中立,2,,,2026-08-03
2160,ジーエヌアイグループ,医薬品,2777.0,,3.0947158,,-21.63,1827.4,2583.2,2734.6,60.8,中立,0,,,
2162,ｎｍｓ　ホールディングス,サービス業,536.0,33.333332,2.0419827,0.56,7.01,102.9,536.0,488.3,66.4,中立,2,,,2026-08-07
2163,アルトナー,サービス業,953.0,16.076248,3.9370565,6.77,27.13,101.0,959.1,933.4,51.5,中立,0,,,
2164,地域新聞社,サービス業,154.0,,11.49168,,-135.31,23.8,163.1,165.9,40.6,中立,2,,,2026-08-06
2168,パソナグループ,サービス業,1599.0,,0.47069907,0.94,-2.43,597.3,1557.4,1557.6,59.6,中立,0,,,
2169,ＣＤＳ,サービス業,1727.0,25.77612,1.3354707,4.28,3.96,117.8,1711.0,1735.7,61.4,中立,1,,,2026-08-07
2170,リンクアンドモチベーション,サービス業,640.0,42.895443,5.5251,2.56,14.34,682.1,605.9,565.3,65.3,中立,1,,,2026-08-03
2173,博展,サービス業,695.0,5.6679173,2.2779417,3.88,44.81,108.8,704.4,734.7,46.3,中立,0,,,
2175,エス・エム・エス,サービス業,2293.0,,6.662289,1.33,-40.27,1882.1,2351.6,2080.9,51.0,中立,0,,,
2179,成学社,サービス業,823.0,7.821707,1.0544847,4.01,14.24,45.7,802.3,783.2,62.5,中立,2,,,2026-08-07
2180,サニーサイドアップグループ,サービス業,1307.0,12.754952,3.361418,1.99,33.24,193.6,1306.9,1248.3,60.1,中立,0,,,
2181,パーソルホールディングス,サービス業,263.3,13.74217,2.675813,4.94,20.13,5873.4,261.3,247.3,54.4,中立,5,,,2026-08-07
2183,リニカル,サービス業,210.0,,1.1932429,3.81,-59.3,47.4,208.9,219.1,52.8,中立,1,,,2026-08-05
2185,シイエム・シイ,サービス業,1900.0,9.525242,1.072233,2.89,11.85,245.5,1893.5,1854.3,57.0,中立,2,,,2026-08-06
2186,ソーバル,サービス業,918.0,15.700358,1.6020691,3.59,10.22,72.2,912.8,906.3,63.4,中立,0,,,
218A,Ｌｉｂｅｒａｗａｒｅ,精密機器,1055.0,,28.414446,,15.33,200.0,1093.1,1169.8,48.7,中立,3,,,2026-08-03
2193,クックパッド,サービス業,124.0,12.970711,0.7341448,,1.65,89.1,118.2,121.7,59.0,中立,2,,,2026-08-07
2195,アミタホールディングス,サービス業,336.0,18.972334,2.0094132,1.49,9.94,59.0,329.0,380.5,51.8,中立,0,,,
2198,アイ・ケイ・ケイホールディングス,サービス業,768.0,9.832288,1.8646027,3.12,20.23,223.5,763.5,767.2,51.5,中立,0,,,
219A,Ｈｅａｒｔｓｅｅｄ,医薬品,1812.0,220.97562,5.7993836,,8.35,414.5,1661.4,1664.5,61.1,中立,0,,,
2201,森永製菓,食料品,2572.5,12.194255,1.5216788,2.72,12.99,2160.1,2666.5,2602.0,43.8,中立,2,,,2026-08-06
2204,中村屋,食料品,3265.0,20.517815,0.7478611,2.3,,186.6,3228.2,3164.3,55.6,中立,2,,,2026-08-07
2206,江崎グリコ,食料品,5079.0,50.922398,1.5463113,1.87,5.45,3113.9,5149.0,5344.6,46.7,中立,3,,,2026-08-05
2207,ｍｅｉｔｏ,食料品,3245.0,17.700321,0.85100335,2.47,5.24,529.0,3177.0,3122.8,60.4,中立,1,,,2026-08-04
2208,ブルボン,食料品,3150.0,12.882909,1.1186692,1.4,9.72,761.4,3135.4,3000.3,55.5,中立,0,,,
2209,井村屋グループ,食料品,2355.0,12.616522,1.2040395,1.61,10.13,301.4,2391.5,2326.8,47.0,中立,1,,,2026-08-07
220A,Ｆａｂｅｒ　Ｃｏｍｐａｎｙ,情報・通信業,943.0,11.036984,1.0900462,3.18,10.02,25.9,938.9,957.4,54.0,中立,0,,,
2211,不二家,食料品,2401.0,55.132034,1.0355574,1.25,2.3,618.9,2437.4,2382.7,47.3,中立,0,,,
2212,山崎製パン,食料品,3544.0,17.147282,1.4802018,1.69,8.94,6978.3,3365.9,3219.4,59.6,中立,0,,,
2215,第一屋製パン,食料品,611.0,13.193694,0.48405892,,5.56,42.3,602.6,601.0,67.0,中立,0,,,
2216,カンロ,食料品,1112.0,13.873986,2.3775518,3.24,16.26,469.1,1169.7,1118.3,45.0,中立,1,,,2026-08-03
2217,モロゾフ,食料品,1497.0,46.942616,1.5105863,0.67,2.86,300.3,1552.7,1513.9,37.1,中立,0,,,
2220,亀田製菓,食料品,1300.0,3.3357282,0.7881592,1.85,4.4,822.2,1260.2,1275.3,59.5,中立,0,,,
2221,岩塚製菓,食料品,3075.0,15.527166,0.45160425,1.04,2.95,315.5,3073.2,3075.9,50.8,中立,0,,,
2222,寿スピリッツ,食料品,2609.0,32.102867,8.897939,1.34,31.39,4029.2,2560.4,2298.6,61.1,中立,5,,,2026-08-03
2224,コモ,食料品,3695.0,166.66667,5.99642,0.19,3.64,128.4,3678.8,3617.0,59.1,中立,0,,,
2226,湖池屋,食料品,4825.0,19.82415,2.407598,1.14,14.86,514.7,4752.8,4698.6,70.5,買われすぎ,1,,,2026-08-04
2229,カルビー,食料品,2986.0,21.334665,1.7494789,2.31,8.45,3630.6,2985.1,2930.8,52.1,中立,0,,,
2264,森永乳業,食料品,1242.0,18.00261,1.4590771,2.01,8.27,4008.9,1240.8,1219.8,52.0,中立,4,,,2026-08-07
2266,六甲バター,食料品,1058.0,13.8645,0.61508876,1.89,5.36,194.5,1090.2,1086.3,44.7,中立,0,,,
2267,ヤクルト本社,食料品,2850.5,18.908789,1.3638403,2.53,8.22,8201.4,2828.7,2761.3,54.6,中立,1,,,2026-08-05
2268,Ｂ－Ｒ　サーティワン　アイスクリーム,食料品,4060.0,23.529411,2.5486312,1.48,11.19,391.2,4078.8,4074.1,43.0,中立,0,,,
2269,明治ホールディングス,食料品,4110.0,31.71541,1.442207,2.68,5.53,11145.0,3812.9,3739.4,64.6,中立,1,,,2026-08-05
2270,雪印メグミルク,食料品,3655.0,6.9653544,0.93160254,2.74,13.38,2198.5,3721.6,3530.1,47.0,中立,3,,,2026-08-07
2281,プリマハム,食料品,2382.0,26.066975,0.98190725,3.36,1.95,1197.2,2428.9,2416.0,46.0,中立,1,,,2026-08-03
2282,日本ハム,食料品,6110.0,16.92146,1.0749867,2.95,6.74,5739.5,6222.5,6180.1,47.8,中立,5,,,2026-08-07
2286,林兼産業,食料品,911.0,5.928288,0.54834855,4.94,10.06,74.4,893.9,876.6,59.2,中立,2,,,2026-08-07
2288,丸大食品,食料品,2146.0,5.3672814,0.6847162,3.73,13.66,516.6,2271.4,2240.4,36.4,中立,1,,,2026-08-06
228A,オプロ,情報・通信業,1582.0,13.448951,2.5766227,,21.74,36.4,1658.8,1631.1,40.6,中立,0,,,
2291,福留ハム,食料品,513.0,5.396024,0.6882349,,14.63,17.1,515.2,525.1,48.7,中立,0,,,
2292,Ｓ　Ｆｏｏｄｓ,食料品,2728.0,9.348549,0.6605663,4.03,7.22,864.0,2746.5,2730.3,49.4,中立,0,,,
2293,滝沢ハム,食料品,2749.0,,1.691686,0.73,-6.75,56.5,2722.4,2691.4,60.7,中立,0,,,
2294,柿安本店,食料品,2556.0,30.14862,1.5798872,3.33,5.31,244.8,2579.6,2580.1,46.7,中立,0,,,
2296,伊藤ハム米久ホールディングス,食料品,4935.0,13.843694,0.9529853,3.14,6.87,2800.6,4886.4,4891.8,53.5,中立,2,,,2026-08-03
2300,きょくとう,サービス業,501.0,48.92578,0.81634516,2.2,7.15,26.4,501.0,498.9,51.5,中立,0,,,
2301,学情,サービス業,1600.0,12.383902,1.4588557,4.69,,213.7,1625.2,1590.8,45.4,中立,1,,,2026-08-03
2303,ドーン,情報・通信業,1319.0,16.895094,2.624797,1.21,16.44,78.4,1267.3,1307.4,58.3,中立,0,,,
2304,ＣＳＳホールディングス,サービス業,933.0,6.9244466,1.3795857,4.29,21.48,46.3,932.7,927.2,50.9,中立,0,,,
2305,スタジオアリス,サービス業,1943.0,28.410587,1.1172279,2.57,3.8,330.0,1945.2,1846.3,52.8,中立,0,,,
2307,クロスキャット,情報・通信業,1013.0,9.384843,2.1304338,3.85,25.49,141.8,994.8,956.5,59.5,中立,1,,,2026-08-05
2311,エプコ,サービス業,785.0,16.53676,1.525273,5.1,10.44,70.3,765.9,778.0,62.1,中立,3,,,2026-08-07
2315,ＣＡＩＣＡ　ＤＩＧＩＴＡＬ,情報・通信業,60.0,,1.7528995,,-7.71,106.4,60.8,62.7,49.0,中立,0,,,
2317,システナ,情報・通信業,422.0,13.333334,3.8011854,4.27,31.03,1508.5,424.8,418.0,49.8,中立,0,,,
2321,ソフトフロントホールディングス,情報・通信業,131.0,,3.7481046,,-6.52,68.1,132.8,147.5,48.8,中立,1,,,2026-08-07
2323,ｆｏｎｆｕｎ,情報・通信業,275.0,13.593673,4.090314,,,57.8,279.6,318.7,46.8,中立,0,,,
2325,ＮＪＳ,サービス業,4475.0,19.52784,1.4099573,2.46,9.68,426.2,4424.2,4674.6,49.2,中立,0,,,
2326,デジタルアーツ,情報・通信業,4575.0,18.43643,3.360511,2.19,20.36,611.5,4078.2,4186.2,75.7,買われすぎ,1,,,2026-08-03
2327,日鉄ソリューションズ,情報・通信業,3783.0,22.449707,2.5049794,2.3,11.68,6922.2,3793.3,3577.9,53.6,中立,0,,,
2329,東北新社,情報・通信業,500.0,9.881423,0.8011729,5.42,8.23,688.0,502.7,536.5,36.8,中立,0,,,
2330,フォーサイド,情報・通信業,73.0,7.177974,1.0222228,,14.8,31.8,75.6,80.7,42.6,中立,2,,,2026-08-07
2331,ＡＬＳＯＫ,サービス業,1151.5,16.807764,1.4509116,2.87,,5597.1,1138.7,1126.9,53.0,中立,5,,,2026-08-05
2332,クエスト,情報・通信業,1725.0,11.3248415,1.1860162,3.54,10.88,88.4,1707.5,1778.8,51.8,中立,0,,,
2334,イオレ,サービス業,520.0,,6.0966315,,-27.68,221.8,524.6,539.2,49.8,中立,0,,,
2335,キューブシステム,情報・通信業,1054.0,10.191453,1.4027187,4.55,14.42,160.0,1071.0,1038.1,45.0,中立,3,,,2026-08-05
2337,いちご,不動産業,399.0,9.975,1.4379363,3.88,15.23,1564.0,425.6,451.9,36.3,中立,1,,,2026-08-05
2338,クオンタムソリューションズ,情報・通信業,130.0,,-15.063731,,,63.9,126.8,119.4,53.5,中立,4,,,2026-08-07
2340,極楽湯ホールディングス,サービス業,511.0,18.011984,3.3054535,1.17,21.28,162.1,500.1,486.1,73.8,買われすぎ,0,,,
2341,アルバイトタイムス,サービス業,164.0,15.876089,1.056524,3.05,8.44,30.0,168.6,169.7,45.6,中立,0,,,
2342,トランスジェニックグループ,サービス業,221.0,,0.77011,,-2.0,36.8,216.6,231.9,54.1,中立,0,,,
2345,ＨＯＤＬ１,情報・通信業,95.0,,7.263552,,-161.88,17.7,102.0,168.5,39.5,中立,1,,,2026-08-06
2349,エヌアイデイ,情報・通信業,2511.0,10.960758,1.1300436,1.19,10.93,274.3,2508.5,2405.0,57.3,中立,1,,,2026-08-07
2351,ＡＳＪ,情報・通信業,313.0,27.797512,0.8365852,0.96,3.03,24.4,332.0,343.7,41.4,中立,0,,,
2353,日本駐車場開発,不動産業,250.0,16.3827,3.9556336,3.6,26.67,780.4,250.6,243.4,51.4,中立,2,,,2026-08-07
2354,ＹＥ　ＤＩＧＩＴＡＬ,情報・通信業,1283.0,19.063892,2.8028524,2.34,16.12,228.7,1119.2,983.2,56.4,中立,0,,,
2359,コア,情報・通信業,2056.0,10.261529,1.4222153,3.16,15.18,295.4,2001.1,2036.5,58.8,中立,0,,,
2370,メディネット,サービス業,25.0,,0.89244276,,-69.34,69.7,24.8,26.2,50.2,中立,1,,,2026-08-03
2371,カカクコム,サービス業,3711.0,39.063156,11.29701,1.35,30.61,7341.7,3645.8,3322.6,73.7,買われすぎ,2,,,2026-08-05
2373,ケア２１,サービス業,403.0,51.534527,1.3086329,4.22,3.84,54.5,403.6,411.8,43.9,中立,0,,,
2375,ギグワークス,サービス業,201.0,23.5363,1.4397662,1.0,6.27,40.0,203.5,206.3,44.4,中立,0,,,
2376,サイネックス,サービス業,762.0,84.76085,0.5303814,1.97,0.62,42.7,790.9,753.8,41.4,中立,1,,,2026-08-07
2378,ルネサンス,サービス業,1042.0,,2.0345163,1.25,-19.32,197.1,1049.4,1015.8,49.5,中立,3,,,2026-08-07
2379,ディップ,サービス業,1835.0,16.123363,2.7270918,5.29,12.05,960.7,1836.0,1791.0,51.9,中立,0,,,
2384,ＳＢＳホールディングス,陸運業,4600.0,15.500219,1.8001406,2.28,17.24,1827.0,4387.6,4438.7,58.1,中立,3,,,2026-08-07
2385,総医研ホールディングス,サービス業,217.0,32.730015,0.9243325,4.61,3.01,56.8,214.0,228.5,50.3,中立,0,,,
2388,ウェッジホールディングス,その他金融業,37.0,,0.5865754,,-20.22,15.7,38.2,43.1,46.4,中立,2,,,2026-08-05
2391,プラネット,サービス業,1175.0,18.279404,1.4491591,3.74,7.5,77.9,1186.7,1185.7,44.1,中立,0,,,
2393,日本ケアサプライ,サービス業,4155.0,28.619646,3.5924604,1.78,13.43,645.7,4148.6,3400.7,53.7,中立,0,,,
2395,新日本科学,サービス業,1470.0,13.401403,1.4192669,3.4,13.66,612.0,1290.2,1242.4,73.7,買われすぎ,4,,,2026-08-05
2404,鉄人化ホールディングス,サービス業,561.0,17.85487,7.0310445,,53.98,75.0,585.4,575.8,32.2,中立,0,,,
2408,ＫＧ情報,サービス業,833.0,12.240998,0.9984346,4.44,8.35,59.7,849.8,816.6,46.0,中立,0,,,
2410,キャリアデザインセンター,サービス業,2807.0,12.814425,2.92118,9.98,24.9,148.4,2878.6,2681.9,42.9,中立,0,,,
2411,ゲンダイエージェンシー,情報・通信業,465.0,11.013738,1.3289169,5.59,10.94,51.3,464.6,457.7,53.8,中立,1,,,2026-08-03
2413,エムスリー,サービス業,1530.0,21.09181,2.5015123,1.44,,10211.7,1858.6,1645.5,33.1,中立,4,,,2026-08-06
2415,ヒューマンホールディングス,サービス業,1631.0,7.6336236,0.8666455,8.34,11.78,169.3,1585.8,1582.8,59.8,中立,1,,,2026-08-07
2418,ツカダ・グローバルホールディング,サービス業,599.0,5.9513164,0.75551564,2.34,13.9,281.8,602.4,596.7,50.5,中立,0,,,
241A,ＲＯＸＸ,情報・通信業,400.0,2.2867596,1.78215,,76.89,29.1,407.0,464.6,37.2,中立,0,,,
2424,ブラス,サービス業,602.0,10.462287,0.73843014,1.33,5.33,32.0,611.9,602.0,44.0,中立,0,,,
2425,ケアサービス,サービス業,680.0,22.405272,0.9053606,3.24,11.74,25.8,666.4,680.5,56.6,中立,2,,,2026-08-05
2428,ウェルネット,サービス業,631.0,11.722088,1.3281219,4.68,11.31,119.6,636.8,615.2,48.9,中立,0,,,
2429,ワールドホールディングス,サービス業,2690.0,7.2856293,0.9928386,5.06,13.36,474.8,2638.5,2509.6,58.6,中立,2,,,2026-08-07
2432,ディー・エヌ・エー,情報・通信業,2462.0,14.4044,1.1365472,2.68,7.47,2305.4,2491.3,2574.5,47.5,中立,3,,,2026-08-05
2433,博報堂ＤＹホールディングス,サービス業,1242.0,26.964828,1.1459383,2.58,4.32,4459.2,1250.6,1159.4,50.4,中立,3,,,2026-08-07
2435,シダー,サービス業,215.0,4.605827,1.2309842,3.72,30.27,24.1,210.2,209.8,60.3,中立,0,,,
2436,共同ピーアール,サービス業,611.0,12.618753,2.3824008,1.31,23.75,106.3,609.9,545.4,56.1,中立,1,,,2026-08-03
2437,Ｓｈｉｎｗａ　Ｗｉｓｅ　Ｈｏｌｄｉｎｇｓ,サービス業,674.0,,3.5211082,,-10.64,74.3,612.7,510.1,65.4,中立,0,,,
2438,アスカネット,サービス業,334.0,17.634636,0.9388088,2.1,5.45,50.1,345.1,336.2,48.3,中立,0,,,
2440,ぐるなび,サービス業,121.0,28.94737,1.314603,,,68.2,123.4,126.9,47.3,中立,2,,,2026-08-03
2445,タカミヤ,サービス業,418.0,11.037761,0.815255,4.78,7.55,191.6,411.4,399.1,56.5,中立,2,,,2026-08-06
2449,プラップジャパン,サービス業,1081.0,10.193305,0.86509764,3.79,8.91,48.2,1073.3,1063.2,53.8,中立,0,,,
244A,グロースエクスパートナーズ,情報・通信業,1183.0,8.514466,1.0651065,,12.67,39.7,1180.8,1136.1,53.0,中立,0,,,
2454,オールアバウト,サービス業,343.0,,1.352577,0.29,-10.65,48.3,340.2,349.9,49.7,中立,0,,,
2459,アウンコンサルティング,サービス業,173.0,,4.2417555,,-13.15,13.0,167.3,180.2,52.8,中立,0,,,
245A,ＩＮＧＳ,小売業,2481.0,17.57331,2.7570128,,17.02,62.6,2451.6,2434.6,58.1,中立,1,,,2026-08-07
2461,ファンコミュニケーションズ,サービス業,401.0,20.324379,1.6269927,5.24,6.14,263.3,403.0,410.6,46.5,中立,0,,,
2462,ライク,サービス業,1519.0,12.5164795,1.5336431,3.95,12.65,291.5,1513.9,1506.2,54.6,中立,0,,,
2464,Ａｏｂａ‐ＢＢＴ,サービス業,327.0,15.083026,0.883865,3.36,5.93,41.4,326.0,326.3,50.6,中立,2,,,2026-08-07
2469,ヒビノ,サービス業,2686.0,8.723612,1.8964694,1.68,23.45,266.3,2744.2,2870.8,43.8,中立,1,,,2026-08-07
246A,アスア,サービス業,1085.0,24.553066,2.7371688,0.65,9.53,27.7,1068.5,1042.5,57.9,中立,0,,,
2471,エスプール,サービス業,276.0,16.399286,2.2191312,3.62,13.95,215.6,269.7,251.4,61.6,中立,0,,,
2475,ＷＤＢホールディングス,サービス業,1785.0,12.597925,1.0441741,6.33,8.82,342.4,1799.5,1724.3,48.6,中立,2,,,2026-08-07
2477,手間いらず,情報・通信業,2394.0,13.698788,8.705455,1.67,6.31,141.9,2351.8,2308.2,57.3,中立,4,,,2026-08-07
2479,ジェイテック,サービス業,237.0,12.908496,1.3696334,4.22,12.5,19.0,238.3,235.4,49.9,中立,0,,,
247A,Ａｉロボティクス,化学,827.0,20.384521,8.872153,,56.73,537.1,816.6,877.7,52.4,中立,0,,,
2480,システム・ロケーション,情報・通信業,1700.0,20.211628,1.4831218,2.24,7.67,60.0,1706.1,1700.6,47.4,中立,1,,,2026-08-07
2481,タウンニュース社,サービス業,648.0,9.351998,0.6450348,3.09,8.09,35.8,638.8,646.7,62.4,中立,0,,,
2483,翻訳センター,サービス業,2227.0,16.17284,1.0644425,6.29,6.7,74.8,2316.9,2113.7,45.3,中立,2,,,2026-08-07
2484,出前館,情報・通信業,145.0,,0.72376597,,-31.05,161.5,130.7,123.4,66.8,中立,0,,,
2485,ティア,サービス業,473.0,27.168295,1.1771293,4.23,4.34,106.4,471.9,469.3,52.4,中立,0,,,
2488,ＪＴＰ,サービス業,1373.0,11.380025,2.6224263,3.64,11.05,74.9,1380.3,1338.4,49.1,中立,1,,,2026-08-04
2489,アドウェイズ,サービス業,311.0,48.142414,0.8724192,2.11,3.43,121.5,309.6,288.6,53.6,中立,0,,,
248A,キッズスター,情報・通信業,839.0,13.838034,0.9157549,,6.96,22.0,837.1,886.5,48.0,中立,0,,,
2491,バリューコマース,サービス業,464.0,,0.82576525,3.45,3.89,100.6,459.4,461.7,52.2,中立,0,,,
2492,インフォマート,サービス業,585.0,62.500004,5.1903577,1.12,10.78,1559.1,519.8,433.7,68.7,中立,0,,,
2493,イーサポートリンク,サービス業,943.0,23.80712,1.1224813,0.53,4.96,41.7,944.0,951.4,52.3,中立,0,,,
2497,ユナイテッド,サービス業,516.0,,1.1624187,4.26,-5.86,193.2,519.3,505.5,50.1,中立,2,,,2026-08-03
2498,オリエンタルコンサルタンツホールディングス,サービス業,3175.0,8.597114,1.2373223,3.94,15.75,377.8,3151.6,3053.0,55.3,中立,0,,,
2499,日本和装ホールディングス,サービス業,289.0,11.324451,0.72756386,6.92,6.03,26.2,291.5,289.1,47.2,中立,0,,,
2501,サッポロビール,食料品,1960.0,50.882656,3.5551748,2.04,,7640.9,2003.4,1813.2,49.2,中立,4,,,2026-08-07
2502,アサヒグループホールディングス,食料品,1694.5,20.847687,0.82531804,3.66,4.32,24788.3,1640.4,1554.0,58.8,中立,1,,,2026-08-05
2503,キリンホールディングス,食料品,3038.0,16.686808,1.8603604,2.5,12.19,24253.5,2913.3,2721.5,60.5,中立,3,,,2026-08-07
250A,シマダヤ,食料品,1649.0,9.634824,1.2777716,3.27,14.22,235.9,1662.6,1644.7,49.2,中立,0,,,
2531,宝ホールディングス,食料品,2060.0,34.049587,1.5320542,1.5,2.77,3943.8,2129.6,2068.6,43.9,中立,1,,,2026-08-07
2533,オエノンホールディングス,食料品,447.0,8.170353,0.94548744,2.68,13.43,249.0,493.6,477.0,32.5,中立,1,,,2026-08-06
253A,ＥＴＳグループ,建設業,1021.0,9.689665,1.7239255,2.25,19.23,65.0,1112.1,1134.3,38.3,中立,3,,,2026-08-07
254A,ＡＩフュージョンキャピタルグループ,証券、商品先物取引業,1177.0,,2.455311,,-3.09,102.4,1212.2,1058.8,49.8,中立,0,,,
255A,ジーエルテクノホールディングス,精密機器,5520.0,13.453242,1.4521416,2.28,11.41,709.1,5809.2,5899.8,45.6,中立,2,,,2026-08-07
256A,飛島ホールディングス,建設業,2023.0,7.9957314,0.7131858,5.44,9.23,387.5,2043.5,2003.4,48.0,中立,1,,,2026-08-07
2573,北海道コカ・コーラボトリング,食料品,4000.0,32.573288,1.2563912,0.75,3.96,544.3,3992.4,4108.1,48.1,中立,1,,,2026-08-06
2579,コカ・コーラ　ボトラーズジャパンホールディングス,食料品,4004.0,36.24185,1.7805923,1.8,5.37,6505.3,4208.7,3814.3,46.6,中立,1,,,2026-08-04
2585,ライフドリンク　カンパニー,食料品,1513.0,22.796444,4.7730064,0.99,22.56,785.1,1486.4,1528.3,52.3,中立,0,,,
2586,フルッタフルッタ,食料品,93.0,119.230774,1.3451164,,1.65,105.3,97.4,99.5,44.1,中立,1,,,2026-08-03
2587,サントリービバレッジ＆フード,食料品,4650.0,16.187426,1.0925739,2.58,8.1,14368.5,4646.3,4416.8,52.9,中立,4,,,2026-08-07
2588,プレミアムウォーターホールディングス,食料品,3730.0,13.191866,3.5533285,3.22,29.57,1139.6,3787.4,3592.1,50.0,中立,0,,,
2590,ダイドーグループホールディングス,食料品,2944.0,,1.4237767,1.02,-35.98,933.2,2890.2,2674.2,56.3,中立,0,,,
2593,伊藤園,食料品,2970.5,98.75333,1.9424121,1.75,2.12,3422.9,3006.9,2914.9,49.7,中立,0,,,
25935,伊藤園第１種優先株式,食料品,1783.0,59.29498,1.165905,3.7,2.12,2054.6,1781.3,1783.2,51.7,中立,0,,,
2594,キーコーヒー,食料品,1984.0,43.00889,1.3202498,0.6,4.12,425.0,1985.5,1963.8,51.5,中立,0,,,
2597,ユニカフェ,食料品,1178.0,23.400873,2.196323,0.85,10.97,157.7,1145.6,1101.6,73.6,買われすぎ,0,,,
2602,日清オイリオグループ,食料品,1924.0,7.5611095,0.83716744,3.12,11.66,1759.9,1910.8,1830.5,54.2,中立,2,,,2026-08-07
2607,不二製油,食料品,4106.0,31.701666,1.4700433,1.51,5.01,3530.4,3990.8,3716.1,58.6,中立,1,,,2026-08-07
2612,かどや製油,食料品,1742.0,17.642294,1.2989532,2.7,7.95,481.0,1798.0,1661.1,45.2,中立,2,,,2026-08-03
2613,Ｊ－オイルミルズ,食料品,2068.0,14.408137,0.6193519,3.87,4.4,684.8,2085.5,2026.7,50.1,中立,2,,,2026-08-07
261A,日水コン,サービス業,2004.0,13.800702,1.5533319,3.69,11.54,234.5,2009.2,2083.2,47.2,中立,0,,,
262A,インターメスティック,小売業,1862.0,14.208317,2.1849587,2.74,17.11,569.8,1927.2,2008.6,42.7,中立,3,,,2026-08-07
264A,Ｓｃｈｏｏ,サービス業,333.0,41.11111,2.2853298,,,40.9,296.7,307.1,63.4,中立,0,,,
2652,まんだらけ,小売業,449.0,10.151481,4.8189406,0.22,9.16,145.5,438.2,389.5,57.8,中立,0,,,
2653,イオン九州,小売業,2842.0,16.270681,1.6224211,1.76,9.52,971.4,2827.1,2814.8,57.3,中立,0,,,
2654,アスモ,小売業,410.0,11.846287,0.7928251,2.44,7.04,55.2,402.9,397.3,66.6,中立,0,,,
2656,ベクターホールディングス,小売業,166.0,,4.5880437,,-83.18,52.9,162.2,174.7,51.7,中立,0,,,
2659,サンエー,小売業,3355.0,19.417757,1.3735358,3.28,7.75,2023.5,3241.4,3210.8,61.6,中立,1,,,2026-08-03
265A,Ｈｍｃｏｍｍ,情報・通信業,658.0,149.20636,1.6029193,,1.09,26.5,690.5,664.5,48.0,中立,0,,,
2664,カワチ薬品,小売業,3645.0,25.432596,0.7089404,2.74,2.85,814.1,3411.0,3290.9,65.8,中立,1,,,2026-08-03
2666,オートウェーブ,小売業,189.0,6.182532,0.79119223,2.12,4.0,27.3,183.1,169.4,61.9,中立,0,,,
2667,イメージ　ワン,卸売業,115.0,,1.0273452,,-54.61,17.4,123.3,164.9,35.6,中立,0,,,
2668,タビオ,卸売業,1265.0,15.082866,1.5850164,2.37,10.72,86.0,1260.9,1258.9,54.5,中立,0,,,
2669,カネ美食品,小売業,4005.0,21.184872,1.5917517,0.95,4.17,379.1,4001.6,3866.7,58.4,中立,1,,,2026-08-06
2670,エービーシー・マート,小売業,2792.0,14.917717,1.7225467,2.87,12.38,6913.5,2731.0,2712.8,55.8,中立,1,,,2026-08-04
2673,夢みつけ隊,小売業,109.0,7.1148825,0.38103625,,5.79,11.0,102.0,102.5,56.5,中立,0,,,
2674,ハードオフコーポレーション,小売業,2822.0,15.583412,1.9421659,3.26,13.05,392.6,2805.1,2510.6,52.1,中立,3,,,2026-08-06
2676,高千穂交易,卸売業,2059.0,Infinity,2.1860394,3.69,9.49,384.6,2086.8,2066.3,45.9,中立,2,,,2026-08-05
2678,アスクル,小売業,1258.0,,2.3563435,1.59,-32.92,1126.3,1256.7,1209.4,53.4,中立,2,,,2026-08-06
2681,ゲオホールディングス,小売業,2319.0,10.571663,0.940754,1.47,9.36,922.6,2061.1,2019.5,69.4,中立,2,,,2026-08-06
2683,魚喜,小売業,1009.0,82.84072,2.820571,0.99,5.33,25.4,1010.1,1004.8,49.7,中立,0,,,
2685,アンドエスティＨＤ,小売業,3470.0,16.85939,1.9238722,2.59,11.17,1600.6,3475.4,3320.2,52.6,中立,1,,,2026-08-04
2687,シー・ヴイ・エス・ベイエリア,サービス業,502.0,,0.7819656,3.98,-29.08,24.8,493.1,488.4,66.8,中立,0,,,
2689,オルバヘルスケアホールディングス,卸売業,1906.0,9.16214,0.899348,4.2,11.25,113.0,1925.3,1952.3,43.6,中立,0,,,
268A,リガク・ホールディングス,精密機器,2171.0,51.010338,5.6215124,0.88,11.64,4915.6,2234.9,2533.5,46.6,中立,2,,,2026-08-07
2693,ＹＫＴ,卸売業,325.0,67.70833,0.46434543,1.54,4.3,37.7,356.6,344.1,43.6,中立,1,,,2026-08-07
2694,焼肉坂井ホールディングス,小売業,72.0,,2.72325,0.69,-6.44,169.7,71.2,70.4,56.9,中立,0,,,
2695,くら寿司,小売業,1660.0,37.864964,1.9559326,0.9,4.18,1319.5,1626.5,1615.4,56.3,中立,0,,,
2698,キャンドゥ,小売業,3630.0,130.57555,5.397681,0.47,4.55,580.8,3549.8,3358.5,66.3,中立,0,,,
269A,Ｓａｐｅｅｔ,情報・通信業,2520.0,22.27132,6.2741976,,33.65,41.3,2384.7,2380.2,58.9,ゴールデンクロス,0,,,
2700,木徳神糧,卸売業,1691.0,2.5038128,0.67246825,2.96,26.89,138.3,1736.6,1764.6,41.7,中立,2,,,2026-08-06
2702,日本マクドナルドホールディングス,小売業,8060.0,31.584309,3.7731538,0.79,13.86,10716.5,7808.8,7764.1,59.1,中立,3,,,2026-08-07
2705,大戸屋ホールディングス,小売業,8530.0,50.144024,15.067716,0.23,28.1,619.1,8192.0,7605.1,62.1,中立,1,,,2026-08-05
2708,久世,卸売業,2009.0,5.28281,0.9616337,2.24,20.0,92.9,1998.1,1916.8,62.9,中立,0,,,
2721,ジェイホールディングス,卸売業,122.0,,8.656779,,-246.81,12.6,133.3,121.5,42.3,中立,3,,,2026-08-07
2722,ＩＫホールディングス,小売業,358.0,12.614517,1.0608131,2.51,8.67,27.1,356.6,363.5,52.7,中立,1,,,2026-08-06
2726,パルグループホールディングス,小売業,1490.0,14.603548,3.1610255,2.68,22.84,2581.6,1468.0,1449.9,54.4,中立,1,,,2026-08-03
2730,エディオン,小売業,2548.0,17.442497,1.1492714,1.96,8.6,2694.2,2414.6,2332.0,60.5,中立,1,,,2026-08-05
2733,あらた,卸売業,2583.0,8.5334835,0.6966224,4.34,8.42,864.7,2575.8,2584.8,52.0,中立,2,,,2026-08-07
2734,サーラコーポレーション,小売業,1156.0,9.983591,0.7670732,3.11,8.23,731.3,1142.6,1056.0,59.3,中立,1,,,2026-08-06
2735,ワッツ,小売業,677.0,10.809516,0.6594802,2.22,8.24,89.9,666.4,626.4,60.2,中立,1,,,2026-08-06
2736,フェスタリアホールディングス,小売業,665.0,17.799786,1.392093,1.05,4.81,23.8,674.5,666.4,46.1,中立,0,,,
2737,トーメンデバイス,卸売業,28800.0,19.535622,2.7777355,11.39,39.27,1958.6,19030.8,16504.0,68.6,中立,0,,,
2742,ハローズ,小売業,3775.0,9.008686,1.0204724,1.91,11.71,805.9,3786.6,3832.1,49.4,中立,0,,,
2747,北雄ラッキー,小売業,3185.0,37.173203,1.0162865,1.57,6.05,40.3,3101.2,3071.3,70.9,買われすぎ,0,,,
2749,ＪＰホールディングス,サービス業,618.0,12.345185,2.307994,2.18,20.19,529.2,621.8,619.8,49.6,中立,0,,,
274A,ガーデン,小売業,2337.0,28.84473,2.248417,3.85,5.5,167.1,2290.2,2250.6,69.7,中立,0,,,
2750,石光商事,卸売業,1275.0,7.818728,0.7362197,3.92,10.26,99.1,1286.2,1254.8,48.6,中立,0,,,
2751,テンポスホールディングス,卸売業,3745.0,23.833767,2.529146,0.24,11.03,450.9,3771.8,3680.0,46.9,中立,0,,,
2752,フジオフードグループ本社,小売業,1089.0,633.1395,6.371849,0.28,0.83,558.3,1101.0,1119.5,44.9,中立,0,,,
2753,あみやき亭,小売業,1365.0,22.098106,1.2478299,2.49,5.89,280.4,1340.8,1336.9,56.9,中立,0,,,
2760,東京エレクトロン　デバイス,卸売業,4400.0,16.543219,2.428126,3.14,18.18,1295.8,3924.0,3920.2,62.2,ゴールデンクロス,0,,,
2762,ＳＡＮＫＯ　ＭＡＲＫＥＴＩＮＧ　ＦＯＯＤＳ,小売業,79.0,,16.887558,,-304.05,32.0,83.6,91.3,20.3,売られすぎ,1,,,2026-08-03
2764,ひらまつ,小売業,147.0,47.266884,1.6983029,0.83,3.65,103.9,143.8,142.7,57.9,中立,0,,,
2767,円谷フィールズホールディングス,卸売業,2508.0,11.990248,2.5473177,2.79,20.09,1561.3,1786.8,1528.8,86.7,買われすぎ,0,,,
2768,双日,卸売業,5668.0,11.456985,1.0302248,3.18,10.73,11792.9,5293.4,5428.0,64.8,中立,0,,,
2769,ヴィレッジヴァンガードコーポレーション,小売業,896.0,12.207085,2.713885,,32.99,70.3,887.8,871.4,63.4,中立,0,,,
276A,ククレブ・アドバイザーズ,不動産業,3400.0,107.799614,3.5682464,0.88,13.33,172.0,3496.2,3186.5,49.8,中立,0,,,
2776,新都ホールディングス,卸売業,90.0,41.2844,1.4407377,,15.28,48.0,93.7,102.7,40.9,中立,0,,,
2778,パレモ・ホールディングス,小売業,110.0,74.82993,0.837336,,3.62,13.0,111.0,113.0,47.3,中立,1,,,2026-08-04
277A,グロービング,サービス業,1636.0,16.900826,5.79893,2.62,43.86,465.2,1842.3,2141.5,34.1,中立,0,,,
2780,コメ兵ホールディングス,小売業,5200.0,10.404994,1.5297955,2.08,15.5,571.4,5159.8,5210.7,53.7,中立,0,,,
2782,セリア,小売業,4160.0,19.00498,2.7566283,1.92,15.88,2607.1,3798.6,3666.1,64.9,中立,1,,,2026-08-05
2784,アルフレッサ　ホールディングス,卸売業,2200.0,9.580213,0.8100261,3.27,8.17,3859.0,2279.3,2260.3,42.0,中立,1,,,2026-08-05
2788,アップルインターナショナル,卸売業,405.0,6.631734,0.49505857,2.47,10.77,52.3,388.4,369.3,68.9,中立,1,,,2026-08-07
2789,カルラ,小売業,479.0,11.5006,1.2694829,1.04,8.33,27.6,469.3,462.9,73.4,買われすぎ,1,,,2026-08-04
278A,Ｔｅｒｒａ　Ｄｒｏｎｅ,精密機器,12070.0,,26.013716,,-51.78,1176.3,11737.2,10144.3,52.2,中立,1,,,2026-08-03
2790,ナフコ,小売業,2188.0,242.57205,0.3518753,2.65,0.14,537.9,2218.7,2163.0,47.8,中立,1,,,2026-08-07
2791,大黒天物産,小売業,4410.0,16.629585,0.9681567,0.88,5.9,591.4,4495.8,4405.6,48.0,中立,0,,,
2792,ハニーズホールディングス,小売業,1406.0,13.776211,0.7985202,3.91,6.07,392.0,1415.0,1406.7,48.0,中立,0,,,
2795,日本プリメックス,卸売業,989.0,11.475981,0.6120951,2.53,5.54,51.2,975.3,932.7,74.8,買われすぎ,1,,,2026-08-07
2796,ファーマライズホールディングス,小売業,491.0,49.14915,0.8256931,2.85,1.57,56.5,489.4,499.9,49.7,中立,0,,,
2798,ワイズテーブルコーポレーション,小売業,3045.0,49.018032,7.888928,,41.9,100.4,3020.3,2998.7,69.7,中立,0,,,
2801,キッコーマン,食料品,1760.0,26.65859,2.8398044,1.42,12.09,16307.1,1652.8,1542.2,61.8,中立,2,,,2026-08-05
2802,味の素,食料品,5196.0,37.594963,6.460766,0.96,18.49,49599.0,5342.4,5282.7,48.1,中立,4,,,2026-08-06
2804,ブルドックソース,食料品,1797.0,9.445963,0.89200044,2.78,5.26,226.6,1805.0,1774.2,50.5,中立,1,,,2026-08-07
2805,ヱスビー食品,食料品,6890.0,19.812513,1.6865231,0.87,10.86,1665.7,6150.4,5399.3,72.5,買われすぎ,0,,,
2806,ユタカフーズ,食料品,1875.0,63.732155,0.566645,2.13,0.37,130.3,1879.8,1938.8,46.1,中立,0,,,
2809,キユーピー,食料品,4646.0,25.644423,1.9472916,1.42,8.18,6306.7,4548.4,4244.5,56.6,中立,1,,,2026-08-03
280A,ＴＭＨ,卸売業,1026.0,275.06702,2.7425234,,2.77,38.3,1318.0,1727.4,36.9,中立,0,,,
2810,ハウス食品グループ本社,食料品,3763.0,47.30358,1.171638,2.66,3.84,3385.2,3873.9,3558.8,47.3,中立,4,,,2026-08-05
2811,カゴメ,食料品,2641.5,18.06895,1.2381308,2.2,7.2,2388.1,2693.7,2622.0,47.8,中立,0,,,
2813,和弘食品,食料品,3955.0,8.559124,0.95667976,5.31,12.22,98.7,3994.4,3951.3,44.6,中立,2,,,2026-08-07
2814,佐藤食品工業,食料品,3145.0,16.153885,0.87688094,1.78,3.73,112.8,3105.2,3090.6,56.8,中立,1,,,2026-08-07
2815,アリアケジャパン,食料品,5280.0,17.766413,1.2613202,4.55,7.28,1681.6,5279.2,5268.7,50.4,ゴールデンクロス,2,,,2026-08-07
2816,ダイショー,食料品,1412.0,29.940628,2.1011279,1.42,9.38,136.3,1409.6,1404.5,54.3,中立,1,,,2026-08-03
2818,ピエトロ,食料品,1757.0,,1.9601302,1.37,-0.51,121.7,1755.2,1737.7,54.1,中立,1,,,2026-08-07
2819,エバラ食品工業,食料品,2499.0,13.681156,0.6750203,2.0,5.08,243.4,2479.0,2445.5,54.5,中立,3,,,2026-08-07
281A,インフォメティス,情報・通信業,450.0,,2.7145717,,-66.06,26.9,487.5,641.9,39.7,中立,1,,,2026-08-03
2820,やまみ,食料品,5080.0,19.30311,3.1238298,1.61,15.59,353.9,4924.4,4554.8,59.4,中立,0,,,
2831,はごろもフーズ,食料品,3640.0,12.988867,0.6897238,1.92,5.79,342.5,3563.0,3506.0,60.3,中立,0,,,
285A,キオクシアホールディングス,電気機器,47730.0,47.308014,10.879059,,87.11,261198.8,60250.4,64027.2,40.5,中立,1,,,2026-08-03
286A,ユカリア,サービス業,818.0,10.655205,1.3976551,,13.69,292.8,795.7,753.6,64.7,中立,1,,,2026-08-03
2871,ニチレイ,食料品,2226.5,20.426605,1.9487045,2.25,9.94,5580.0,2166.4,2024.7,55.7,中立,2,,,2026-08-07
2872,セイヒョー,食料品,1995.0,244.4853,1.952391,0.9,-4.55,28.0,2001.3,2089.5,42.9,中立,0,,,
2874,横浜冷凍,卸売業,2117.0,39.636772,1.4591205,1.32,3.85,1252.2,2133.0,2055.1,50.4,中立,0,,,
2875,東洋水産,食料品,10690.0,14.990675,1.9338757,2.06,14.11,10364.2,10685.2,10552.4,52.2,中立,1,,,2026-08-03
2876,デルソーレ,食料品,475.0,19.957983,1.1213303,2.53,7.06,42.3,470.6,459.8,54.5,中立,0,,,
2877,日東ベスト,食料品,739.0,17.359644,0.53406835,1.62,3.28,89.4,744.3,739.4,46.1,中立,0,,,
287A,黒田グループ,卸売業,1141.0,13.845407,1.1773313,5.52,8.84,484.4,1103.9,1044.8,63.4,中立,2,,,2026-08-07
2882,イートアンドホールディングス,食料品,2057.0,62.560825,2.047194,0.73,4.48,233.6,2045.0,2008.4,55.7,中立,1,,,2026-08-03
2883,大冷,食料品,2000.0,24.271845,1.3775623,3.0,5.0,117.2,1995.9,1982.6,60.7,中立,0,,,
2884,ヨシムラ・フード・ホールディングス,食料品,637.0,16.554054,1.1661562,,8.8,152.1,631.0,641.6,53.3,中立,0,,,
288A,ラクサス・テクノロジーズ,サービス業,95.0,25.132275,0.7953718,,3.25,24.6,94.6,99.7,49.3,中立,0,,,
2892,日本食品化工,食料品,4315.0,18.099833,0.6825299,3.48,4.28,206.1,4374.4,4111.9,48.8,中立,1,,,2026-08-05
2894,石井食品,食料品,343.0,,1.4951072,1.17,-3.23,57.1,332.8,330.0,67.6,中立,0,,,
2897,日清食品ホールディングス,食料品,2938.5,18.795574,1.6037588,2.38,9.62,8435.2,2909.4,2782.3,53.0,中立,4,,,2026-08-04
2901,ウェルディッシュ,食料品,183.0,8.402204,0.8743932,2.19,,52.3,184.9,189.5,45.2,中立,1,,,2026-08-04
2903,シノブフーズ,食料品,1578.0,10.542491,1.1386473,2.15,11.22,168.2,1636.5,1537.6,41.8,中立,2,,,2026-08-07
2904,一正蒲鉾,食料品,757.0,34.550434,0.90770435,1.85,2.9,138.7,759.4,757.8,43.8,中立,5,,,2026-08-07
2907,あじかん,食料品,1523.0,10.421514,0.6229011,3.81,8.08,114.0,1548.0,1433.9,50.7,中立,2,,,2026-08-03
2908,フジッコ,食料品,1559.0,31.068155,0.64269817,2.95,2.27,443.9,1555.4,1519.3,52.8,中立,0,,,
290A,Ｓｙｎｓｐｅｃｔｉｖｅ,情報・通信業,1353.0,,4.783319,,-3.17,1784.3,1202.4,1372.2,59.6,中立,0,,,
2910,ロック・フィールド,食料品,1367.0,361.64023,1.2489243,2.19,0.31,357.3,1360.1,1309.7,54.6,中立,0,,,
2911,旭松食品,食料品,2263.0,18.205954,0.5007242,1.55,2.79,41.1,2266.2,2252.2,48.7,中立,2,,,2026-08-07
2914,日本たばこ産業,食料品,7108.0,21.197031,2.8720863,3.83,13.97,126192.4,6483.5,6111.6,70.1,買われすぎ,0,,,
2915,ケンコーマヨネーズ,食料品,2033.0,10.216081,0.70424634,3.44,7.18,292.7,2050.0,2011.1,50.2,中立,1,,,2026-08-07
2916,仙波糖化工業,食料品,733.0,15.038981,0.6542908,2.05,4.52,83.4,740.6,722.6,48.5,中立,2,,,2026-08-07
2917,大森屋,食料品,934.0,51.2905,0.39951935,1.07,0.78,46.4,933.9,923.1,50.3,中立,0,,,
2918,わらべや日洋ホールディングス,食料品,2769.0,9.009566,0.8055127,4.33,8.33,479.5,2720.2,2680.6,56.8,中立,0,,,
291A,リスキル,サービス業,1775.0,6.071697,1.9185063,,36.48,36.1,1754.8,1958.1,51.5,中立,0,,,
2922,なとり,食料品,1952.0,18.28914,0.88741356,1.54,4.98,245.6,1975.1,1918.6,47.8,中立,1,,,2026-08-05
2923,サトウ食品,食料品,8310.0,14.974592,1.6860054,0.9,11.83,419.1,8416.8,7665.4,50.9,中立,0,,,
2924,イフジ産業,食料品,1937.0,7.8813524,1.2416093,3.56,14.5,157.9,2050.8,2048.7,27.0,売られすぎ,1,,,2026-08-03
2926,篠崎屋,食料品,113.0,24.618736,1.199741,5.31,10.06,16.0,110.8,103.3,53.8,中立,1,,,2026-08-06
2927,ＡＦＣ－ＨＤアムスライフサイエンス,食料品,867.0,9.02373,0.78176636,4.15,7.47,126.2,860.8,849.9,60.0,中立,0,,,
2929,ファーマフーズ,食料品,574.0,,1.6533686,4.36,4.23,166.7,576.2,591.0,51.7,中立,0,,,
2930,北の達人コーポレーション,化学,119.0,23.847696,2.148441,2.94,5.83,165.9,121.7,123.2,47.0,中立,0,,,
2931,ユーグレナ,食料品,340.0,,1.441796,0.59,3.32,473.5,343.2,356.3,48.7,中立,2,,,2026-08-07
2932,ＳＴＩフードホールディングス,食料品,1070.0,7.8543644,1.908768,3.74,25.61,190.2,1089.8,1063.4,44.8,中立,2,,,2026-08-07
2933,紀文食品,食料品,1118.0,23.204649,0.9924016,2.06,5.17,255.2,1086.6,1056.5,63.4,中立,0,,,
2934,ジェイフロンティア,食料品,1986.0,,8.623048,,-15.56,105.9,1773.7,1656.2,73.8,買われすぎ,1,,,2026-08-03
2935,ピックルスホールディングス,食料品,1139.0,10.632935,0.7072891,2.55,7.24,142.7,1152.1,1118.5,48.7,中立,0,,,
2936,ベースフード,食料品,279.0,56.938774,13.089374,,12.97,149.0,271.1,289.3,57.0,中立,0,,,
2937,サンクゼール,食料品,1740.0,26.122204,3.2881308,2.01,13.07,161.9,1708.3,1690.1,63.3,中立,3,,,2026-08-07
2938,オカムラ食品工業,食料品,1235.0,26.801214,3.2599514,0.65,14.63,620.6,1249.2,1334.6,40.4,中立,2,,,2026-08-07
2961,日本調理機,金属製品,1566.0,12.329738,0.22795643,5.75,7.59,69.8,1587.9,1395.5,53.0,中立,1,,,2026-08-07
2962,テクニスコ,金属製品,1250.0,,7.2250996,,-86.94,114.9,1284.9,1200.6,49.0,中立,0,,,
296A,令和アカウンティング・ホールディングス,サービス業,873.0,23.070824,14.486501,3.78,65.71,326.5,828.1,784.5,59.6,中立,0,,,
2970,ＧＬＣ　ＧＲＯＵＰ,不動産業,980.0,10.25641,2.7567816,,21.59,162.5,948.7,1057.0,51.2,中立,3,,,2026-08-07
2975,スター・マイカ・ホールディングス,不動産業,1550.0,8.705909,1.5660647,3.29,19.59,588.0,1524.3,1553.2,53.6,中立,0,,,
2978,ツクルバ,不動産業,343.0,56.976746,2.00491,,1.11,40.2,347.0,372.8,42.0,中立,0,,,
297A,アルピコホールディングス,小売業,213.0,7.776561,0.9476606,2.35,13.26,147.0,216.8,216.3,42.7,中立,2,,,2026-08-05
2980,ＳＲＥホールディングス,不動産業,2501.0,22.0333,2.580905,0.8,19.58,403.0,2589.6,2755.4,44.8,中立,2,,,2026-08-05
2981,ランディックス,不動産業,2095.0,6.474242,1.208781,2.67,20.31,119.4,2066.0,2031.3,58.8,中立,0,,,
2982,ＡＤワークスグループ,不動産業,400.0,4.884601,1.1995226,5.0,20.44,197.5,407.6,397.3,45.6,中立,2,,,2026-08-06
2983,アールプランナー,不動産業,1530.0,6.6403365,1.9874388,2.94,38.36,163.3,1490.4,1447.4,57.1,中立,0,,,
2984,ヤマイチエステート,不動産業,750.0,11.48721,0.46318254,4.13,4.13,65.0,743.4,721.2,55.6,中立,1,,,2026-08-05
2986,ＬＡホールディングス,不動産業,2654.0,9.212719,2.078626,6.56,25.85,608.4,2771.3,2818.3,42.7,中立,0,,,
298A,ＧＶＡ　ＴＥＣＨ,情報・通信業,320.0,,5.0261517,,-70.08,14.8,336.1,328.3,47.7,中立,0,,,
2991,ランドネット,不動産業,552.0,5.8141985,1.048039,2.01,23.87,132.2,569.4,567.0,41.5,中立,0,,,
2993,長栄,不動産業,2131.0,9.496859,0.75870967,4.69,8.22,92.5,2150.5,2182.1,46.7,中立,0,,,
2997,ストレージ王,不動産業,1336.0,21.112516,2.1479688,,5.53,24.8,1263.9,1055.2,92.1,買われすぎ,1,,,2026-08-05
2998,クリアル,不動産業,494.0,8.159894,1.5528731,1.62,23.15,176.2,516.0,541.5,45.7,中立,1,,,2026-08-07
2999,ホームポジション,不動産業,647.0,9.34701,1.0108017,1.55,11.01,60.8,626.1,589.7,67.0,中立,0,,,
299A,クラシル,サービス業,1126.0,20.513756,3.475523,,20.34,482.0,1066.0,1023.2,59.0,中立,0,,,
3001,片倉工業,繊維製品,3000.0,16.597511,0.944734,2.0,6.54,949.5,2710.3,2566.3,74.4,買われすぎ,0,,,
3002,グンゼ,繊維製品,4160.0,262.46057,1.2082114,3.53,4.23,1304.0,4022.0,3832.7,68.2,中立,3,,,2026-08-06
3003,ヒューリック,不動産業,1739.0,11.058121,1.3938528,3.85,13.07,13206.8,1776.2,1724.2,47.5,中立,1,,,2026-08-03
3004,神栄,卸売業,2040.0,5.929371,0.70854145,5.39,5.68,79.9,2185.6,2177.4,35.3,中立,0,,,
300A,ＭＩＣ,サービス業,3120.0,17.986855,2.3784313,2.47,13.99,221.6,2940.5,2876.2,67.7,中立,3,,,2026-08-06
3010,ポラリス・ホールディングス,サービス業,194.0,9.867752,1.4113094,10.31,15.2,453.8,196.9,181.6,51.2,中立,0,,,
3011,バナーズ,小売業,144.0,10.596026,0.7965747,3.47,7.67,22.0,145.6,151.7,42.7,中立,0,,,
3020,アプライド,小売業,4170.0,4.96742,0.81749946,3.36,17.61,112.7,4108.2,4041.5,57.7,中立,1,,,2026-08-07
3021,パシフィックネット,サービス業,1600.0,9.733544,2.1063359,3.56,23.46,84.1,1664.0,1724.5,44.8,中立,0,,,
3023,ラサ商事,卸売業,1937.0,8.681816,0.8712564,4.13,10.5,204.2,1859.8,1812.3,67.1,中立,2,,,2026-08-07
3024,クリエイト,卸売業,1149.0,12.2717085,0.8040565,3.74,6.68,44.8,1108.3,1064.7,73.6,買われすぎ,2,,,2026-08-06
3028,アルペン,小売業,2293.0,19.062265,0.71769845,2.62,3.91,859.9,2180.4,2052.3,64.9,中立,1,,,2026-08-06
302A,ビースタイルホールディングス,サービス業,609.0,34.30986,1.3476075,,3.99,17.7,594.8,573.5,59.3,中立,0,,,
3030,ハブ,小売業,831.0,17.237087,3.0544283,1.2,17.62,104.5,825.6,876.1,49.7,中立,0,,,
3031,ラクーンホールディングス,情報・通信業,630.0,15.897047,2.7907596,3.49,17.95,128.1,624.6,621.9,54.5,中立,0,,,
3034,クオールホールディングス,小売業,2094.0,10.612204,1.3696444,2.58,13.89,786.9,2068.7,1909.5,56.6,中立,2,,,2026-08-07
3035,ケイティケイ,卸売業,803.0,11.367497,0.90115774,2.74,9.22,43.9,801.5,791.0,49.7,中立,1,,,2026-08-05
3036,アルコニックス,卸売業,3520.0,18.867926,1.3350862,2.7,11.12,1058.1,2641.5,2529.1,85.1,買われすぎ,4,,,2026-08-05
3038,神戸物産,卸売業,2838.0,18.526012,3.6528764,1.13,21.66,6295.0,2727.2,2704.9,57.8,中立,0,,,
303A,ｖｉｓｕｍｏ,情報・通信業,619.0,14.801531,1.8436391,,12.03,12.7,584.4,633.8,62.2,中立,0,,,
3040,ソリトンシステムズ,情報・通信業,2006.0,16.185251,2.7733958,2.99,20.33,371.9,1981.7,1977.3,54.1,中立,0,,,
3041,ビューティカダンホールディングス,卸売業,411.0,,3.272632,1.28,-5.14,16.9,419.9,499.3,32.3,中立,0,,,
3042,セキュアヴェイル,情報・通信業,291.0,21.271929,1.7468035,1.03,8.51,22.4,293.6,291.7,49.6,中立,0,,,
3045,カワサキ,卸売業,1480.0,9.009009,0.73650676,3.38,5.17,31.6,1488.4,1472.5,47.7,中立,0,,,
3046,ジンズホールディングス,小売業,6220.0,18.29358,4.068402,1.85,,1452.1,6892.8,7434.5,38.8,中立,1,,,2026-08-06
3048,ビックカメラ,小売業,1710.0,14.98554,1.6066929,2.51,11.88,2928.4,1696.0,1696.6,50.5,中立,0,,,
304A,フォルシア,情報・通信業,1980.0,50.000004,1.2270182,,2.48,24.4,1950.0,1845.6,55.3,中立,0,,,
3050,ＤＣＭホールディングス,小売業,1548.0,12.183221,0.7402427,3.1,6.47,2115.1,1517.2,1498.9,55.4,中立,0,,,
3053,ペッパーフードサービス,小売業,190.0,,3.4154232,,-3.47,116.7,183.0,186.6,59.3,中立,0,,,
3054,ハイパー,卸売業,238.0,9.589041,0.7371114,2.94,5.99,23.0,242.8,240.7,47.1,中立,0,,,
3058,三洋堂ホールディングス,小売業,699.0,14.9454775,1.6736021,0.14,11.63,50.9,700.4,696.0,48.4,中立,1,,,2026-08-06
3059,ヒラキ,小売業,711.0,,0.57669145,2.81,-6.83,34.6,711.2,727.8,49.1,中立,2,,,2026-08-05
3063,ジェイグループホールディングス,小売業,1207.0,55.983303,8.774289,0.33,12.13,148.5,1228.1,1047.7,51.9,中立,1,,,2026-08-07
3064,ＭｏｎｏｔａＲＯ,小売業,1924.5,29.525928,7.8351464,1.92,,9464.2,1952.0,1871.3,49.3,中立,2,,,2026-08-04
3065,ライフフーズ,小売業,1616.0,138.8316,2.8767142,0.31,-0.97,50.0,1618.5,1615.5,48.3,中立,0,,,
3067,東京一番フーズ,小売業,452.0,51.59817,2.0757368,,4.13,40.4,452.9,452.1,47.0,中立,0,,,
3068,ＷＤＩ,小売業,3005.0,80.005325,2.8670328,0.57,0.95,188.3,3000.1,2946.3,59.7,中立,0,,,
3069,ＪＦＬＡホールディングス,食料品,160.0,11.611031,0.9322217,,6.03,77.2,157.0,156.4,59.4,中立,2,,,2026-08-07
3070,ジェリービーンズグループ,卸売業,69.0,,1.0940745,,-5.38,55.7,77.2,82.2,40.2,中立,2,,,2026-08-06
3071,ストリーム,小売業,101.0,18.53211,0.9490965,2.97,6.42,27.9,101.5,101.6,47.9,中立,0,,,
3075,銚子丸,小売業,1720.0,21.422344,2.3640988,0.87,,215.4,1694.6,1637.9,63.6,中立,0,,,
3076,あい　ホールディングス,卸売業,2973.0,12.017948,1.3882002,4.71,12.39,1583.8,2769.1,2702.2,69.0,中立,1,,,2026-08-03
3077,ホリイフードサービス,小売業,848.0,16.815388,4.3722157,,,58.8,870.4,800.1,46.7,中立,0,,,
3079,ディーブイエックス,卸売業,954.0,44.47552,1.1997495,5.24,2.5,100.2,955.1,983.3,48.3,中立,0,,,
3080,ジェーソン,小売業,794.0,,1.7385935,1.64,-3.4,101.7,774.9,760.4,73.4,買われすぎ,0,,,
3082,きちりホールディングス,小売業,965.0,40.158134,5.1049557,0.78,9.78,109.0,952.1,957.7,60.2,中立,1,,,2026-08-05
3083,スターシーズ,小売業,979.0,64.238846,3.116812,1.02,-53.18,82.0,972.1,1018.2,51.4,中立,0,,,
3086,Ｊ．フロント　リテイリング,小売業,2941.0,26.09583,1.7537593,1.9,6.48,7232.2,3090.3,2674.1,46.7,中立,0,,,
3087,ドトール・日レスホールディングス,小売業,3115.0,18.24839,1.2265595,1.93,7.6,1309.0,3005.2,2814.1,58.5,中立,0,,,
3088,マツキヨココカラ＆カンパニー,小売業,2489.5,17.798672,1.8226224,2.25,10.53,9791.7,2491.1,2373.1,51.5,中立,1,,,2026-08-07
3089,テクノアルファ,卸売業,1041.0,4.582068,0.7991488,3.36,18.81,18.4,1026.5,1101.4,48.2,中立,0,,,
3091,ブロンコビリー,小売業,2569.0,31.700394,3.3489418,0.78,11.08,765.6,2464.4,2245.2,56.8,中立,0,,,
3092,ＺＯＺＯ,小売業,1149.0,21.242374,10.274983,3.48,51.83,10067.6,1163.1,1095.7,50.0,中立,1,,,2026-08-04
3093,トレジャー・ファクトリー,小売業,2025.0,14.959002,3.5261052,2.17,27.97,474.7,2127.0,1958.0,42.7,中立,0,,,
3096,オーシャンシステム,小売業,1637.0,13.434551,1.2641679,1.22,9.8,152.6,1623.2,1622.3,53.1,ゴールデンクロス,0,,,
3097,物語コーポレーション,小売業,5510.0,30.289703,4.782372,0.73,18.08,2115.9,5153.8,4789.1,66.9,中立,0,,,
3099,三越伊勢丹ホールディングス,小売業,3631.0,16.990313,2.0566552,2.2,12.44,12663.2,3755.4,3553.3,44.6,中立,1,,,2026-08-03
3101,東洋紡,化学,1617.0,12.75941,0.6689284,2.47,5.88,1426.9,1660.3,1651.5,48.3,中立,3,,,2026-08-06
3103,ユニチカ,繊維製品,1022.0,3.2930562,1.0955344,,51.76,589.2,917.9,1392.4,52.8,中立,2,,,2026-08-06
3104,富士紡ホールディングス,繊維製品,3655.0,21.94141,2.3474722,2.3,11.72,1232.4,3840.6,3965.1,44.9,中立,0,,,
3105,日清紡ホールディングス,電気機器,2420.5,27.181358,1.6602169,1.49,0.87,3780.8,2271.2,2241.3,58.8,中立,2,,,2026-08-06
3106,倉敷紡績,繊維製品,10910.0,13.950158,1.3197601,0.6,10.13,1725.9,10066.4,10001.7,64.0,中立,3,,,2026-08-07
3107,ダイワボウホールディングス,卸売業,3642.0,10.062997,1.8638813,3.02,19.89,3144.0,3516.4,3426.2,57.9,中立,3,,,2026-08-06
3109,シキボウ,繊維製品,1050.0,14.01682,0.36826664,4.76,2.66,133.3,1036.1,1030.9,60.0,中立,1,,,2026-08-07
3110,日東紡績,ガラス・土石製品,2825.0,12.317418,2.9622126,0.99,26.77,5142.2,3195.6,4158.7,41.6,中立,1,,,2026-08-05
3111,オーミケンシ,繊維製品,179.0,,0.8121597,,-34.33,11.8,168.2,180.9,63.9,中立,3,,,2026-08-07
3113,ＵＮＩＶＡ・Ｏａｋホールディングス,証券、商品先物取引業,75.0,,5.060387,,-39.78,69.9,73.8,75.2,55.5,中立,0,,,
3116,トヨタ紡織,輸送用機器,2199.5,16.871214,0.79864985,3.91,5.58,3929.6,2238.8,2241.7,46.3,中立,0,,,
3121,マーチャント・バンカーズ,サービス業,231.0,,1.5726695,0.87,-1.3,67.6,221.7,219.1,62.4,中立,1,,,2026-08-03
3123,サイボー,繊維製品,635.0,7.657984,0.41370907,2.83,5.28,80.6,640.6,637.3,48.7,中立,1,,,2026-08-07
3131,シンデン・ハイテックス,卸売業,4455.0,23.86053,1.1247095,3.03,4.72,84.0,3801.2,3478.7,63.1,中立,0,,,
3132,マクニカホールディングス,卸売業,3621.0,23.269712,2.2548203,2.21,12.82,6465.8,3315.2,3159.7,57.5,中立,0,,,
3133,海帆,小売業,84.0,,10.363974,,-520.87,52.4,95.2,147.4,43.1,中立,0,,,
3134,Ｈａｍｅｅ,小売業,286.0,8.451536,0.6253471,1.05,6.05,45.8,283.7,351.6,44.6,中立,0,,,
3135,マーケットエンタープライズ,小売業,1095.0,54.396427,4.4968643,,3.82,58.6,1068.2,1177.5,48.4,中立,0,,,
3137,ファンデリー,小売業,204.0,35.54007,2.8549435,,,25.9,211.9,210.1,41.4,中立,0,,,
3138,富士山マガジンサービス,小売業,1138.0,47.476013,1.63326,1.41,19.72,37.6,1144.8,1139.2,49.8,中立,0,,,
3139,ラクト・ジャパン,卸売業,3300.0,10.098846,0.98951656,4.0,10.41,330.4,3420.4,3275.7,43.0,中立,0,,,
3140,ＢＲＵＮＯ,卸売業,1000.0,31.289112,2.4943688,0.4,11.12,143.4,1000.8,1032.2,34.3,中立,0,,,
3143,オーウイル,卸売業,685.0,7.770845,1.0435249,3.21,14.06,61.8,689.3,682.6,49.2,中立,0,,,
3148,クリエイトＳＤホールディングス,小売業,3285.0,12.4829,1.3751756,2.92,11.44,2122.2,3338.4,3258.8,46.7,中立,0,,,
3150,グリムス,電気・ガス業,2475.0,11.689416,2.926466,5.25,28.28,572.3,2554.7,2554.2,41.6,ゴールデンクロス,2,,,2026-08-05
3151,バイタルケーエスケー・ホールディングス,卸売業,1586.0,10.415709,0.6545361,4.41,6.6,762.4,1617.5,1541.7,44.6,中立,2,,,2026-08-06
3153,八洲電機,卸売業,2995.0,12.464624,1.7935549,1.67,16.94,632.2,2867.6,2854.0,57.5,中立,0,,,
3154,メディアスホールディングス,卸売業,784.0,12.869337,0.8344394,2.55,6.19,174.3,787.2,809.8,46.2,中立,0,,,
3156,レスター,卸売業,4415.0,16.147318,1.3320862,3.17,8.5,1241.4,3879.6,3808.4,64.9,中立,2,,,2026-08-07
3157,ジオリーブグループ,卸売業,1405.0,8.728876,0.7401554,3.56,10.34,186.5,1421.6,1426.9,50.4,中立,3,,,2026-08-03
3159,丸善ＣＨＩホールディングス,小売業,416.0,11.54273,0.6880901,1.44,6.54,385.0,371.4,356.7,82.8,買われすぎ,0,,,
3160,大光,卸売業,578.0,146.7005,1.3222036,2.6,0.89,82.5,575.7,572.8,56.1,中立,0,,,
3161,アゼアス,卸売業,661.0,27.302769,0.55298305,3.48,2.03,37.7,660.2,659.5,51.0,中立,0,,,
3166,ＯＣＨＩホールディングス,卸売業,1467.0,14.578158,0.7778998,3.82,5.98,191.3,1430.3,1402.0,68.1,中立,1,,,2026-08-05
3167,ＴＯＫＡＩホールディングス,卸売業,1219.0,14.786511,1.5416291,3.12,10.89,1571.2,1154.3,1134.9,64.1,中立,4,,,2026-08-06
3168,ＭＥＲＦ,卸売業,1480.0,12.635533,1.7448901,1.35,23.56,209.5,1288.2,1383.5,67.4,中立,0,,,
3169,ミサワ,小売業,658.0,37.23826,2.0633168,1.22,31.09,46.4,651.6,654.5,60.0,中立,0,,,
3172,ティーライフ,小売業,1133.0,13.470455,0.7556482,2.65,4.77,48.4,1137.6,1136.8,48.7,中立,0,,,
3173,Ｃｏｍｉｎｉｘ,卸売業,1228.0,11.995702,0.9782241,3.26,8.5,84.3,1074.4,997.4,87.2,買われすぎ,0,,,
3174,ハピネス・アンド・ディ,小売業,399.0,,3.5384889,3.76,-115.65,12.5,415.8,471.2,34.9,中立,2,,,2026-08-07
3175,エー・ピーホールディングス,小売業,946.0,10.626826,10.737555,,211.95,120.7,944.3,929.2,56.1,中立,0,,,
3176,三洋貿易,卸売業,1069.0,14.028872,1.13248,2.81,9.22,616.3,864.5,807.3,85.1,買われすぎ,6,,,2026-08-07
3177,ありがとうサービス,小売業,4190.0,7.8458548,1.0910925,3.22,7.63,38.7,3932.4,3633.6,68.2,中立,0,,,
3178,チムニー,小売業,1141.0,43.549618,3.4379482,0.53,9.18,220.1,1150.4,1124.8,51.2,中立,0,,,
3179,シュッピン,小売業,1318.0,16.770582,2.7279313,3.03,16.5,279.7,1210.0,1118.9,64.5,中立,2,,,2026-08-07
3180,ビューティガレージ,卸売業,1441.0,19.791239,2.1595552,1.25,11.9,180.8,1434.8,1449.1,52.3,中立,0,,,
3181,買取王国,小売業,1080.0,11.039558,1.1256919,1.02,12.07,39.5,1040.3,990.3,58.0,中立,1,,,2026-08-07
3182,オイシックス,小売業,1655.0,12.700483,2.101059,3.63,13.43,574.8,1582.3,1500.0,61.1,中立,1,,,2026-08-03
3183,ウイン・パートナーズ,卸売業,1265.0,16.428572,1.5667905,4.35,9.23,347.9,1299.3,1253.8,44.5,中立,1,,,2026-08-04
3184,ＩＣＤＡホールディングス,小売業,4250.0,7.038987,0.7438372,1.65,11.4,89.2,4471.8,4410.1,28.5,売られすぎ,0,,,
3185,夢展望,小売業,152.0,,139.57759,,-203.2,27.9,150.9,173.3,47.8,中立,0,,,
3186,ネクステージ,小売業,3460.0,15.597529,3.198808,1.3,22.46,2712.4,3518.8,3641.4,46.4,中立,0,,,
3187,ミラタップ,小売業,295.0,,1.8397945,1.02,-13.8,52.2,307.8,263.3,46.9,中立,0,,,
3189,ＡＮＡＰホールディングス,小売業,103.0,,0.60609627,,23.88,46.4,102.6,116.4,49.6,中立,3,,,2026-08-07
3190,ホットマン,小売業,587.0,11.605377,0.7708126,1.87,,41.4,578.5,572.6,58.1,中立,0,,,
3191,ジョイフル本田,小売業,2260.0,13.826012,1.0773401,3.72,7.25,1362.2,2308.0,2195.4,46.4,中立,5,,,2026-08-03
3192,白鳩,小売業,283.0,3.6014252,0.6714929,,1.99,18.8,309.4,356.9,38.6,中立,0,,,
3193,エターナルホスピタリティグループ,小売業,1454.0,16.598173,3.0957577,3.16,21.29,167.7,1410.3,1391.9,59.2,中立,1,,,2026-08-07
3195,ジェネレーションパス,小売業,534.0,27.328556,2.0763586,,8.07,43.6,546.4,482.1,49.7,中立,0,,,
3196,ホットランドホールディングス,小売業,1585.0,83.2021,2.9383357,0.82,6.26,411.0,1607.2,1602.1,44.2,中立,0,,,
3197,すかいらーくホールディングス,小売業,3163.0,43.010605,3.7849915,0.82,9.81,7192.5,3042.3,2905.0,57.9,中立,1,,,2026-08-06
3199,綿半ホールディングス,小売業,1300.0,11.40651,0.9975124,2.38,8.52,242.9,1336.0,1353.4,41.7,中立,0,,,
319A,技術承継機構,金属製品,19370.0,54.79026,16.886265,,49.26,1713.4,17694.8,16449.2,58.7,中立,0,,,
3201,日本毛織,繊維製品,1972.0,13.220702,0.9486352,3.25,7.71,1284.4,1876.6,1797.7,68.7,中立,0,,,
3202,ダイトウボウ,繊維製品,127.0,42.05298,0.7694545,2.36,1.39,37.9,127.0,128.2,50.3,中立,1,,,2026-08-03
3204,トーア紡コーポレーション,繊維製品,496.0,6.6586123,0.30894917,3.02,6.49,43.3,503.2,506.9,45.9,中立,0,,,
3205,ダイドーリミテッド,繊維製品,732.0,10.741013,1.9730724,6.83,18.75,200.5,742.4,728.5,47.6,中立,3,,,2026-08-07
3221,ヨシックスホールディングス,小売業,3240.0,16.39676,2.5015016,0.99,16.37,332.3,3237.0,3218.2,51.5,中立,3,,,2026-08-07
3222,ユナイテッド・スーパーマーケット・ホールディングス,小売業,812.0,,0.8173273,1.97,-2.52,1681.7,817.0,821.3,49.3,中立,0,,,
3223,エスエルディー,小売業,916.0,25.82464,2.632842,,13.42,14.3,927.3,921.7,42.7,中立,0,,,
3224,ゼネラル・オイスター,小売業,695.0,,2.3971882,1.44,-11.83,37.1,700.8,725.0,45.1,中立,0,,,
3231,野村不動産ホールディングス,不動産業,903.8,9.351267,0.96551055,4.87,9.6,7720.3,941.4,946.0,40.4,中立,0,,,
3232,三重交通グループホールディングス,不動産業,546.0,8.773903,0.782495,3.3,9.42,548.8,548.8,532.8,50.7,中立,1,,,2026-08-05
3236,プロパスト,不動産業,276.0,4.931213,0.66363543,3.62,,91.3,275.6,284.0,50.5,中立,0,,,
3237,イントランス,不動産業,100.0,,19.45147,,-102.88,46.5,99.2,83.8,54.8,中立,0,,,
3238,セントラル総合開発,不動産業,376.0,24.479168,0.35087556,3.46,1.43,36.1,372.7,368.9,59.0,中立,1,,,2026-08-07
323A,フライヤー,情報・通信業,354.0,92.1875,3.879707,,4.89,12.1,382.4,414.6,36.3,中立,0,,,
3241,ウィル,不動産業,589.0,10.225695,1.2588753,3.99,15.63,68.0,581.9,584.1,54.6,中立,1,,,2026-08-06
3242,アーバネットコーポレーション,不動産業,513.0,4.4550586,0.9937046,4.68,23.42,189.7,497.3,511.8,60.6,中立,4,,,2026-08-06
3245,ディア・ライフ,不動産業,1089.0,11.293166,1.6846007,5.88,14.7,548.2,1080.4,1033.6,57.1,中立,0,,,
3246,コーセーアールイー,不動産業,669.0,9.7649975,0.65247154,3.59,7.88,67.9,650.9,640.6,68.6,中立,0,,,
3248,アールエイジ,不動産業,885.0,10.146755,0.58257294,4.07,5.83,28.2,877.5,865.7,53.8,中立,0,,,
324A,ブッキングリゾート,サービス業,721.0,11.377624,2.2946582,,20.1,39.0,700.1,778.9,57.3,中立,0,,,
3252,地主,不動産業,2838.0,7.9449067,2.0889904,4.58,13.87,586.9,2905.2,2962.7,41.6,中立,0,,,
325A,ＴＥＮＴＩＡＬ,繊維製品,1488.0,27.91221,1.8872902,,,337.7,1535.8,1366.8,47.4,中立,1,,,2026-08-07
3261,グランディーズ,不動産業,393.0,,0.61759824,3.82,0.34,16.1,398.2,406.0,43.9,中立,0,,,
3266,ファンドクリエーショングループ,不動産業,79.0,9.89975,0.92557883,1.27,9.75,29.7,80.6,81.8,44.4,中立,0,,,
3267,フィル・カンパニー,建設業,623.0,13.331907,1.0029413,2.41,7.88,33.5,653.6,695.3,42.9,中立,0,,,
3276,ＪＰＭＣ,不動産業,2244.0,20.921125,4.0247436,2.67,21.05,374.8,1760.7,1459.6,95.0,買われすぎ,11,,,2026-08-07
3277,サンセイランディック,不動産業,629.0,7.9179254,0.6970827,4.77,10.15,102.1,642.8,640.2,42.2,中立,0,,,
3280,エストラスト,不動産業,919.0,3.913636,0.52312064,3.7,3.95,55.7,934.5,952.3,42.9,中立,0,,,
3284,フージャースホールディングス,不動産業,1215.0,6.969141,0.936944,6.26,14.13,497.0,1232.1,1193.7,46.6,中立,2,,,2026-08-07
3286,トラストホールディングス,不動産業,865.0,17.432487,3.158629,2.08,18.83,33.4,869.9,970.9,34.8,中立,0,,,
3288,オープンハウスグループ,不動産業,8506.0,8.675962,1.6272715,2.35,20.13,9394.9,8552.7,8674.5,49.6,中立,4,,,2026-08-07
3289,東急不動産ホールディングス,不動産業,1312.5,9.686347,1.041627,3.81,11.19,9354.6,1329.8,1318.9,47.6,中立,2,,,2026-08-06
3291,飯田グループホールディングス,不動産業,2239.5,9.770515,0.6061346,4.11,6.15,6188.4,2247.4,2195.6,50.3,中立,1,,,2026-08-07
3293,アズマハウス,不動産業,767.0,12.240664,0.35705075,4.56,7.34,61.7,766.8,765.9,50.2,中立,2,,,2026-08-07
3297,東武住販,不動産業,1175.0,9.090206,0.6747162,3.66,8.64,31.8,1147.4,1178.8,65.9,中立,0,,,
3299,ムゲンエステート,不動産業,1708.0,6.0278807,1.1592292,7.61,16.04,401.3,1931.9,1867.8,29.0,売られすぎ,4,,,2026-08-07
3300,アンビション　ＤＸ　ホールディングス,不動産業,2142.0,8.125641,1.7752229,5.14,27.03,158.5,2122.7,2146.8,54.5,中立,0,,,
3302,帝国繊維,繊維製品,3360.0,18.274775,1.1380426,1.93,6.71,861.0,3361.2,3223.3,51.3,中立,2,,,2026-08-05
3306,日本製麻,卸売業,720.0,5.8294873,1.3011562,0.56,3.95,31.7,737.0,663.0,48.0,中立,1,,,2026-08-06
330A,ＴａｌｅｎｔＸ,情報・通信業,493.0,11.15637,3.1858246,,37.55,28.2,472.2,483.0,56.7,中立,2,,,2026-08-05
3315,日本コークス工業,石油・石炭製品,97.0,,0.81128097,,-20.1,282.3,95.4,97.9,52.1,中立,1,,,2026-08-07
3317,フライングガーデン,小売業,1460.0,9.282807,1.1498028,1.16,13.1,42.2,1451.5,1416.7,56.1,中立,1,,,2026-08-05
331A,メディックス,サービス業,500.0,8.77193,1.1157601,3.8,12.71,36.6,500.5,485.8,51.7,中立,0,,,
3320,クロスプラス,卸売業,1298.0,5.515893,0.50213563,4.62,7.35,96.5,1300.1,1283.2,53.3,中立,0,,,
3321,ミタチ産業,卸売業,1618.0,6.05335,0.7213251,4.33,12.76,129.0,1589.8,1757.7,50.0,中立,0,,,
3323,レカム,卸売業,74.0,,1.0879793,1.62,2.32,59.7,74.2,75.2,51.6,中立,2,,,2026-08-07
3326,ランシステム,サービス業,642.0,26.78348,8.5008335,,37.41,27.3,630.0,630.2,57.8,中立,1,,,2026-08-06
3329,東和フードサービス,小売業,2120.0,22.798151,2.2022839,0.94,10.05,171.1,2105.1,2070.3,63.3,中立,1,,,2026-08-03
332A,ミーク,情報・通信業,971.0,12.67955,1.8295211,,15.79,111.5,1008.8,1135.2,42.1,中立,0,,,
3333,あさひ,小売業,1316.0,15.095205,0.8224609,3.8,5.03,342.7,1337.5,1293.6,46.9,中立,1,,,2026-08-03
3349,コスモス薬品,小売業,6455.0,15.976141,1.8033462,1.3,11.84,5116.1,6443.2,6196.1,52.2,中立,1,,,2026-08-03
334A,ビジュアル・プロセッシング・ジャパン,情報・通信業,960.0,17.422869,1.2483761,2.4,16.76,31.9,921.2,917.8,61.3,中立,2,,,2026-08-07
3350,メタプラネット,卸売業,220.0,,0.695628,,-6.42,2818.8,229.9,263.8,46.2,中立,2,,,2026-08-03
3352,バッファロー,小売業,1782.0,9.44106,0.63920957,3.93,7.37,41.8,1709.6,1688.0,62.0,中立,0,,,
3353,メディカル一光グループ,小売業,2854.0,8.426335,0.67852396,4.2,9.61,107.5,2830.2,2779.0,58.1,中立,0,,,
3355,クリヤマホールディングス,卸売業,1769.0,8.595724,0.696604,3.45,7.95,348.8,1646.9,1636.7,67.3,中立,5,,,2026-08-06
3358,Ｔｒａｉｌｈｅａｄ　Ｇｌｏｂａｌ　Ｈｏｌｄｉｎｇｓ,小売業,95.0,54.913296,1.6510829,2.11,,35.4,96.0,95.1,50.7,中立,0,,,
3359,ｃｏｔｔａ,卸売業,527.0,12.2700815,1.183977,1.9,10.25,55.9,521.6,510.4,57.1,中立,0,,,
335A,ミライロ,情報・通信業,335.0,52.672955,4.088457,,,36.9,337.1,364.7,45.8,中立,0,,,
3360,シップヘルスケアホールディングス,卸売業,2452.5,17.013529,1.4938537,2.65,8.92,2237.0,2387.2,2238.0,58.9,中立,3,,,2026-08-07
3361,トーエル,小売業,888.0,10.330386,0.75750464,2.59,7.59,162.8,883.0,868.4,57.6,中立,1,,,2026-08-04
336A,ダイナミックマッププラットフォーム,情報・通信業,792.0,,2.5904617,,-21.11,187.2,841.7,818.0,44.8,中立,2,,,2026-08-07
3370,フジタコーポレーション,小売業,474.0,13.1557045,4.7155733,0.63,42.96,16.3,481.5,481.8,46.4,デッドクロス,0,,,
3371,ソフトクリエイトホールディングス,情報・通信業,1876.0,11.531133,1.855561,3.3,17.12,477.9,1967.9,1795.4,44.0,中立,1,,,2026-08-03
3372,関門海,小売業,221.0,24.446903,2.150161,,9.12,30.3,220.2,220.0,54.0,中立,0,,,
3374,内外テック,卸売業,3510.0,12.643638,0.9623937,3.13,7.86,122.8,3309.7,3102.1,56.8,中立,4,,,2026-08-07
3375,ＺＯＡ,小売業,1753.0,6.7332435,0.69262415,4.28,10.69,22.1,1746.1,1724.4,52.8,中立,0,,,
3377,バイク王＆カンパニー,卸売業,382.0,11.342043,0.74685085,2.88,6.76,54.7,372.2,376.9,61.1,中立,0,,,
3382,セブン＆アイ・ホールディングス,小売業,2097.5,17.658697,1.3144009,2.86,8.05,48488.8,2075.0,1961.9,53.6,中立,2,,,2026-08-03
3386,コスモ・バイオ,卸売業,1244.0,20.985155,0.74620557,4.02,3.68,70.6,1253.8,1229.8,47.9,中立,1,,,2026-08-05
3387,クリエイト・レストランツ・ホールディングス,小売業,752.0,67.87003,6.966575,0.66,,3391.5,767.6,732.7,47.2,中立,0,,,
3388,明治電機工業,卸売業,2091.0,9.369959,0.688771,4.59,6.9,263.5,2175.5,2114.5,42.7,中立,0,,,
338A,ＺｅｎｍｕＴｅｃｈ,情報・通信業,2122.0,35.14991,3.6490138,,19.07,57.7,2148.4,2379.7,49.0,中立,0,,,
3391,ツルハホールディングス,小売業,2412.5,16.746494,1.247518,1.99,,10930.8,2374.3,2147.6,56.4,中立,0,,,
3392,デリカフーズホールディングス,卸売業,826.0,8.84842,1.2860415,3.27,15.57,134.2,846.4,838.5,44.9,中立,0,,,
3393,スターティアホールディングス,卸売業,3035.0,12.240865,3.379714,10.28,29.21,283.8,3080.8,2951.7,46.0,中立,3,,,2026-08-07
3395,サンマルクホールディングス,小売業,2350.0,18.774467,1.5999727,2.3,8.13,503.8,2540.2,2540.0,29.9,売られすぎ,2,,,2026-08-05
3396,フェリシモ,小売業,867.0,17.222885,0.31674612,2.88,2.16,61.8,864.9,850.5,53.0,中立,0,,,
3397,トリドールホールディングス,小売業,4189.0,196.20609,3.9853108,0.29,2.91,3682.9,4136.8,3944.7,53.3,中立,0,,,
3399,丸千代山岡家,小売業,3580.0,19.082138,46.768654,0.84,7.91,705.2,3583.8,3299.2,52.0,中立,0,,,
339A,プログレス・テクノロジーズ　グループ,サービス業,880.0,5.9319177,1.1594768,3.41,20.79,67.0,901.2,951.5,44.7,中立,0,,,
3401,帝人,繊維製品,1752.0,,0.8141495,2.85,-9.89,3379.9,1690.8,1641.5,61.6,中立,2,,,2026-08-04
3402,東レ,繊維製品,1355.0,25.61921,1.0961125,1.7,4.77,19746.9,1173.8,1147.4,75.7,買われすぎ,3,,,2026-08-06
3405,クラレ,化学,1954.5,82.92321,0.7950982,2.76,,5888.9,1795.7,1685.3,70.4,買われすぎ,2,,,2026-08-07
3407,旭化成,化学,1692.0,14.467722,1.0760299,2.6,9.75,22778.3,1806.8,1739.3,41.6,中立,1,,,2026-08-03
3409,北紡,繊維製品,88.0,,1.7772392,,-9.59,27.8,92.3,100.4,39.7,中立,2,,,2026-08-06
340A,ジグザグ,情報・通信業,305.0,10.062686,1.7204908,,18.29,23.6,322.2,342.2,41.4,中立,0,,,
3415,ＴＯＫＹＯ　ＢＡＳＥ,小売業,383.0,14.060205,2.6668522,1.83,22.11,163.2,399.7,375.3,46.5,中立,1,,,2026-08-04
3416,ピクスタ,小売業,836.0,15.723153,1.3083413,5.38,4.36,14.5,836.3,843.3,50.3,中立,0,,,
3417,大木ヘルスケアホールディングス,卸売業,1070.0,10.89835,0.4272757,2.8,3.92,146.0,1120.4,1163.8,40.4,中立,1,,,2026-08-07
3418,バルニバービ,小売業,1037.0,24.814548,1.8531424,0.72,5.24,112.1,1110.8,1101.5,20.0,売られすぎ,0,,,
341A,トヨコー,建設業,1905.0,49.33955,8.707457,,21.97,259.8,1984.3,2022.2,39.4,中立,2,,,2026-08-05
3420,ケー・エフ・シー,金属製品,1638.0,11.5482235,0.5440684,4.27,4.81,120.5,1602.1,1546.5,59.4,中立,2,,,2026-08-07
3421,稲葉製作所,金属製品,1684.0,15.618624,0.59636664,2.61,3.91,265.1,1725.9,1698.0,41.4,中立,0,,,
3422,Ｊ－ＭＡＸ,金属製品,603.0,7.7646146,0.3614824,1.33,4.71,69.2,492.2,474.2,81.2,買われすぎ,1,,,2026-08-06
3423,エスイー,金属製品,275.0,,0.7944166,4.36,-3.94,83.1,269.8,269.2,56.8,中立,2,,,2026-08-07
3426,アトムリビンテック,金属製品,1291.0,13.613835,0.48587754,2.56,3.69,51.5,1298.9,1292.7,40.2,中立,2,,,2026-08-05
3431,宮地エンジニアリンググループ,金属製品,1586.0,12.885927,0.9817491,4.73,7.05,420.6,1559.0,1554.2,57.0,中立,4,,,2026-08-07
3433,トーカロ,金属製品,2962.0,17.503841,2.638579,3.24,15.74,1761.5,3002.2,3115.7,47.9,中立,4,,,2026-08-07
3434,アルファＣｏ,金属製品,1245.0,8.648235,0.3095585,4.82,3.42,119.7,1232.4,1222.1,63.0,中立,1,,,2026-08-06
3435,サンコーテクノ,金属製品,1460.0,7.2561,0.5779871,3.15,8.2,115.6,1414.0,1383.0,66.3,中立,2,,,2026-08-06
3436,ＳＵＭＣＯ,金属製品,3470.0,,2.098113,0.58,-4.06,12135.0,4082.4,3674.0,44.2,中立,3,,,2026-08-06
3437,特殊電極,金属製品,2651.0,9.173963,0.5347938,3.85,5.89,41.9,2707.3,2795.0,39.1,中立,1,,,2026-08-07
3439,三ツ知,金属製品,660.0,93.75,0.29829025,3.03,2.13,30.9,675.1,682.0,41.9,中立,0,,,
343A,ＩＡＣＥトラベル,サービス業,1400.0,12.562814,1.5558598,2.71,14.81,66.7,1397.4,1307.4,54.7,中立,0,,,
3440,日創グループ,金属製品,889.0,14.151545,0.45294863,4.72,-0.14,57.1,908.0,919.6,44.8,中立,0,,,
3441,山王,金属製品,2612.0,9.504058,1.3451298,0.96,21.26,110.8,2716.0,2726.4,46.6,デッドクロス,0,,,
3443,川田テクノロジーズ,金属製品,1328.0,7.903821,0.70212245,3.16,9.25,681.0,1313.8,1328.5,56.0,中立,2,,,2026-08-07
3444,菊池製作所,金属製品,967.0,113.3646,1.9471236,1.03,0.7,116.8,996.7,1148.8,47.1,中立,0,,,
3445,ＲＳ　Ｔｅｃｈｎｏｌｏｇｉｅｓ,金属製品,6650.0,19.016298,2.085634,0.83,8.76,1768.7,7027.2,6786.6,48.4,中立,0,,,
3446,ジェイテックコーポレーション,金属製品,1598.0,103.09677,4.074971,,-1.51,94.4,1596.4,1736.1,51.2,中立,0,,,
3447,信和,金属製品,1050.0,8.314856,0.8419176,3.43,10.48,142.4,985.9,945.5,75.8,買われすぎ,0,,,
3449,テクノフレックス,金属製品,4250.0,25.030922,2.9566782,1.55,14.6,779.4,5422.8,6354.1,37.5,中立,2,,,2026-08-06
3452,ビーロット,不動産業,1481.0,6.2898154,1.304115,5.4,31.71,279.0,1469.9,1437.1,55.9,中立,0,,,
3454,ファーストブラザーズ,不動産業,1257.0,4.449085,0.6274168,2.94,14.95,176.3,1254.4,1209.0,54.2,中立,0,,,
3457,Ａｎｄ　Ｄｏホールディングス,不動産業,925.0,14.124294,0.9622296,4.97,12.43,184.7,942.4,975.8,41.2,中立,0,,,
3461,パルマ,不動産業,602.0,26.66076,1.8336998,2.16,10.63,40.7,588.4,570.7,62.7,中立,0,,,
3465,ケイアイスター不動産,不動産業,3615.0,7.3030305,1.5305111,3.87,22.26,1122.3,3632.6,3535.2,50.6,中立,0,,,
3467,アグレ都市デザイン,不動産業,2723.0,8.11697,1.8202991,5.14,24.38,156.7,2717.5,2540.9,52.8,中立,2,,,2026-08-07
3469,デュアルタップ,不動産業,902.0,47.17573,1.5269114,2.77,5.1,39.5,902.3,959.8,36.3,中立,1,,,2026-08-04
3474,Ｇ－ＦＡＣＴＯＲＹ,不動産業,575.0,,3.4212139,,-14.67,37.6,568.0,549.7,63.3,中立,0,,,
3475,グッドコムアセット,不動産業,1516.0,22.469246,3.102552,3.03,13.65,435.2,1503.4,1456.0,54.9,中立,0,,,
3477,フォーライフ,不動産業,883.0,6.4883533,0.8103074,3.68,13.06,35.3,862.9,823.5,62.6,中立,1,,,2026-08-06
3479,ＴＫＰ,不動産業,1843.0,5.7996097,1.371389,,26.84,689.9,1825.6,1722.0,51.6,中立,2,,,2026-08-06
3480,ジェイ・エス・ビー,不動産業,8970.0,28.539614,4.10086,2.34,15.16,1892.1,8994.0,7508.4,60.0,中立,0,,,
3482,ロードスターキャピタル,不動産業,2601.0,5.520769,1.2396588,3.77,25.89,438.9,2700.8,2823.8,41.4,中立,3,,,2026-08-06
3484,イノベーションホールディングス,不動産業,1080.0,13.3630295,3.6729448,3.15,30.52,181.6,1103.0,1098.1,42.8,中立,0,,,
3486,グローバル・リンク・マネジメント,不動産業,1878.0,6.536266,2.004147,5.32,36.49,300.0,1907.4,1846.8,47.2,中立,3,,,2026-08-07
3489,フェイスネットワーク,不動産業,780.0,6.4452157,1.8665557,5.77,32.38,231.2,791.0,749.4,50.0,中立,0,,,
3490,アズ企画設計,不動産業,3150.0,14.550325,1.1241107,0.95,14.18,47.5,3069.5,2923.1,67.7,中立,0,,,
3491,ＧＡ　ｔｅｃｈｎｏｌｏｇｉｅｓ,不動産業,1482.0,16.466667,1.8473805,0.88,,608.4,1399.6,1443.6,57.4,中立,0,,,
3494,マリオン,不動産業,430.0,7.352941,0.70815694,1.4,10.14,33.7,429.7,370.2,58.3,中立,0,,,
3495,香陵住販,不動産業,2370.0,7.437394,0.96253854,2.57,14.02,65.5,2357.7,2383.7,53.2,中立,0,,,
3496,アズーム,不動産業,4610.0,27.333096,7.542218,2.73,,568.7,4519.6,4296.9,56.1,中立,0,,,
3498,霞ヶ関キャピタル,不動産業,7760.0,12.792825,2.5375912,2.13,20.14,1904.2,7146.8,6528.4,65.8,中立,0,,,
3501,ＳＵＭＩＮＯＥ,繊維製品,1169.0,,0.46723145,3.59,1.28,155.1,1128.7,1150.4,66.0,中立,0,,,
350A,デジタルグリッド,電気・ガス業,742.0,15.770457,2.9504507,,,299.8,762.7,802.2,45.9,中立,0,,,
3512,日本フエルト,繊維製品,924.0,29.084042,0.6647549,3.03,2.96,154.8,980.4,897.7,45.2,中立,0,,,
3513,イチカワ,繊維製品,3405.0,12.359796,0.5953434,2.94,5.07,143.3,3450.2,3224.9,52.3,中立,1,,,2026-08-07
3521,テルマー湯ホールディングス,サービス業,154.0,25.454544,0.8202091,3.25,3.24,40.7,152.2,150.5,60.9,中立,0,,,
3524,日東製網,繊維製品,1465.0,5.5847816,0.46966296,3.41,8.7,38.0,1444.5,1441.3,58.6,中立,0,,,
3529,アツギ,繊維製品,1033.0,,0.5227873,,-3.89,165.4,1084.4,1030.1,45.5,中立,1,,,2026-08-03
352A,ＬＯＩＶＥ,サービス業,516.0,51.963745,2.8342772,,17.23,66.7,505.8,498.5,54.0,中立,3,,,2026-08-07
3536,アクサスホールディングス,小売業,130.0,13.065327,1.6031966,1.54,23.31,39.4,129.9,129.9,49.9,中立,0,,,
3537,昭栄薬品,卸売業,1743.0,10.700473,0.63395464,2.35,6.07,59.7,1660.4,1627.6,78.4,買われすぎ,1,,,2026-08-06
3538,ウイルプラスホールディングス,小売業,940.0,5.7436147,0.74756604,4.89,10.06,85.5,939.2,922.2,53.2,中立,1,,,2026-08-06
3539,ＪＭホールディングス,小売業,1378.0,11.455648,1.4656924,1.74,13.19,702.2,1317.2,1287.3,61.1,中立,0,,,
3542,ベガコーポレーション,小売業,1376.0,16.35953,6.0568175,1.31,25.39,146.3,1287.4,1399.4,58.0,中立,0,,,
3543,コメダホールディングス,卸売業,2848.0,Infinity,2.5747192,2.18,13.85,1296.1,2857.2,2854.3,50.3,ゴールデンクロス,0,,,
3544,サツドラホールディングス,小売業,1247.0,39.462025,1.7003486,0.96,4.16,171.8,1245.1,1021.2,68.3,中立,2,,,2026-08-07
3547,ユニシアホールディングス,小売業,1770.0,36.585365,2.6058805,0.85,19.93,191.9,1712.2,1691.9,58.5,中立,1,,,2026-08-07
3548,バロックジャパンリミテッド,小売業,726.0,71.03718,1.9506953,5.23,-0.34,261.9,739.6,731.8,37.6,中立,0,,,
3549,クスリのアオキホールディングス,小売業,3990.0,22.546194,2.6865287,1.6,11.95,3789.0,3889.0,3740.0,55.8,中立,2,,,2026-08-05
3550,スタジオアタオ,小売業,219.0,20.0,1.1983256,2.28,-8.41,30.3,222.0,221.8,47.1,中立,0,,,
3551,ダイニック,繊維製品,1395.0,4.610351,0.38207978,3.3,8.82,113.4,1377.4,1289.5,57.5,中立,1,,,2026-08-03
3553,共和レザー,化学,915.0,33.2244,0.60561293,5.68,2.08,218.1,888.0,881.1,65.2,中立,0,,,
3556,リネットジャパングループ,小売業,820.0,16.592474,7.9646444,,69.43,120.2,797.9,818.4,56.7,中立,2,,,2026-08-07
3557,ユナイテッド＆コレクティブ,小売業,565.0,,5.372714,,-55.17,28.0,550.7,549.7,65.2,ゴールデンクロス,1,,,2026-08-03
3558,ジェイドグループ,小売業,1676.0,11.048849,2.2290378,1.79,-3.96,173.6,1638.9,1773.9,54.0,中立,0,,,
3559,ピーバンドットコム,卸売業,440.0,19.48627,1.4336498,2.27,7.51,20.7,412.6,431.6,62.9,中立,1,,,2026-08-07
3560,ほぼ日,小売業,4290.0,10.7473,1.7804879,2.1,14.54,99.6,4321.2,4245.9,50.8,中立,0,,,
3561,力の源ホールディングス,小売業,1602.0,26.34002,3.9819543,1.5,16.06,482.3,1598.0,1521.9,51.7,中立,0,,,
3562,Ｎｏ．１,卸売業,1573.0,15.081495,2.5375717,5.02,16.48,103.3,1585.0,1553.2,52.1,中立,0,,,
3563,ＦＯＯＤ　＆　ＬＩＦＥ　ＣＯＭＰＡＮＩＥＳ,小売業,5672.0,45.11972,11.239651,0.35,29.88,12888.1,5343.6,5087.3,58.5,中立,4,,,2026-08-07
3565,アセンテック,卸売業,418.0,8.704706,2.9615564,3.59,27.41,179.6,417.0,429.7,50.6,中立,0,,,
3566,ユニフォームネクスト,小売業,769.0,15.010736,1.9045874,0.78,15.19,77.8,859.5,871.4,32.2,中立,2,,,2026-08-06
3569,セーレン,繊維製品,3430.0,13.001781,1.2169636,2.22,10.56,2011.2,3275.6,3298.7,62.0,中立,2,,,2026-08-03
3571,ソトー,繊維製品,712.0,17.302551,0.5819409,7.02,3.46,86.8,711.4,704.8,52.9,中立,0,,,
3577,東海染工,繊維製品,927.0,14.470809,0.37089527,2.7,3.98,29.3,928.7,938.3,47.8,中立,1,,,2026-08-06
3580,小松マテーレ,繊維製品,735.0,19.085953,0.6925717,3.81,4.11,276.5,722.9,717.5,57.1,中立,1,,,2026-08-03
3583,オーベクス,繊維製品,1255.0,6.003636,0.4739562,2.79,8.21,34.3,1295.8,1245.1,45.8,中立,2,,,2026-08-07
3591,ワコールホールディングス,繊維製品,4458.0,17.029568,1.0514915,2.24,6.35,2203.9,4447.9,4508.5,52.0,中立,0,,,
3597,自重堂,繊維製品,9100.0,20.861511,0.687096,5.49,3.51,262.3,8972.0,9394.2,51.7,中立,0,,,
3598,山喜,繊維製品,162.0,,0.7079708,1.85,-27.12,23.0,162.2,160.1,52.0,中立,0,,,
3600,フジックス,繊維製品,1706.0,,0.23879176,2.93,-1.26,23.5,1710.7,1682.1,49.9,中立,0,,,
3607,クラウディアホールディングス,繊維製品,361.0,5.3608556,0.6705139,2.77,13.18,32.7,357.8,363.1,51.8,中立,0,,,
3608,ＴＳＩホールディングス,繊維製品,1217.0,20.135672,0.73709506,5.75,3.67,683.2,1225.4,1213.6,50.1,中立,1,,,2026-08-07
3611,マツオカコーポレーション,繊維製品,2500.0,9.063882,0.65717095,4.6,8.1,262.5,2529.9,2351.2,53.2,中立,2,,,2026-08-07
3612,ワールド,繊維製品,1606.0,9.369349,1.2322632,4.17,13.57,1223.8,1614.4,1552.4,51.6,中立,1,,,2026-08-05
3622,ネットイヤーグループ,情報・通信業,486.0,19.565218,1.6880685,1.44,10.38,34.0,503.0,511.1,37.9,中立,0,,,
3623,ビリングシステム,情報・通信業,1053.0,16.23747,2.1432889,3.09,17.21,65.6,1030.4,1033.6,58.6,中立,0,,,
3624,アクセルマーク,情報・通信業,68.0,,3.1680954,,,44.4,71.5,70.1,48.2,中立,0,,,
3625,テックファームホールディングス,情報・通信業,634.0,9.49386,1.5159956,1.26,14.95,45.1,592.3,586.3,61.8,中立,0,,,
3626,ＴＩＳＩ,情報・通信業,3704.0,18.067411,2.658916,2.43,15.43,7772.0,3563.7,3428.6,58.0,中立,0,,,
3627,テクミラホールディングス,情報・通信業,264.0,,0.53052956,2.27,-0.36,31.9,271.0,278.9,42.1,中立,0,,,
3628,データホライゾン,情報・通信業,568.0,26.868496,36.224487,,76.83,72.1,576.8,552.9,47.7,中立,2,,,2026-08-05
3632,グリーホールディングス,情報・通信業,402.0,47.23854,0.7414143,5.35,2.28,690.6,396.4,379.3,59.4,中立,3,,,2026-08-07
3633,ＧＭＯペパボ,情報・通信業,1786.0,10.590608,3.7932127,20.83,34.97,92.1,1737.2,1728.5,61.0,中立,0,,,
3634,ソケッツ,情報・通信業,580.0,16.416643,1.7599277,1.03,-33.7,14.2,573.6,610.2,51.1,中立,2,,,2026-08-06
3635,コーエーテクモホールディングス,情報・通信業,1620.0,12.299748,1.9331858,2.96,20.6,5414.6,1575.6,1541.7,56.2,中立,0,,,
3636,三菱総合研究所,情報・通信業,4635.0,7.322737,0.9459047,3.67,10.79,730.4,4689.4,4610.9,47.9,中立,0,,,
3639,ボルテージ,情報・通信業,222.0,,0.6586267,,-2.95,14.5,229.0,229.3,43.0,中立,0,,,
3640,電算,情報・通信業,2631.0,3.313435,0.92599076,3.8,33.08,146.0,2482.0,2499.1,60.5,中立,0,,,
3641,パピレス,情報・通信業,964.0,81.07653,0.9312885,1.04,-1.29,83.4,960.7,951.1,54.8,中立,1,,,2026-08-03
3645,メディカルネット,情報・通信業,243.0,16.243315,1.1274532,1.23,8.46,22.5,246.4,259.3,46.6,中立,0,,,
3646,駅探,情報・通信業,336.0,,1.3068489,2.38,-25.69,15.9,334.9,329.3,54.9,中立,0,,,
3647,アスリナ,情報・通信業,116.0,,3.0423036,,-40.02,24.6,118.2,117.6,50.5,中立,0,,,
3648,ＡＧＳ,情報・通信業,1028.0,8.892734,1.0696812,3.5,11.71,171.5,1101.1,1088.7,38.5,中立,0,,,
3649,ファインデックス,情報・通信業,846.0,16.906475,3.6580462,3.19,21.82,206.5,851.4,800.6,53.0,中立,0,,,
3652,ディジタルメディアプロフェッショナル,情報・通信業,2480.0,,2.436738,,4.96,78.0,2315.4,2774.1,53.3,中立,0,,,
3653,モルフォ,情報・通信業,673.0,,1.1794933,,-17.69,34.7,640.0,644.1,63.7,中立,0,,,
3656,ＫＬａｂ,情報・通信業,209.0,13.18612,1.5802448,,-39.79,165.6,218.6,238.6,44.1,中立,2,,,2026-08-06
3657,ポールトゥウィンホールディングス,情報・通信業,336.0,,1.4754249,4.76,-27.62,118.8,328.6,306.5,66.5,中立,0,,,
3659,ネクソン,情報・通信業,2430.0,21.297108,1.8119617,2.47,11.56,19054.2,2348.2,2332.0,56.1,中立,1,,,2026-08-03
365A,伊澤タオル,繊維製品,779.0,10.947161,1.9871233,5.39,,70.9,775.1,741.5,54.5,中立,0,,,
3660,アイスタイル,情報・通信業,438.0,21.704659,1.952359,0.23,13.91,438.1,417.5,404.8,63.4,中立,0,,,
3661,エムアップホールディングス,情報・通信業,803.0,19.17841,6.004816,2.99,34.23,555.2,765.2,706.5,64.2,中立,0,,,
3662,エイチームホールディングス,情報・通信業,887.0,27.589424,1.8706332,3.16,4.05,164.9,979.3,960.3,22.6,売られすぎ,0,,,
3663,セルシス,情報・通信業,1869.0,24.134813,10.196399,2.14,27.96,553.8,1882.7,1697.9,52.5,中立,2,,,2026-08-07
3664,ＷＩＺＥ,情報・通信業,23.0,,1.7334942,,-71.63,19.5,22.6,25.9,50.9,中立,1,,,2026-08-03
3665,エニグモ,情報・通信業,402.0,48.90511,1.5216494,2.49,,159.5,404.6,380.2,53.8,中立,0,,,
3667,ｅｎｉｓｈ,情報・通信業,28.0,,1.4072474,,-140.69,12.8,28.9,34.7,46.6,中立,1,,,2026-08-03
3668,コロプラ,情報・通信業,406.0,154.37262,0.7565523,4.93,2.55,522.0,390.2,388.9,60.7,中立,2,,,2026-08-05
366A,ウェルネス・コミュニケーションズ,サービス業,1027.0,15.078549,2.195148,3.89,17.7,128.0,1045.8,1042.8,46.0,中立,0,,,
3670,協立情報通信,情報・通信業,1741.0,7.3031588,1.13771,3.73,,20.9,,,,,2,,,2026-08-06
3671,ソフトマックス,情報・通信業,309.0,12.945119,1.929682,3.24,15.37,74.3,322.7,312.0,42.1,中立,0,,,
3672,オルトプラス,情報・通信業,27.0,,1.7381228,,-50.9,23.4,28.1,29.9,45.1,中立,3,,,2026-08-06
3673,ブロードリーフ,情報・通信業,454.0,67.45914,3.3412817,1.76,6.49,821.9,436.2,430.7,60.3,中立,1,,,2026-08-03
3674,オークファン,情報・通信業,318.0,,0.82655585,,-9.42,33.5,321.2,322.7,45.9,中立,0,,,
3675,クロス・マーケティンググループ,情報・通信業,615.0,9.021564,1.2914497,2.44,15.42,115.3,599.8,587.5,64.8,中立,0,,,
3676,デジタルハーツホールディングス,情報・通信業,903.0,17.034523,2.0911636,2.99,12.61,201.4,748.1,753.5,84.0,買われすぎ,5,,,2026-08-06
3678,メディアドゥ,情報・通信業,1245.0,10.387985,1.01306,3.21,6.23,189.0,1296.2,1284.6,41.9,中立,0,,,
3679,じげん,情報・通信業,419.0,10.067276,1.8459369,3.22,19.48,415.5,408.8,400.4,59.2,中立,0,,,
367A,プリモグローバルホールディングス,小売業,2850.0,12.112197,1.2262954,4.21,,249.3,2802.9,2781.1,57.0,中立,0,,,
3680,ホットリンク,情報・通信業,210.0,,0.8206523,2.95,-36.23,32.1,214.2,219.9,43.8,中立,0,,,
3682,エンカレッジ・テクノロジ,情報・通信業,610.0,19.086359,1.323397,4.43,1.0,40.6,606.1,603.5,54.6,中立,0,,,
3683,サイバーリンクス,情報・通信業,1070.0,9.303538,1.2601296,3.27,9.35,118.9,1056.9,1038.4,55.7,中立,0,,,
3686,ディー・エル・イー,情報・通信業,61.0,,0.66321653,,29.9,26.5,67.5,81.9,32.1,中立,0,,,
3687,フィックスターズ,情報・通信業,2240.0,42.105263,8.271513,0.85,21.55,723.6,2207.2,2114.8,51.2,中立,2,,,2026-08-07
368A,北里,精密機器,1491.0,15.308008,3.0013587,2.75,22.33,596.4,1386.9,1291.8,71.7,買われすぎ,0,,,
3690,イルグルム,情報・通信業,533.0,100.75614,1.7632425,1.31,1.41,33.3,542.4,534.8,44.5,中立,4,,,2026-08-07
3691,デジタルプラス,情報・通信業,1511.0,,8.191656,,-13.71,65.9,1576.4,1618.5,46.9,中立,0,,,
3692,ＦＦＲＩセキュリティ,情報・通信業,5210.0,37.519802,10.910423,0.35,33.48,412.1,5185.6,5453.1,52.0,中立,0,,,
3694,オプティム,情報・通信業,402.0,19.851852,2.3592935,,0.29,219.1,403.5,420.0,48.1,中立,0,,,
3695,ＧＭＯプロダクトプラットフォーム,情報・通信業,1452.0,34.745155,2.6705658,4.42,19.85,63.9,1446.2,1569.4,43.8,中立,0,,,
3696,セレス,情報・通信業,2057.0,9.500277,1.7965755,8.75,14.02,237.5,2116.8,1906.3,48.6,中立,0,,,
3697,ＳＨＩＦＴ,情報・通信業,896.4,27.864471,5.9563837,0.91,17.23,2291.2,785.6,704.1,62.7,中立,0,,,
3698,ＣＲＩ・ミドルウェア,情報・通信業,1119.0,15.727336,1.4034022,2.41,9.31,58.5,1184.8,1111.3,39.2,中立,2,,,2026-08-06
369A,エータイ,サービス業,2355.0,25.664778,3.0651011,2.29,,99.9,2293.9,2258.2,58.2,中立,1,,,2026-08-07
3708,特種東海製紙,パルプ・紙,2050.0,16.45529,0.8559731,4.59,5.17,714.4,2054.3,1838.8,53.2,中立,4,,,2026-08-07
3710,ジョルダン,情報・通信業,614.0,8.812976,0.65016407,0.98,7.59,31.3,618.4,615.6,44.9,中立,0,,,
3712,情報企画,情報・通信業,985.0,12.554168,2.005077,2.44,16.92,149.0,1006.3,985.1,47.1,中立,1,,,2026-08-06
3719,ＡＩストーム,情報・通信業,135.0,20.865534,3.6645944,2.22,,40.4,159.5,189.1,22.7,売られすぎ,3,,,2026-08-07
3723,日本ファルコム,情報・通信業,2714.0,17.696922,2.4914513,0.37,14.91,267.8,2680.7,2474.8,55.3,中立,0,,,
3726,フォーシーズＨＤ,小売業,395.0,,2.4602776,,-33.15,51.9,372.5,377.5,66.8,中立,0,,,
3727,アプリックス,情報・通信業,146.0,,1.4219209,1.37,-8.64,63.7,141.1,145.6,58.2,中立,0,,,
372A,レント,サービス業,5470.0,7.2175965,1.0522963,4.3,15.97,211.0,5314.4,5190.9,58.3,中立,2,,,2026-08-03
3733,ソフトウェア・サービス,情報・通信業,11350.0,10.037052,1.3887919,1.5,14.87,561.0,10946.0,10910.9,58.4,中立,0,,,
373A,リップス,化学,1476.0,7.3348904,0.9601424,,,38.2,1501.4,1522.3,35.1,中立,0,,,
3741,セック,情報・通信業,3080.0,20.833334,3.0494022,2.01,15.37,314.5,3013.0,3294.3,51.3,中立,0,,,
3744,サイオス,情報・通信業,462.0,12.503383,2.003556,1.08,23.35,40.1,508.9,503.9,36.0,中立,2,,,2026-08-06
3747,インタートレード,情報・通信業,411.0,159.92218,2.4610484,,1.34,29.5,412.4,461.9,49.8,中立,2,,,2026-08-07
3750,ＡＤＲバイオメディカルホールディングス,情報・通信業,792.0,,321.42856,,-121.47,70.7,797.0,800.7,49.0,中立,1,,,2026-08-07
3753,フライトソリューションズ,情報・通信業,187.0,,3.9032333,,-20.55,27.5,187.0,170.6,53.4,中立,2,,,2026-08-07
3758,アエリア,情報・通信業,247.0,14.606742,0.58765733,2.02,3.66,50.3,240.4,237.3,65.2,中立,1,,,2026-08-03
3760,ケイブ,情報・通信業,760.0,,1.2873697,1.32,-57.41,45.8,709.2,647.0,63.9,中立,0,,,
3762,テクマトリックス,情報・通信業,2284.0,17.786776,3.495631,2.8,18.75,917.8,1992.4,1863.8,72.2,買われすぎ,2,,,2026-08-04
3763,プロシップ,情報・通信業,1808.0,20.748222,4.0825915,2.32,21.92,465.5,1818.3,1686.0,51.4,中立,1,,,2026-08-03
3765,ガンホー・オンライン・エンターテイメント,情報・通信業,2390.0,94.05746,1.0955503,3.77,3.27,1251.6,2377.3,2343.3,53.1,中立,1,,,2026-08-07
3766,システムズ・デザイン,情報・通信業,1426.0,12.406472,1.0122011,4.21,8.33,48.7,1400.8,1319.7,60.2,中立,2,,,2026-08-07
3768,リスクモンスター,情報・通信業,563.0,19.03313,0.7096436,2.93,3.77,41.7,560.8,561.1,52.2,中立,0,,,
3769,ＧＭＯペイメントゲートウェイ,情報・通信業,10060.0,32.13031,6.5144386,1.69,21.79,7639.9,9802.3,8806.3,59.9,中立,0,,,
3771,システムリサーチ,情報・通信業,1803.0,11.452709,2.3560774,8.87,21.36,299.0,1823.0,1762.0,49.5,中立,1,,,2026-08-07
3772,ウェルス・マネジメント,不動産業,1054.0,,1.1440468,1.9,-6.35,202.1,1052.3,1061.7,50.6,中立,2,,,2026-08-07
3773,アドバンスト・メディア,情報・通信業,1080.0,9.715725,1.2067943,2.04,13.21,162.2,1108.5,1065.7,48.7,中立,1,,,2026-08-03
3774,インターネットイニシアティブ,情報・通信業,3632.0,26.715704,4.0745993,1.18,16.19,6440.6,3497.6,3172.4,65.4,中立,2,,,2026-08-07
3776,ブロードバンドタワー,情報・通信業,252.0,30.252102,1.6941177,0.79,-4.8,154.9,261.8,259.7,48.7,中立,1,,,2026-08-06
3777,環境フレンドリーホールディングス,情報・通信業,45.0,,3.6360698,,-0.63,145.5,47.6,52.3,40.1,中立,0,,,
3778,さくらインターネット,情報・通信業,3440.0,656.4886,4.4762,0.16,4.64,1376.8,2992.3,3031.7,63.4,中立,0,,,
3779,ジェイ・エスコムホールディングス,情報・通信業,132.0,,2.7218177,,-6.4,15.3,130.6,139.8,51.8,中立,1,,,2026-08-03
3787,テクノマセマティカル,情報・通信業,264.0,7.9589996,0.37778187,,4.76,6.8,280.0,320.9,38.7,中立,0,,,
3788,ＧＭＯグローバルサイン・ホールディングス,情報・通信業,2304.0,26.292366,2.6336634,2.59,12.17,264.3,2199.9,2029.7,64.3,中立,0,,,
378A,ヒット,サービス業,1058.0,13.91373,2.6976032,3.31,,150.8,1059.2,1075.2,51.3,中立,0,,,
3791,ＩＧポート,情報・通信業,1103.0,33.18291,2.2339964,1.18,7.51,223.0,1158.5,1262.3,45.3,中立,1,,,2026-08-04
3793,ドリコム,情報・通信業,456.0,61.538464,2.4968653,1.1,56.96,130.7,429.3,418.7,64.2,中立,1,,,2026-08-04
3796,いい生活,情報・通信業,294.0,26.824818,2.0402215,1.02,7.82,40.6,285.3,284.3,56.8,ゴールデンクロス,2,,,2026-08-06
3798,ＵＬＳグループ,情報・通信業,555.0,15.994236,2.566403,1.48,18.1,314.0,558.1,529.2,51.8,中立,0,,,
3799,キーウェアソリューションズ,情報・通信業,1143.0,11.916181,1.1941764,3.5,10.29,95.6,1076.5,1042.8,73.9,買われすぎ,0,,,
3800,ユニリタ,情報・通信業,1960.0,19.373333,1.2049266,3.88,6.32,149.2,1960.3,1941.5,50.9,中立,1,,,2026-08-04
3802,エコミック,情報・通信業,490.0,20.16461,1.2349505,2.65,6.9,16.8,488.3,476.0,54.4,中立,1,,,2026-08-06
3803,イメージ情報開発,情報・通信業,528.0,,2.7805717,,-59.4,17.5,495.0,525.6,56.1,中立,0,,,
3804,システム　ディ,情報・通信業,440.0,14.308943,1.6079403,2.5,11.71,84.7,442.2,470.4,45.8,中立,0,,,
3807,フィスコ,情報・通信業,85.0,,3.5663338,,-129.19,38.9,86.2,93.7,47.0,中立,0,,,
3810,サイバーステップホールディングス,情報・通信業,182.0,,2.0996284,,-61.69,149.1,175.6,214.1,53.5,中立,0,,,
3815,メディア工房,情報・通信業,449.0,,8.331942,,-93.04,48.6,444.3,444.8,66.3,中立,0,,,
3816,大和コンピューター,情報・通信業,1134.0,16.671568,0.807911,1.68,4.71,43.9,1117.1,1107.6,56.9,中立,0,,,
3817,ＳＲＡホールディングス,情報・通信業,4835.0,10.90905,1.8178394,4.96,17.59,610.8,4615.4,4554.1,65.2,中立,1,,,2026-08-06
3823,ＴＨＥ　ＷＨＹ　ＨＯＷ　ＤＯ　ＣＯＭＰＡＮＹ,情報・通信業,30.0,,2.8446805,,,39.4,31.6,35.0,43.4,中立,1,,,2026-08-03
3825,リミックスポイント,小売業,203.0,,1.2406948,1.48,-22.63,297.6,199.0,200.9,53.4,中立,1,,,2026-08-07
3826,システムインテグレータ,情報・通信業,504.0,12.0,1.2463278,2.18,12.47,55.0,455.0,448.4,79.3,買われすぎ,0,,,
3834,朝日ネット,情報・通信業,616.0,12.411847,1.217945,4.06,9.87,159.6,632.0,617.8,39.0,中立,2,,,2026-08-06
3835,ｅＢＡＳＥ,情報・通信業,423.0,18.40731,2.7383957,2.88,14.71,185.9,422.6,407.6,54.1,中立,0,,,
3836,アバントグループ,情報・通信業,1129.0,11.461929,2.7216427,6.02,25.59,389.0,1212.1,1159.7,38.1,中立,2,,,2026-08-05
3837,アドソル日進,情報・通信業,1399.0,16.416334,3.3915153,3.43,20.11,235.6,1482.9,1446.9,39.3,中立,3,,,2026-08-06
3839,ＯＤＫソリューションズ,情報・通信業,635.0,37.309048,0.8397849,1.57,1.77,52.0,635.8,627.1,48.6,中立,0,,,
3840,パス,情報・通信業,56.0,,2.43045,,-58.28,46.3,59.7,58.5,41.5,中立,0,,,
3841,ジーダット,情報・通信業,1291.0,28.89436,1.9516989,3.1,4.39,49.7,1237.4,1200.4,57.9,中立,0,,,
3842,ネクストジェン,情報・通信業,998.0,10.577637,1.2838854,2.0,12.76,30.9,956.9,956.7,64.7,ゴールデンクロス,1,,,2026-08-07
3843,フリービット,情報・通信業,1593.0,10.600918,3.8998144,2.57,27.86,347.6,1571.6,1483.7,58.7,中立,0,,,
3844,コムチュア,情報・通信業,1427.0,13.854369,2.2541664,3.64,16.99,455.1,1383.4,1333.8,62.8,中立,0,,,
3845,アイフリークモバイル,情報・通信業,240.0,121.82741,6.371287,,-8.4,53.4,217.7,234.6,63.9,中立,0,,,
3848,データ・アプリケーション,情報・通信業,825.0,33.591206,1.0921597,4.24,4.0,52.6,821.6,852.9,51.3,中立,0,,,
3850,エヌ・ティ・ティ・データ・イントラマート,情報・通信業,3270.0,17.398245,2.7115912,2.29,18.37,159.3,3106.7,2868.2,64.8,中立,0,,,
3851,日本一ソフトウェア,情報・通信業,1057.0,,0.6732977,0.47,-3.23,53.5,930.8,862.2,63.9,中立,1,,,2026-08-07
3853,アステリア,情報・通信業,1070.0,22.240698,2.3316169,0.93,11.7,181.7,1097.1,1480.8,41.4,中立,0,,,
3854,アイル,情報・通信業,2225.0,14.147644,4.4422174,2.97,37.42,556.2,2301.1,2324.5,43.9,中立,0,,,
3856,Ａｂａｌａｎｃｅ,電気機器,341.0,0.95810735,0.17370494,1.76,,64.6,475.0,505.0,27.7,売られすぎ,0,,,
3858,ユビキタスＡＩ,情報・通信業,294.0,,1.6107471,,-24.07,30.7,294.6,318.5,48.6,中立,0,,,
3861,王子ホールディングス,パルプ・紙,885.9,14.503929,0.7044964,4.06,,7523.4,853.1,819.4,63.0,中立,2,,,2026-08-05
3863,日本製紙,パルプ・紙,1405.0,13.816501,0.31862202,1.07,2.63,1620.1,1407.6,1349.1,52.2,中立,4,,,2026-08-05
3864,三菱製紙,パルプ・紙,1170.0,27.002075,0.4968887,2.22,2.02,512.6,1104.0,1047.9,59.9,中立,1,,,2026-08-06
3865,北越コーポレーション,パルプ・紙,930.0,21.335169,0.5863154,2.8,2.87,1476.9,908.9,900.5,54.9,中立,1,,,2026-08-07
386A,みのや,小売業,1273.0,17.947271,1.1691738,3.87,,45.9,1278.5,1295.5,44.0,中立,1,,,2026-08-05
3877,中越パルプ工業,パルプ・紙,2219.0,11.418134,0.465089,5.41,4.27,278.8,2107.9,2027.9,72.0,買われすぎ,2,,,2026-08-06
3878,巴川コーポレーション,化学,858.0,8.990883,0.47607794,1.75,5.64,84.1,797.4,831.0,59.7,中立,1,,,2026-08-07
387A,フラー,情報・通信業,944.0,9.780356,1.3605226,,,16.4,971.3,926.7,47.9,中立,0,,,
3880,大王製紙,パルプ・紙,990.0,18.418604,0.6728446,1.41,4.34,1526.7,967.1,950.8,57.6,中立,1,,,2026-08-06
3891,ニッポン高度紙工業,パルプ・紙,6810.0,27.176949,2.6492984,1.62,12.94,718.2,7284.4,7630.3,44.5,中立,0,,,
3892,岡山製紙,パルプ・紙,1595.0,9.014865,0.5115857,3.13,5.99,74.1,1635.9,1677.8,36.8,中立,0,,,
3895,ハビックス,パルプ・紙,405.0,5.793991,0.43529618,3.95,9.6,31.7,405.4,409.3,47.4,中立,2,,,2026-08-07
3896,阿波製紙,パルプ・紙,387.0,5.175873,0.60508835,,11.83,38.7,368.1,391.7,60.4,中立,0,,,
3900,クラウドワークス,情報・通信業,707.0,,1.6751133,,-5.91,111.9,654.8,621.5,61.1,中立,0,,,
3901,マークラインズ,情報・通信業,1488.0,12.206727,3.0206146,3.49,23.47,189.7,1363.0,1359.6,70.7,ゴールデンクロス,3,,,2026-08-06
3903,ｇｕｍｉ,情報・通信業,251.0,8.964286,0.6330742,,6.29,135.3,246.3,271.2,50.9,中立,0,,,
3904,カヤック,情報・通信業,413.0,9.685741,1.0751344,0.94,7.91,63.6,413.5,409.5,53.2,中立,0,,,
3905,データセクション,情報・通信業,1892.0,20.943104,2.8994615,,25.74,604.0,2473.8,3257.0,32.4,中立,1,,,2026-08-03
3907,シリコンスタジオ,情報・通信業,1673.0,,2.6407964,1.2,4.98,45.9,1012.6,980.4,67.8,中立,0,,,
3908,コラボス,情報・通信業,345.0,15.876669,1.174744,1.74,7.17,16.1,341.2,323.1,58.9,中立,1,,,2026-08-03
3909,ショーケース,情報・通信業,207.0,2.1895494,1.0537676,,,17.7,201.5,207.5,57.6,中立,0,,,
3910,エムケイシステム,情報・通信業,276.0,5.8375635,1.6607398,2.9,42.93,15.0,277.2,280.8,49.5,中立,1,,,2026-08-05
3911,Ａｉｍｉｎｇ,情報・通信業,172.0,12.518195,1.1057893,,10.04,80.3,195.0,184.7,34.5,中立,1,,,2026-08-03
3912,モバイルファクトリー,情報・通信業,1093.0,14.907256,2.8413818,4.67,17.34,71.0,1084.3,1086.2,54.1,中立,0,,,
3913,ＧｒｅｅｎＢｅｅ,情報・通信業,1030.0,11.768739,1.9603401,,17.6,20.8,979.1,1006.2,60.3,中立,0,,,
3914,ＪＩＧ－ＳＡＷ,情報・通信業,2271.0,28.882107,4.0584736,,15.34,149.4,2397.5,2464.8,41.1,中立,1,,,2026-08-03
3915,テラスカイ,情報・通信業,2218.0,18.207191,2.2875507,0.77,13.48,286.3,2212.5,2212.9,50.4,デッドクロス,0,,,
3916,デジタル・インフォメーション・テクノロジー,情報・通信業,932.0,12.608226,3.1920323,4.08,26.54,274.6,938.5,874.5,53.4,中立,0,,,
3917,アイリッジ,情報・通信業,498.0,6.11343,1.2850817,,-4.87,39.0,466.2,447.3,69.5,中立,2,,,2026-08-07
3918,ＰＣＩホールディングス,情報・通信業,1226.0,10.759105,1.2462845,6.2,11.55,121.6,1221.7,1179.3,54.7,中立,2,,,2026-08-07
3920,アイビーシー,情報・通信業,980.0,14.094636,2.2618847,2.24,8.84,54.5,991.5,993.6,41.9,中立,0,,,
3921,ネオジャパン,情報・通信業,1595.0,12.350937,2.9551482,3.39,12.35,223.6,1606.9,1550.4,50.6,中立,0,,,
3922,ＰＲ　ＴＩＭＥＳ,情報・通信業,2050.0,11.744486,2.9052918,0.82,28.76,276.9,2205.1,2212.2,34.8,デッドクロス,2,,,2026-08-06
3923,ラクス,情報・通信業,1052.5,28.492151,14.315833,0.76,55.38,3727.0,1028.3,954.3,56.8,中立,0,,,
3925,ダブルスタンダード,情報・通信業,1251.0,15.257958,2.5315635,5.6,16.95,169.1,1229.1,1233.1,57.8,中立,0,,,
3926,オープンドア,情報・通信業,367.0,,3.2735121,,-28.92,113.8,375.4,314.0,50.0,中立,2,,,2026-08-07
3927,フーバーブレイン,情報・通信業,974.0,17.199364,2.418884,1.64,16.72,52.1,940.3,970.9,56.3,中立,0,,,
3928,マイネット,情報・通信業,242.0,9.033221,1.4986748,,0.53,20.7,232.9,243.6,60.2,中立,0,,,
3929,ソーシャルワイヤー,情報・通信業,245.0,12.935586,1.6161377,,12.96,28.7,265.3,293.4,37.2,中立,0,,,
3930,はてな,情報・通信業,731.0,15.72043,1.0342768,,-28.25,21.9,1020.7,983.0,21.6,売られすぎ,0,,,
3931,バリューゴルフ,情報・通信業,1490.0,,2.5861142,1.68,0.28,26.9,1782.4,1805.9,22.1,売られすぎ,0,,,
3932,アカツキ,情報・通信業,3200.0,8.165974,1.0174664,3.75,13.01,461.5,2975.8,2952.8,70.5,買われすぎ,0,,,
3933,チエル,情報・通信業,508.0,5.762904,1.1237396,4.53,19.48,37.9,484.4,532.5,62.8,中立,2,,,2026-08-05
3934,ベネフィットジャパン,情報・通信業,2175.0,12.831101,1.4673678,4.46,11.93,128.3,2208.7,2187.3,46.3,中立,0,,,
3935,エディア,情報・通信業,664.0,9.057427,3.2432485,2.56,-69.08,38.4,715.7,680.5,32.3,中立,1,,,2026-08-03
3936,グローバルウェイ,情報・通信業,155.0,29.35606,6.1002007,,-60.67,56.7,157.0,167.4,47.7,中立,0,,,
3937,Ｕｂｉｃｏｍホールディングス,情報・通信業,1062.0,14.439157,2.1372638,2.35,15.35,128.7,1009.8,975.1,69.1,中立,0,,,
3939,カナミックネットワーク,情報・通信業,509.0,19.128147,49.326485,1.77,27.0,241.6,494.8,504.9,59.9,中立,0,,,
3940,ノムラシステムコーポレーション,情報・通信業,117.0,13.250283,1.6153082,3.03,10.4,52.8,117.0,120.0,49.4,中立,3,,,2026-08-07
3941,レンゴー,パルプ・紙,1577.0,18.614258,0.7994383,3.17,5.74,3856.9,1476.1,1400.9,64.9,中立,2,,,2026-08-05
3943,大石産業,パルプ・紙,1292.0,13.98874,0.5184876,4.02,3.76,101.3,1278.9,1269.2,59.6,中立,1,,,2026-08-07
3944,古林紙工,パルプ・紙,2899.0,10.171929,0.3640538,1.72,5.84,32.2,2564.4,2429.0,78.8,買われすぎ,1,,,2026-08-07
3945,スーパーバッグ,パルプ・紙,2380.0,4.4123096,0.6373341,4.62,15.55,35.3,2251.4,2198.0,77.0,買われすぎ,1,,,2026-08-07
3946,トーモク,パルプ・紙,4570.0,10.240666,0.7373413,3.72,7.86,755.2,4343.4,3972.1,65.7,中立,0,,,
3947,ダイナパック,パルプ・紙,2450.0,7.6574464,0.499511,3.27,6.27,239.3,2226.5,2197.6,76.9,買われすぎ,1,,,2026-08-07
3948,光ビジネスフォーム,パルプ・紙,1132.0,40.822216,1.0580844,4.42,1.61,60.8,1133.4,1125.6,51.2,中立,2,,,2026-08-07
3950,ザ・パック,パルプ・紙,1457.0,13.606649,1.0548203,2.88,7.82,805.0,1416.0,1340.8,62.1,中立,2,,,2026-08-07
3951,朝日印刷,パルプ・紙,888.0,11.718132,0.5153057,4.28,4.56,183.6,881.1,863.6,58.5,中立,3,,,2026-08-07
3953,大村紙業,パルプ・紙,790.0,7.6863203,0.5509742,3.8,7.31,28.1,783.9,762.7,56.1,中立,0,,,
3954,昭和パックス,パルプ・紙,3145.0,10.75839,0.516887,1.59,5.28,138.1,2870.1,2936.1,65.9,中立,0,,,
3955,イムラ,パルプ・紙,850.0,8.9389,0.4794705,3.53,3.51,85.0,832.7,819.0,62.9,中立,0,,,
3958,笹徳印刷,パルプ・紙,553.0,12.8515,0.3163087,3.25,2.64,30.1,549.3,548.1,59.9,中立,7,,,2026-08-07
3962,チェンジホールディングス,情報・通信業,952.0,9.544817,1.4167278,2.73,29.53,662.4,944.2,931.7,52.3,中立,1,,,2026-08-05
3963,シンクロ・フード,情報・通信業,364.0,37.837837,2.1426384,4.12,,102.1,339.6,344.7,67.0,中立,0,,,
3964,オークネット,情報・通信業,1470.0,22.625828,4.965025,2.99,25.86,1333.6,1402.3,1363.8,62.4,中立,4,,,2026-08-04
3965,キャピタル・アセット・プランニング,情報・通信業,877.0,9.335746,1.2828596,2.39,12.81,50.5,861.4,843.1,67.3,中立,2,,,2026-08-07
3967,エルテス,情報・通信業,598.0,,2.0622325,,-34.7,37.0,582.9,578.9,63.0,中立,0,,,
3968,セグエグループ,情報・通信業,579.0,15.560333,2.9236665,3.11,36.11,210.4,592.3,561.8,47.5,中立,0,,,
3969,エイトレッド,情報・通信業,1404.0,14.675447,1.8611902,2.56,13.68,105.1,1400.8,1376.5,53.1,中立,0,,,
3970,イノベーション,情報・通信業,784.0,,0.7267772,5.1,-6.4,21.1,788.2,812.3,46.9,中立,2,,,2026-08-06
3974,ＳＣＡＴ,情報・通信業,666.0,15.105466,1.0021397,2.1,6.51,20.9,623.8,577.6,73.0,買われすぎ,0,,,
3976,シャノン,情報・通信業,515.0,,2.661774,,,30.5,571.0,501.5,40.5,中立,0,,,
3979,うるる,情報・通信業,399.0,14.966242,2.9879136,1.08,21.93,109.9,408.5,384.0,47.1,中立,1,,,2026-08-03
3981,ビーグリー,情報・通信業,1226.0,10.043418,0.8715483,3.67,8.1,68.5,1217.8,1229.2,52.8,中立,0,,,
3983,オロ,情報・通信業,2241.0,18.633076,3.4459004,2.23,20.64,342.6,2181.4,2057.1,65.3,中立,1,,,2026-08-07
3984,ユーザーローカル,情報・通信業,1528.0,14.834951,2.5565178,1.96,19.77,240.4,1781.6,1724.8,29.0,売られすぎ,4,,,2026-08-07
3985,テモナ,情報・通信業,181.0,,1.3024019,,11.77,19.4,180.4,179.9,54.5,中立,0,,,
3986,ビーブレイクシステムズ,情報・通信業,491.0,25.0,2.9682739,3.05,5.44,22.4,480.4,498.8,52.5,中立,0,,,
3987,エコモット,情報・通信業,669.0,,4.299375,,-0.93,34.6,610.3,569.5,77.3,買われすぎ,1,,,2026-08-04
3988,ＳＹＳホールディングス,情報・通信業,540.0,14.084507,1.4136865,1.48,12.14,57.1,534.8,532.0,53.2,中立,0,,,
3989,シェアリングテクノロジー,情報・通信業,1396.0,22.588997,6.8040805,3.94,,334.1,1402.9,1185.3,58.1,中立,0,,,
3991,ウォンテッドリー,情報・通信業,910.0,10.172144,1.7044008,2.2,17.94,86.5,921.6,950.3,44.6,中立,0,,,
3992,ニーズウェル,情報・通信業,439.0,20.707546,3.5035074,2.73,17.44,166.2,446.0,433.1,48.3,中立,2,,,2026-08-06
3993,ＰＫＳＨＡ　Ｔｅｃｈｎｏｌｏｇｙ,情報・通信業,2861.0,36.311714,2.4852974,0.7,7.16,883.9,2830.0,2896.0,52.7,中立,0,,,
3994,マネーフォワード,情報・通信業,5396.0,68.71259,6.7157946,,8.58,2992.9,5195.3,4648.2,56.4,中立,0,,,
3996,サインポスト,情報・通信業,197.0,33.109245,1.331117,,6.21,25.2,198.8,197.3,51.0,中立,0,,,
3997,トレードワークス,情報・通信業,418.0,280.5369,6.239085,0.48,7.83,170.0,369.4,365.6,62.7,中立,4,,,2026-08-07
3998,すららネット,情報・通信業,310.0,,0.8858611,,-0.71,19.6,310.9,311.3,47.0,中立,3,,,2026-08-07
4004,レゾナック・ホールディングス,化学,16395.0,102.06051,4.1792655,0.4,5.47,29672.2,14931.4,16300.3,56.1,中立,4,,,2026-08-06
4005,住友化学,化学,509.4,13.719364,0.76276785,3.14,13.17,8414.6,529.3,544.6,44.5,中立,4,,,2026-08-07
4008,住友精化,化学,1542.0,13.132345,0.96257865,4.54,7.76,993.2,1293.0,1274.1,77.6,買われすぎ,5,,,2026-08-06
4011,ヘッドウォータース,情報・通信業,2026.0,146.8116,5.8185287,,8.32,123.7,2012.8,2111.6,51.4,中立,0,,,
4012,アクシス,情報・通信業,1750.0,10.39501,1.8324857,3.26,17.95,75.2,1707.1,1641.3,58.6,中立,2,,,2026-08-06
4013,勤次郎,情報・通信業,730.0,14.169254,1.4002566,1.37,10.01,143.8,701.7,660.2,64.2,中立,0,,,
4014,カラダノート,情報・通信業,509.0,38.619118,5.427886,,32.82,34.0,519.2,456.8,50.8,中立,0,,,
4015,ペイクラウドホールディングス,情報・通信業,542.0,129.97601,1.7781395,,2.81,84.4,538.7,493.3,55.5,中立,0,,,
4016,ＭＩＴホールディングス,情報・通信業,935.0,25.771776,2.5976768,3.21,10.24,18.7,933.1,906.8,55.2,中立,0,,,
4017,クリーマ,情報・通信業,215.0,52.567234,1.2637691,,2.83,14.5,211.4,210.8,56.1,中立,0,,,
4019,スタメン,情報・通信業,620.0,26.360544,3.4972925,1.29,17.68,54.4,626.5,615.9,49.3,中立,1,,,2026-08-05
4020,ビートレンド,情報・通信業,701.0,,2.110454,,-20.59,15.2,695.0,682.8,55.3,中立,0,,,
4021,日産化学,化学,7495.0,20.349152,3.9376636,2.83,20.39,10005.0,7839.5,7566.4,43.4,中立,4,,,2026-08-07
4022,ラサ工業,化学,2296.0,20.560581,2.8167355,1.57,14.6,896.8,1922.4,2047.1,60.8,中立,0,,,
4023,クレハ,化学,4420.0,,1.0223596,4.89,-5.58,1689.3,4229.2,3971.1,67.2,中立,2,,,2026-08-07
4025,多木化学,化学,6140.0,15.777572,1.1392392,1.71,8.17,512.5,4995.2,4957.3,75.4,買われすぎ,2,,,2026-08-06
4026,神島化学工業,ガラス・土石製品,1647.0,8.120501,3.7127373,1.58,9.64,149.7,1579.7,1722.0,55.8,中立,1,,,2026-08-03
4027,テイカ,化学,2413.0,,0.90354156,3.32,-1.4,546.8,2316.0,2214.5,58.8,中立,3,,,2026-08-07
4028,石原産業,化学,3155.0,7.2568774,0.9359696,4.12,13.67,1207.3,2912.2,2954.8,63.2,中立,5,,,2026-08-07
402A,アクセルスペースホールディングス,輸送用機器,514.0,,4.898224,,-80.98,341.2,493.4,610.8,52.1,中立,0,,,
4031,片倉コープアグリ,化学,1037.0,,0.40535477,2.7,-5.24,92.9,1054.8,1123.0,46.6,中立,1,,,2026-08-07
4040,南海化学,化学,3605.0,2.6205032,0.6505656,1.8,28.48,72.0,3570.2,3588.6,52.9,中立,0,,,
4041,日本曹達,化学,3960.0,11.766803,1.0365407,4.04,9.3,2122.7,3753.8,3638.5,72.5,買われすぎ,2,,,2026-08-07
4042,東ソー,化学,2722.0,20.579119,1.0075574,3.67,,8380.8,2745.0,2725.4,47.0,中立,3,,,2026-08-04
4043,トクヤマ,化学,4025.0,13.041082,1.0090418,3.58,,2895.8,4417.8,4594.1,38.3,中立,0,,,
4044,セントラル硝子,化学,4280.0,12.687873,0.8583467,3.97,7.51,1061.1,4189.4,4129.8,57.0,中立,0,,,
4045,東亞合成,化学,1887.0,15.495155,0.908932,3.82,6.11,1997.7,1776.5,1731.1,74.8,買われすぎ,1,,,2026-08-07
4046,大阪ソーダ,化学,1851.0,14.923809,1.7690775,1.51,12.65,2245.2,1803.0,1843.9,54.6,中立,3,,,2026-08-07
4047,関東電化工業,化学,2846.0,43.19976,2.2546735,1.26,5.4,1632.3,2901.3,2988.9,46.9,中立,0,,,
4051,ＧＭＯフィナンシャルゲート,情報・通信業,6700.0,33.612602,8.518591,1.87,26.06,553.2,6585.2,6209.5,56.5,中立,0,,,
4052,フィーチャ,情報・通信業,533.0,,4.5104895,,-6.84,31.2,301.8,273.1,70.8,買われすぎ,1,,,2026-08-05
4053,Ｓｕｎ　Ａｓｔｅｒｉｓｋ,情報・通信業,463.0,38.26446,1.6102779,2.16,6.24,180.7,454.1,443.3,57.8,中立,3,,,2026-08-07
4054,日本情報クリエイト,情報・通信業,550.0,16.138496,1.9303257,1.64,,75.5,570.5,540.6,43.4,中立,0,,,
4055,ティアンドエスグループ,情報・通信業,1510.0,20.84196,3.585395,0.73,,112.9,1585.1,1841.1,43.2,中立,0,,,
4056,ニューラルグループ,情報・通信業,209.0,,2.142447,,-23.36,35.9,215.0,237.0,44.5,中立,0,,,
4057,インターファクトリー,情報・通信業,348.0,41.086185,1.1597139,,2.84,14.0,356.8,363.9,42.6,中立,0,,,
4058,トヨクモ,情報・通信業,2443.0,24.587358,6.46736,1.11,36.06,264.7,2231.1,2047.1,69.7,中立,0,,,
4059,まぐまぐ,情報・通信業,405.0,55.555557,1.3421574,,2.45,12.1,413.7,402.3,46.9,中立,0,,,
4060,ｒａｋｕｍｏ,情報・通信業,1160.0,27.632206,3.5481927,1.21,15.07,67.6,1114.9,1103.9,62.1,中立,0,,,
4061,デンカ,化学,3575.0,19.649334,0.9918122,2.8,3.48,3081.6,3743.3,3989.3,44.5,中立,5,,,2026-08-07
4062,イビデン,電気機器,19110.0,88.96234,9.371157,0.1,12.65,53406.4,17976.0,18604.8,52.6,中立,4,,,2026-08-04
4063,信越化学工業,化学,6116.0,24.247711,2.4950423,1.9,11.23,113738.9,6691.8,7022.1,39.4,中立,0,,,
4064,日本カーバイド工業,化学,3530.0,12.62247,0.8559669,3.8,7.52,329.2,3337.4,3260.7,59.1,中立,1,,,2026-08-07
4068,ベイシス,情報・通信業,1665.0,26.738398,1.4306692,,5.62,30.6,1635.4,1710.3,53.6,中立,0,,,
4069,ＢｌｕｅＭｅｍｅ,情報・通信業,635.0,18.534735,0.84000593,,4.78,21.2,675.4,868.2,36.4,中立,0,,,
4071,プラスアルファ・コンサルティング,情報・通信業,2284.0,24.38087,6.018921,2.19,29.79,968.5,2509.2,2474.8,40.0,中立,0,,,
4072,電算システムホールディングス,情報・通信業,2954.0,10.897553,1.268313,3.39,12.36,316.5,2908.2,2860.2,58.1,中立,0,,,
4073,ジィ・シィ企画,情報・通信業,566.0,,7.763741,,-35.57,14.4,482.0,474.2,57.1,中立,0,,,
4074,ラキール,情報・通信業,887.0,22.404648,1.6657027,,0.0,59.3,882.5,782.0,48.9,中立,1,,,2026-08-03
4075,ブレインズテクノロジー,情報・通信業,862.0,27.218187,2.8884883,,8.58,50.3,873.5,991.6,46.2,中立,0,,,
4076,シイエヌエス,情報・通信業,1846.0,9.079284,1.2383211,3.79,14.23,53.6,1802.3,1712.6,62.5,中立,0,,,
4078,堺化学工業,化学,3965.0,25.168213,0.7812505,4.04,3.64,607.1,4083.8,4241.9,45.2,中立,3,,,2026-08-07
407A,ＵＮＩＣＯＮホールディングス,建設業,870.0,8.655855,2.210158,6.9,,86.1,879.1,875.3,48.1,中立,0,,,
4082,第一稀元素化学工業,化学,1976.0,19.012796,1.2411484,1.52,6.51,477.2,1879.6,2076.1,55.8,中立,1,,,2026-08-07
4088,エア・ウォーター,化学,2576.0,14.752033,1.5131801,2.91,-13.99,5904.9,2594.4,2481.0,49.5,中立,2,,,2026-08-07
4091,日本酸素ホールディングス,化学,6048.0,21.146112,2.0655406,1.09,12.13,26179.0,6003.4,5858.9,55.8,中立,1,,,2026-08-06
4092,日本化学工業,化学,5600.0,16.911787,0.965597,4.29,5.99,485.9,5037.0,4608.1,55.4,中立,0,,,
4093,東邦アセチレン,化学,417.0,11.27027,0.75801367,4.32,6.69,145.1,422.8,411.3,46.4,中立,2,,,2026-08-07
4094,日本化学産業,化学,2139.0,18.23374,0.81903464,4.21,4.69,416.3,2089.8,2131.8,59.9,中立,1,,,2026-08-06
4095,日本パーカライジング,化学,1709.0,14.58938,0.91667587,2.93,6.43,1806.2,1674.2,1615.2,58.7,中立,2,,,2026-08-07
4097,高圧ガス工業,化学,1091.0,12.915828,0.71558154,3.67,5.72,602.3,1105.2,1100.3,47.3,中立,1,,,2026-08-07
4098,チタン工業,化学,1013.0,14.879553,0.5705069,1.18,9.89,30.2,1032.6,1050.8,45.0,中立,1,,,2026-08-07
4099,四国化成ホールディングス,化学,2953.0,30.585188,2.6450787,1.02,10.46,2554.3,2827.3,2948.0,52.1,中立,0,,,
409A,オリオンビール,食料品,1247.0,10.9482,2.8507092,2.73,19.44,525.6,1232.6,1213.5,53.7,中立,0,,,
4100,戸田工業,化学,1540.0,,0.97490317,,-31.8,89.1,1448.5,1577.1,53.7,中立,1,,,2026-08-07
4102,丸尾カルシウム,化学,1460.0,10.8389015,0.30892572,2.05,2.9,31.1,1442.8,1436.0,59.1,中立,1,,,2026-08-07
4107,伊勢化学工業,化学,3685.0,31.289803,4.477227,1.09,15.07,1877.8,3641.2,4120.7,50.0,中立,0,,,
4109,ステラ　ケミファ,化学,5280.0,20.420002,1.3476098,3.41,6.55,644.5,5546.4,6247.9,43.2,中立,4,,,2026-08-06
410A,ＧＭＯコマース,サービス業,1118.0,13.262158,2.3197715,4.31,,61.0,1141.6,1111.5,47.1,中立,0,,,
4112,保土谷化学工業,化学,2219.0,11.547068,0.67127556,2.7,7.71,353.0,2064.1,2206.3,61.1,中立,2,,,2026-08-06
4113,田岡化学工業,化学,715.0,6.684117,0.5273278,0.84,5.71,102.4,749.0,766.5,42.6,中立,0,,,
4114,日本触媒,化学,2446.0,21.806187,0.9111665,4.62,4.38,3614.1,2136.3,2104.0,80.8,買われすぎ,3,,,2026-08-07
4116,大日精化工業,化学,1315.0,11.109234,0.64751464,3.61,6.11,897.6,1109.0,1073.7,85.2,買われすぎ,3,,,2026-08-06
4118,カネカ,化学,5972.0,11.95452,0.72015923,3.52,6.43,3591.7,5731.2,5489.1,65.3,中立,1,,,2026-08-03
4119,日本ピグメントホールディングス,化学,6050.0,8.190618,0.42413396,1.65,5.37,95.0,5716.8,5577.2,66.8,中立,0,,,
4120,スガイ化学工業,化学,2990.0,8.471455,0.4664597,3.01,5.83,39.1,3108.0,2682.2,48.2,中立,1,,,2026-08-06
4124,大阪油化工業,化学,2730.0,22.18971,1.7571411,1.68,4.38,23.1,2701.2,2634.6,62.7,中立,0,,,
4125,三和油化工業,化学,3380.0,13.62299,1.0955558,1.48,7.94,146.0,3361.4,3150.1,54.1,中立,3,,,2026-08-07
414A,オーバーラップホールディングス,情報・通信業,872.0,8.322199,2.0440023,5.05,,174.5,879.4,917.2,48.3,中立,0,,,
4151,協和キリン,医薬品,2546.5,16.389908,1.4553175,2.75,9.25,13330.6,2621.6,2467.2,47.4,中立,2,,,2026-08-03
415A,ＧＭＯ　ＴＥＣＨホールディングス,サービス業,4805.0,3.6941364,2.1301155,5.75,,75.9,4834.0,4896.7,49.2,中立,0,,,
4165,プレイド,情報・通信業,585.0,31.451612,4.621912,,15.96,240.3,568.0,545.1,56.2,中立,0,,,
4166,かっこ,情報・通信業,635.0,,2.5988483,,-17.43,17.4,657.0,668.3,39.4,中立,0,,,
4167,ココペリ,情報・通信業,301.0,,1.5147474,,-24.23,22.9,302.3,292.7,53.3,中立,0,,,
4168,ヤプリ,情報・通信業,809.0,11.2909975,3.197578,1.85,35.75,103.4,794.7,745.0,59.3,中立,0,,,
4169,ＥＮＥＣＨＡＮＧＥ,情報・通信業,249.0,83.277596,2.2325833,,2.79,106.9,223.4,235.7,67.4,中立,2,,,2026-08-07
416A,富士ユナイトホールディングス,卸売業,1190.0,10.815232,0.80301017,5.21,7.49,78.5,1192.2,1175.8,53.8,中立,1,,,2026-08-07
4170,Ｋａｉｚｅｎ　Ｐｌａｔｆｏｒｍ,情報・通信業,117.0,67.63006,0.67564446,,-1.78,20.0,118.6,128.6,48.7,中立,0,,,
4171,グローバルインフォメーション,情報・通信業,1665.0,21.321552,1.9313215,3.6,6.2,49.5,1663.6,1567.3,66.4,中立,0,,,
4172,Ｈｉクラテス,情報・通信業,2230.0,10.989012,1.1389434,3.95,10.65,49.7,2200.3,2227.2,56.6,中立,0,,,
4174,アピリッツ,情報・通信業,750.0,,1.6721476,3.87,-21.58,30.3,732.2,667.0,55.4,中立,0,,,
4175,ｃｏｌｙ,情報・通信業,2747.0,207.63417,3.1411734,,-9.03,151.2,2711.9,2262.7,56.0,中立,0,,,
4176,ココナラ,情報・通信業,258.0,19.80046,2.1371062,,10.61,57.8,266.8,260.8,46.2,中立,0,,,
4177,ｉ‐ｐｌｕｇ,情報・通信業,1520.0,12.67406,3.1934316,3.55,29.04,60.6,1504.5,1476.2,57.2,中立,1,,,2026-08-05
4178,Ｓｈａｒｉｎｇ　Ｉｎｎｏｖａｔｉｏｎｓ,情報・通信業,497.0,81.342064,1.1393569,,3.11,18.6,504.9,521.0,43.7,中立,0,,,
4179,ジーネクスト,情報・通信業,369.0,,20.858063,,,20.0,391.2,387.1,45.4,中立,0,,,
417A,ブルーゾーンホールディングス,小売業,1761.5,15.197135,1.7969905,1.82,12.41,3586.1,1767.6,1755.6,49.9,中立,0,,,
4180,Ａｐｐｉｅｒ　Ｇｒｏｕｐ,情報・通信業,971.0,38.902245,2.62853,0.24,7.37,991.1,925.1,902.8,60.0,中立,0,,,
4182,三菱瓦斯化学,化学,4458.0,,1.3430305,2.47,-4.96,8694.1,4467.5,4767.7,48.9,中立,3,,,2026-08-07
4183,三井化学,化学,2177.5,23.787415,0.92692626,3.44,4.79,7872.6,2147.3,2093.6,54.9,中立,2,,,2026-08-05
4186,東京応化工業,化学,8800.0,31.655815,2.5722451,0.91,5.54,10551.2,9812.7,10190.0,40.7,中立,2,,,2026-08-06
4187,大阪有機化学工業,化学,4855.0,12.612027,1.817408,1.77,15.93,987.4,5044.0,5233.4,46.2,中立,0,,,
4188,三菱ケミカルグループ,化学,1219.0,,0.9093031,2.63,1.42,16560.7,1180.1,1086.2,57.9,中立,1,,,2026-08-07
4189,ＫＨネオケム,化学,3510.0,16.08616,1.7636206,4.27,12.58,1228.8,3096.0,2833.9,73.6,買われすぎ,3,,,2026-08-04
4192,スパイダープラス,情報・通信業,278.0,,3.7008443,,-0.05,98.8,278.3,281.1,51.0,中立,0,,,
4193,ファブリカホールディングス,情報・通信業,2378.0,19.120367,3.4331615,1.68,18.41,122.3,2336.0,2264.0,63.5,中立,0,,,
4194,ビジョナル,情報・通信業,9000.0,20.90204,4.420068,,24.26,3619.7,8566.4,7901.7,61.4,中立,0,,,
4196,ネオマーケティング,情報・通信業,1937.0,,5.1730585,,-4.05,47.8,1765.4,1616.0,82.6,買われすぎ,0,,,
4197,アスマーク,情報・通信業,2308.0,24.064226,1.6418796,3.38,,26.7,2300.7,2292.7,59.3,中立,0,,,
4198,テンダ,情報・通信業,484.0,171.63121,1.2365077,4.55,1.97,32.1,493.3,509.7,38.6,中立,0,,,
4199,ワンダープラネット,情報・通信業,782.0,,0.6035571,,,19.9,807.6,776.6,48.1,中立,0,,,
4202,ダイセル,化学,1478.0,38.122257,1.026128,4.74,2.91,3774.7,1447.0,1331.3,61.0,中立,0,,,
4203,住友ベークライト,化学,7439.0,23.309519,1.8156381,1.61,,6526.6,7070.6,6706.1,56.0,中立,2,,,2026-08-03
4204,積水化学工業,化学,2684.5,14.684646,1.273398,3.05,9.02,10874.7,2662.0,2490.4,56.6,中立,0,,,
4205,日本ゼオン,化学,2428.5,13.02075,1.1761521,3.25,,4646.8,2285.8,2184.6,62.9,中立,0,,,
4206,アイカ工業,化学,4087.0,14.814949,1.3355584,3.52,10.35,2586.1,3749.3,3582.9,75.3,買われすぎ,5,,,2026-08-04
4208,ＵＢＥ,化学,3350.0,13.636179,0.7443429,4.78,5.56,3254.4,3221.0,2952.6,63.3,中立,3,,,2026-08-07
4212,積水樹脂,化学,2919.0,22.352402,0.8742301,3.01,4.9,874.7,2731.7,2403.7,69.4,中立,0,,,
4216,旭有機材,化学,6020.0,34.0363,1.3809649,2.16,4.65,1130.8,6334.0,6511.1,42.3,中立,0,,,
4218,ニチバン,化学,1976.0,24.325987,0.89966094,2.02,3.78,398.8,1924.8,1871.5,66.7,中立,0,,,
421A,ムービン・ストラテジック・キャリア,サービス業,3420.0,24.0574,6.948818,,,288.7,3807.2,3135.0,41.5,中立,0,,,
4220,リケンテクノス,化学,2837.0,18.46164,1.9530699,3.0,14.12,1350.1,2016.4,1771.1,91.2,買われすぎ,0,,,
4221,大倉工業,化学,5630.0,12.719427,0.9733636,4.62,7.87,636.0,5143.8,4880.4,72.6,買われすぎ,1,,,2026-08-04
4222,児玉化学工業,化学,608.0,0.40298527,0.33244008,1.64,132.61,94.5,616.3,776.2,45.9,中立,0,,,
4224,ロンシール工業,化学,2144.0,9.692586,0.50103503,3.96,5.26,98.8,2082.6,2021.3,63.6,中立,1,,,2026-08-06
4228,積水化成品工業,化学,614.0,13.025032,0.5351705,2.77,7.14,280.0,533.1,523.5,71.4,買われすぎ,0,,,
4229,群栄化学工業,化学,4450.0,14.974593,0.5155038,2.47,3.75,295.3,4520.4,4717.2,47.9,中立,0,,,
4231,タイガースポリマー,化学,1007.0,8.438783,0.4186341,3.77,5.55,194.6,1023.0,990.0,49.5,中立,0,,,
4234,サンエー化研,化学,942.0,9.454984,0.40698192,1.91,4.47,90.7,706.4,698.8,88.8,買われすぎ,2,,,2026-08-06
4235,ウルトラファブリックス・ホールディングス,化学,713.0,19.756165,0.4604917,4.91,36.71,113.6,687.2,675.5,67.2,中立,0,,,
4237,フジプレアム,化学,334.0,,1.2449771,1.8,-26.03,95.4,334.4,340.9,50.1,中立,0,,,
4238,ミライアル,化学,1659.0,24.720608,0.6578812,4.22,3.08,145.7,1660.1,1576.2,51.0,中立,0,,,
423A,ライオン事務器,卸売業,314.0,9.135875,0.7696475,2.23,,106.0,308.6,304.1,61.2,中立,0,,,
4240,クラスターテクノロジー,化学,312.0,14.162505,1.0125892,1.6,7.34,17.8,313.2,339.8,48.6,中立,0,,,
4241,アテクト,化学,650.0,20.293476,1.5736784,1.54,7.96,28.7,636.6,671.5,55.0,中立,2,,,2026-08-07
4242,タカギセイコー,化学,1880.0,3.2531018,0.41640475,3.19,13.64,52.6,1821.6,1770.9,62.0,中立,1,,,2026-08-07
4243,ニックス,化学,935.0,8.063126,0.4619821,2.14,5.92,21.7,925.0,902.7,53.1,中立,1,,,2026-08-07
4245,ダイキアクシス,化学,686.0,19.695663,0.9074674,3.5,4.01,91.0,677.2,668.0,59.8,中立,0,,,
4246,ダイキョーニシカワ,化学,1089.0,8.625743,0.8088211,5.33,9.87,708.5,1016.4,994.3,71.9,買われすぎ,5,,,2026-08-07
4247,ポバール興業,化学,1355.0,9.579357,0.59230936,3.1,6.38,35.7,1357.1,1308.5,51.9,中立,0,,,
4248,竹本容器,化学,885.0,13.882353,0.8527064,4.29,7.18,106.8,867.7,859.9,71.4,買われすぎ,0,,,
4249,森六,化学,2833.0,16.593452,0.61308354,4.41,3.78,405.6,2495.5,2418.5,78.9,買われすぎ,5,,,2026-08-06
4251,恵和,化学,1268.0,10.389185,0.9718024,3.94,10.16,234.5,1220.8,1233.0,60.8,中立,0,,,
4255,ＴＨＥＣＯＯ,情報・通信業,2548.0,30.743244,7.9552903,,58.58,53.6,2469.0,2381.0,57.3,中立,0,,,
4256,サインド,情報・通信業,994.0,34.84052,1.7286506,,5.06,60.3,984.5,991.7,54.2,中立,0,,,
4258,網屋,情報・通信業,4760.0,53.779232,19.490223,0.33,37.55,390.8,4449.0,3620.8,63.5,中立,0,,,
4259,エクサウィザーズ,情報・通信業,836.0,46.187843,15.386881,1.2,42.93,795.5,830.9,907.7,50.6,中立,0,,,
4260,ハイブリッドテクノロジーズ,情報・通信業,213.0,734.4828,1.1843532,,4.9,24.1,222.4,245.8,39.5,中立,0,,,
4261,アジアクエスト,情報・通信業,3180.0,16.251852,2.342188,,14.32,47.0,3185.6,3413.9,47.6,中立,0,,,
4262,ニフティライフスタイル,情報・通信業,1333.0,10.885187,1.3766125,4.8,12.39,84.7,1335.0,1361.4,48.6,中立,0,,,
4263,サスメド,情報・通信業,708.0,,2.9060342,,-11.25,119.4,725.8,778.5,46.4,中立,3,,,2026-08-07
4264,セキュア,情報・通信業,1557.0,46.092365,2.2018178,,7.04,96.6,1573.6,1603.5,47.8,中立,1,,,2026-08-03
4265,Ｉｎｓｔｉｔｕｔｉｏｎ　ｆｏｒ　ａ　Ｇｌｏｂａｌ　Ｓｏｃｉｅｔｙ,情報・通信業,278.0,,2.7775557,,-51.82,13.3,326.5,294.7,39.4,中立,0,,,
4270,ＢｅｅＸ,情報・通信業,1817.0,9.951802,1.326198,1.38,15.94,40.9,1830.7,1882.7,47.6,中立,0,,,
4272,日本化薬,化学,2032.5,12.6132555,1.0592227,3.25,,3014.7,1979.1,1989.4,58.9,中立,3,,,2026-08-06
4274,細谷火工,化学,1068.0,20.030008,1.2295378,1.22,6.39,42.7,1072.9,1110.7,49.5,中立,1,,,2026-08-06
4275,カーリット,化学,2415.0,18.51142,1.3606247,1.74,7.7,532.6,2365.9,2387.2,55.0,中立,3,,,2026-08-07
4284,ソルクシーズ,情報・通信業,428.0,11.337749,1.3224775,3.27,11.17,85.8,440.8,435.6,44.6,中立,0,,,
4286,ＣＬホールディングス,サービス業,1084.0,18.641443,1.4897887,2.86,11.41,116.4,1128.4,1130.3,42.3,デッドクロス,1,,,2026-08-06
4287,ジャストプランニング,情報・通信業,491.0,11.41595,1.4962716,2.65,13.91,55.4,469.4,469.6,69.2,中立,1,,,2026-08-03
4288,アズジェント,情報・通信業,455.0,10.33856,1.0320245,,22.19,17.4,423.6,479.0,64.3,中立,0,,,
428A,サイプレス・ホールディングス,小売業,1384.0,37.80388,6.593836,0.72,,176.4,1326.2,1182.9,60.0,中立,1,,,2026-08-04
4290,プレステージ・インターナショナル,サービス業,695.0,14.8345785,1.7776936,4.03,13.59,866.9,678.0,662.3,57.3,中立,0,,,
4293,セプテーニ・ホールディングス,サービス業,495.0,29.464287,1.5673038,3.64,7.09,1026.9,504.2,477.3,47.9,中立,2,,,2026-08-06
4299,ハイマックス,情報・通信業,1200.0,11.812186,1.1469544,3.83,10.06,125.1,1202.2,1170.3,51.6,中立,0,,,
429A,テクセンドフォトマスク,その他製品,3670.0,14.289052,2.0889602,1.91,17.15,3646.1,4075.2,4174.5,42.9,中立,2,,,2026-08-06
4301,アミューズ,サービス業,1894.0,11.402082,0.8478309,3.38,8.23,307.1,1908.4,1865.8,49.3,中立,0,,,
4307,野村総合研究所,情報・通信業,4859.0,183.15114,7.2827935,1.73,4.6,27195.7,5002.4,4736.7,49.0,中立,0,,,
4308,Ｊストリーム,情報・通信業,354.0,18.12596,0.8379511,3.95,5.55,88.0,355.6,353.9,49.1,中立,0,,,
4310,ドリームインキュベータ,サービス業,2350.0,12.959083,1.925341,11.66,9.81,205.4,2560.7,2621.2,27.6,売られすぎ,2,,,2026-08-04
4316,ビーマップ,情報・通信業,85.0,,0.63188565,,-29.08,3.0,106.1,142.9,25.7,売られすぎ,0,,,
4317,レイ,サービス業,539.0,5.4676404,0.90411973,2.78,17.31,70.9,499.4,492.0,76.3,買われすぎ,0,,,
4318,クイック,サービス業,782.0,10.554731,2.1611583,4.86,22.22,436.8,772.8,758.7,57.0,中立,2,,,2026-08-07
431A,ユーソナー,情報・通信業,2044.0,18.091698,3.6385257,,,167.9,1989.6,2005.9,56.9,中立,2,,,2026-08-07
4320,ＣＥホールディングス,情報・通信業,1651.0,17.382607,3.372292,2.67,21.12,275.3,1726.3,1609.4,38.0,中立,5,,,2026-08-05
4323,日本システム技術,情報・通信業,1831.0,17.270327,2.701945,2.73,16.64,452.6,1837.1,1763.9,52.9,中立,1,,,2026-08-03
4324,電通グループ,サービス業,3655.0,,2.2740169,,-46.96,9487.9,3470.4,3197.3,60.8,中立,0,,,
4326,インテージホールディングス,情報・通信業,1891.0,26.682657,2.7677803,2.64,11.28,722.6,1900.6,1751.8,51.1,中立,6,,,2026-08-07
4331,テイクアンドギヴ・ニーズ,サービス業,682.0,3.8143177,0.55969447,5.87,,99.6,675.3,665.3,57.4,中立,0,,,
4334,ユークス,情報・通信業,388.0,18.484993,1.2626139,2.58,7.48,32.7,379.6,387.0,60.6,中立,0,,,
4335,ＩＰＳホールディングス,情報・通信業,1104.0,8.873884,1.4135,3.44,16.82,25.3,1102.0,1165.7,41.3,中立,2,,,2026-08-07
4337,ぴあ,サービス業,2726.0,12.602866,3.892412,1.1,36.88,418.4,2785.0,2832.8,46.7,中立,0,,,
4341,西菱電機,サービス業,868.0,11.815954,0.5313799,3.46,4.45,29.4,882.2,852.7,46.3,中立,1,,,2026-08-06
4343,イオンファンタジー,サービス業,2780.0,19.713514,6.987716,0.72,46.04,549.9,2685.7,2574.3,60.6,中立,0,,,
4344,ソースネクスト,情報・通信業,109.0,,2.6992223,,,150.8,108.2,114.3,50.1,中立,2,,,2026-08-07
4345,シーティーエス,サービス業,821.0,12.623001,2.0533316,3.65,18.32,337.9,856.6,842.8,40.4,中立,1,,,2026-08-05
4346,ＮＥＸＹＺ．Ｇｒｏｕｐ,その他金融業,826.0,6.859895,2.9189034,2.42,39.42,107.4,824.9,765.3,54.1,中立,0,,,
4347,ブロードメディア,サービス業,1635.0,14.901567,2.4046028,3.98,17.95,116.5,1758.4,1849.8,37.3,中立,0,,,
4350,メディカルシステムネットワーク,小売業,489.0,13.353359,0.82693404,2.45,6.59,142.9,488.1,489.9,52.5,中立,2,,,2026-08-07
4351,山田再生系債権回収総合事務所,その他金融業,852.0,50.805008,1.130929,1.17,2.52,36.3,859.2,932.0,36.6,中立,2,,,2026-08-07
4356,応用技術,情報・通信業,1647.0,10.277691,8.917308,2.43,6.5,94.0,1648.7,1640.1,50.5,中立,0,,,
4360,マナック・ケミカル・パートナーズ,化学,812.0,8.497279,0.5873809,1.85,7.23,66.4,805.8,815.9,53.4,中立,1,,,2026-08-07
4361,川口化学工業,化学,1533.0,4.9816394,0.5663776,3.91,11.97,18.7,1505.8,1464.6,63.1,中立,0,,,
4362,日本精化,化学,2604.0,12.868792,1.1071161,3.99,9.36,564.7,2600.6,2515.6,53.9,中立,0,,,
4365,松本油脂製薬,化学,19910.0,7.187492,0.64732766,2.26,9.39,577.6,19865.6,19981.5,51.1,中立,0,,,
4366,ダイトーケミックス,化学,427.0,17.393076,0.81261665,2.11,6.12,137.5,444.2,464.2,43.9,中立,0,,,
4368,扶桑化学工業,化学,3810.0,28.1909,3.4388146,0.73,12.94,4030.8,3937.0,3976.3,46.9,中立,1,,,2026-08-07
4369,トリケミカル研究所,化学,3375.0,19.88921,2.9834545,1.04,18.11,1096.8,3309.6,3474.5,50.6,中立,0,,,
436A,サイバーソリューションズ,情報・通信業,1037.0,15.608067,10.41876,3.66,,164.1,1027.0,1004.7,55.9,中立,0,,,
4370,モビルス,情報・通信業,309.0,38.916878,1.3671235,,5.57,18.7,313.8,311.2,47.6,中立,0,,,
4371,コアコンセプト・テクノロジー,情報・通信業,1453.0,16.784105,5.1116076,1.45,26.78,232.0,1420.2,1383.0,56.3,中立,0,,,
4372,ユミルリンク,情報・通信業,1330.0,14.057711,1.678388,1.5,13.01,51.0,1283.5,1191.6,62.1,中立,0,,,
4373,シンプレクス・ホールディングス,情報・通信業,1094.0,24.224977,4.9260864,2.19,21.84,2449.0,1075.7,1010.4,54.5,中立,0,,,
4374,ＲＯＢＯＴ　ＰＡＹＭＥＮＴ,情報・通信業,2321.0,16.605852,6.3005934,1.34,53.41,86.9,2351.2,2370.1,47.2,中立,0,,,
4375,セーフィー,情報・通信業,639.0,82.133675,3.8440483,,7.25,355.9,657.6,685.5,42.5,中立,3,,,2026-08-07
4376,くふうカンパニーホールディングス,情報・通信業,158.0,,1.1533267,,-14.12,95.3,157.0,158.5,52.1,中立,0,,,
4377,ワンキャリア,情報・通信業,2081.0,25.656515,6.908778,3.36,31.38,382.1,2091.6,1950.4,54.1,中立,1,,,2026-08-07
4378,ＣＩＮＣ,情報・通信業,457.0,,1.2257761,,,13.5,492.6,524.1,39.6,中立,0,,,
4379,Ｐｈｏｔｏｓｙｎｔｈ,情報・通信業,440.0,23.41671,2.7086592,,9.18,68.0,401.1,415.4,68.3,中立,0,,,
4380,Ｍマート,情報・通信業,626.0,14.463956,1.434569,8.31,21.43,61.2,601.6,580.2,60.0,中立,0,,,
4381,ビープラッツ,情報・通信業,398.0,,-2.5838618,,,11.6,372.0,330.6,53.7,中立,1,,,2026-08-06
4382,ＨＥＲＯＺ,情報・通信業,720.0,29.161604,2.1659217,,11.22,109.5,707.3,746.5,53.4,中立,0,,,
4385,メルカリ,情報・通信業,5030.0,28.956305,6.9094257,,29.88,8310.6,4546.3,4162.0,68.7,中立,4,,,2026-08-05
4386,ＳＩＧグループ,情報・通信業,862.0,10.260683,1.755608,3.94,18.32,49.4,845.6,839.4,57.0,中立,0,,,
4387,ＺＵＵ,情報・通信業,481.0,,2.1055949,,-1.55,22.8,480.0,498.3,49.7,中立,0,,,
4388,エーアイ,情報・通信業,361.0,20.315138,0.9931853,1.11,,21.9,364.6,373.0,47.5,中立,2,,,2026-08-05
4389,プロパティデータバンク,情報・通信業,1090.0,17.921736,3.4129267,2.94,20.01,112.8,1052.0,922.3,63.8,中立,0,,,
438A,インフキュリオン,情報・通信業,845.0,36.980305,3.1405287,,11.13,175.1,837.5,810.0,53.4,中立,0,,,
4390,ＩＰＳ,情報・通信業,3610.0,11.433458,2.4697168,1.11,21.75,472.4,3526.8,3607.4,54.4,中立,3,,,2026-08-07
4391,ロジザード,情報・通信業,1140.0,17.606178,2.2404382,1.58,16.02,37.2,1137.8,1102.4,51.7,中立,0,,,
4392,ＦＩＧ,情報・通信業,900.0,35.294117,4.4486403,1.11,,273.4,1004.1,1112.8,41.0,中立,2,,,2026-08-07
4393,バンク・オブ・イノベーション,情報・通信業,5040.0,11.757022,13.8838005,,19.99,200.3,4942.8,4967.3,55.1,中立,0,,,
4394,エクスモーション,情報・通信業,541.0,22.933447,1.9566712,3.7,8.77,32.7,546.7,458.7,58.9,中立,1,,,2026-08-03
4395,アクリート,情報・通信業,673.0,14.649544,1.4339988,1.49,8.59,50.5,734.7,847.4,42.2,中立,1,,,2026-08-06
4396,システムサポートホールディングス,情報・通信業,1139.0,14.073891,3.4481819,2.81,27.27,234.7,1094.0,1037.1,64.2,中立,1,,,2026-08-03
4397,チームスピリット,情報・通信業,395.0,15.699523,13.835861,,,60.2,391.3,382.4,55.2,中立,0,,,
4398,ブロードバンドセキュリティ,情報・通信業,1249.0,29.450602,2.3210695,1.28,11.64,55.2,1239.9,1242.0,54.2,中立,0,,,
4401,ＡＤＥＫＡ,化学,4705.0,16.918375,1.4689468,2.55,8.77,4562.7,4106.8,4085.3,72.2,買われすぎ,3,,,2026-08-07
4403,日油,化学,2772.5,15.719794,2.1256156,2.52,14.12,6230.8,2768.5,2809.4,51.9,中立,3,,,2026-08-05
4404,ミヨシ油脂,食料品,2009.0,2.1303217,0.4842216,3.48,26.84,204.9,1913.4,1943.0,57.7,中立,4,,,2026-08-06
4406,新日本理化,化学,209.0,13.0380535,0.3946911,2.15,3.23,77.9,202.2,203.0,62.8,中立,4,,,2026-08-07
4409,東邦化学工業,化学,740.0,10.187224,0.6475534,6.76,6.75,155.6,740.0,732.5,51.7,中立,2,,,2026-08-05
4410,ハリマ化成グループ,化学,1110.0,11.495443,0.6452172,3.78,7.43,269.8,1048.4,1027.1,57.4,中立,0,,,
4412,サイエンスアーツ,情報・通信業,1140.0,49.80341,6.005753,0.09,14.22,92.5,1189.4,1300.8,45.4,中立,0,,,
4413,ボードルア,情報・通信業,2698.0,34.273373,10.426771,0.37,40.51,841.6,2970.8,2542.3,42.6,中立,0,,,
4414,フレクト,情報・通信業,1236.0,9.741488,3.182868,,27.6,66.7,1216.5,1123.7,59.7,中立,0,,,
4415,ブロードエンタープライズ,情報・通信業,1442.0,21.315594,4.7766376,2.93,34.47,88.6,1341.8,1274.3,62.5,中立,0,,,
4416,Ｔｒｕｅ　Ｄａｔａ,情報・通信業,393.0,23.61779,1.6364908,,7.13,19.0,428.6,420.2,39.4,中立,0,,,
4417,グローバルセキュリティエキスパート,情報・通信業,4965.0,50.202225,16.775406,0.99,40.84,744.4,4304.6,3479.8,68.9,中立,1,,,2026-08-07
4418,ＪＤＳＣ,情報・通信業,773.0,23.639143,1.9840761,,8.28,121.9,805.1,757.1,48.6,中立,0,,,
4419,Ｆｉｎａｔｅｘｔホールディングス,情報・通信業,1598.0,54.688572,7.64224,,15.96,829.3,1577.8,1350.9,55.3,中立,0,,,
441A,ＮＥ,情報・通信業,264.0,8.638743,0.9479932,,24.84,87.3,252.4,260.2,61.7,中立,0,,,
4420,イーソル,情報・通信業,755.0,24.222008,2.4633596,0.73,13.1,148.7,777.6,736.7,47.4,中立,0,,,
4421,ディ・アイ・システム,情報・通信業,924.0,10.507164,1.6219717,3.03,13.38,26.9,934.6,919.2,47.4,中立,0,,,
4422,ＶＡＬＵＥＮＥＸ,情報・通信業,553.0,44.596775,5.6411877,,18.61,47.3,543.9,727.7,49.0,中立,0,,,
4424,Ａｍａｚｉａ,情報・通信業,339.0,,2.729139,,,22.3,349.5,266.3,50.4,中立,0,,,
4425,Ｋｕｄａｎ,情報・通信業,1684.0,,7.203015,,-6.51,190.8,1796.2,2031.7,43.8,中立,0,,,
4427,ＥｄｕＬａｂ,情報・通信業,209.0,,1.5728832,,-5.69,21.4,197.5,221.7,55.3,中立,0,,,
4428,シノプス,情報・通信業,730.0,20.98304,2.4375422,2.33,11.89,45.3,697.8,659.4,62.5,中立,1,,,2026-08-05
4429,リックソフト,情報・通信業,694.0,11.816789,0.91318554,,8.63,31.2,704.3,739.2,41.2,中立,0,,,
442A,クラシコ,繊維製品,946.0,,1.2028354,,,19.6,982.6,1090.6,35.2,中立,0,,,
4430,東海ソフト,情報・通信業,1632.0,8.175533,1.1480765,4.11,14.85,78.3,1661.5,1678.0,45.8,中立,0,,,
4431,スマレジ,情報・通信業,3200.0,27.679266,6.4127874,0.91,25.79,616.4,3038.3,2631.2,59.8,中立,0,,,
4432,ウイングアーク１ｓｔ,情報・通信業,3130.0,16.77115,2.385618,3.45,,1085.8,2862.5,2616.1,68.9,中立,0,,,
4433,ヒト・コミュニケーションズ・ホールディングス,サービス業,891.0,33.826878,1.5791965,4.21,16.95,159.0,888.8,864.7,56.0,中立,0,,,
4434,サーバーワークス,情報・通信業,2402.0,,1.7660908,1.25,-3.64,178.1,2101.2,2038.4,65.7,中立,0,,,
4436,ミンカブ・ジ・インフォノイド,情報・通信業,447.0,9.171112,4.761093,,84.11,68.7,454.6,442.7,48.2,中立,0,,,
4437,ｇｏｏｄｄａｙｓホールディングス,情報・通信業,805.0,9.068379,1.5224903,0.62,18.25,60.9,813.8,887.2,43.5,中立,0,,,
4438,Ｗｅｌｂｙ,情報・通信業,258.0,,11.937813,,-118.74,21.8,249.4,267.2,56.4,中立,0,,,
4439,東名,情報・通信業,767.0,9.970102,2.0557878,1.83,24.65,228.2,788.7,766.3,47.2,中立,0,,,
4440,ヴィッツ,情報・通信業,1139.0,10.122645,1.4284568,1.58,17.06,45.6,1144.4,1140.1,49.6,中立,0,,,
4441,トビラシステムズ,情報・通信業,1535.0,25.707586,5.472839,1.3,23.29,158.3,1549.4,1377.6,49.6,中立,0,,,
4442,バルテス・ホールディングス,情報・通信業,409.0,14.142462,2.2330081,0.98,16.64,81.0,404.3,399.8,57.7,中立,0,,,
4443,Ｓａｎｓａｎ,情報・通信業,1900.0,118.01242,11.407575,0.26,36.5,2381.2,1830.2,1575.5,58.4,中立,0,,,
4444,インフォネット,情報・通信業,948.0,,1.7643348,,,19.1,921.6,857.3,58.0,中立,1,,,2026-08-04
4445,リビン・テクノロジーズ,情報・通信業,1860.0,16.63834,3.0339313,,17.3,44.4,1702.6,1625.7,78.5,買われすぎ,1,,,2026-08-03
4446,Ｌｉｎｋ－Ｕグループ,情報・通信業,801.0,,4.1973653,,,113.5,826.4,729.9,50.3,中立,0,,,
4447,ピー・ビーシステムズ,情報・通信業,474.0,30.114359,2.564713,4.22,8.09,27.6,462.7,449.2,66.6,中立,4,,,2026-08-07
4448,ｋｕｂｅｌｌ,情報・通信業,316.0,62.698414,6.157923,,23.63,132.8,293.8,284.9,63.6,中立,0,,,
4450,パワーソリューションズ,情報・通信業,2156.0,17.525606,1.8519536,1.21,10.95,67.5,2115.2,2093.0,64.3,中立,0,,,
4452,花王,化学,3654.0,28.062359,3.1064906,2.13,12.32,33055.6,3304.6,3094.3,71.3,買われすぎ,3,,,2026-08-05
4461,第一工業製薬,化学,14040.0,23.141203,2.709204,1.07,18.71,1489.8,11256.4,10666.0,62.8,中立,0,,,
4462,石原ケミカル,化学,3145.0,14.480409,1.6927805,1.53,14.09,429.8,3014.1,2957.1,55.3,中立,0,,,
4463,日華化学,化学,2060.0,13.699542,0.8803848,3.4,9.64,328.0,1816.3,1736.5,71.0,買われすぎ,0,,,
4464,ソフト９９コーポレーション,化学,3600.0,26.124819,1.3211645,1.89,5.13,777.4,3574.0,3602.2,56.1,中立,1,,,2026-08-07
4465,ニイタカ,化学,2350.0,7.319732,0.856468,3.57,12.25,139.3,2248.7,2214.0,71.4,買われすぎ,0,,,
446A,ノースサンド,サービス業,1645.0,25.106838,99.89677,2.01,,1135.1,1492.1,1346.1,62.5,中立,0,,,
4471,三洋化成工業,化学,6120.0,8.658744,0.850209,2.04,10.94,1353.8,5005.2,5076.9,82.0,買われすぎ,4,,,2026-08-05
4475,ＨＥＮＮＧＥ,情報・通信業,1476.0,32.22004,10.74056,0.41,38.85,460.1,1307.7,1146.3,68.5,中立,2,,,2026-08-04
4476,ＡＩ　ＣＲＯＳＳ,情報・通信業,1084.0,25.098404,1.9568307,,10.57,41.3,1024.6,1018.6,61.3,中立,0,,,
4477,ＢＡＳＥ,情報・通信業,281.0,14.883475,2.1633358,3.56,15.4,323.6,299.7,281.5,38.4,中立,2,,,2026-08-05
4478,フリー,情報・通信業,2732.0,184.46994,7.954277,,3.51,1619.4,2445.8,2249.9,68.7,中立,0,,,
4479,マクアケ,情報・通信業,870.0,17.272186,1.8185239,,12.27,110.9,906.9,877.3,46.7,中立,0,,,
4480,メドレー,情報・通信業,2090.0,68.50213,4.8101044,,6.26,628.0,2058.1,2127.5,52.1,中立,0,,,
4481,ベース,情報・通信業,3160.0,13.887057,4.0385656,3.99,29.24,573.2,3127.3,3015.9,57.4,中立,0,,,
4482,ウィルズ,情報・通信業,722.0,17.452261,5.626383,2.49,35.45,146.0,716.0,719.2,53.8,中立,0,,,
4483,ＪＭＤＣ,情報・通信業,3375.0,32.984753,2.6591637,0.53,8.64,2208.7,3200.0,2988.2,58.8,中立,2,,,2026-08-05
4484,ランサーズ,情報・通信業,289.0,55.791508,3.3006694,1.04,6.59,46.0,283.6,276.1,69.0,中立,0,,,
4486,ユナイトアンドグロウ,情報・通信業,651.0,12.562717,2.8017592,2.46,18.84,51.5,643.3,657.6,54.5,中立,0,,,
4487,スペースマーケット,情報・通信業,227.0,12.883087,2.5702574,,20.01,27.5,221.9,242.5,53.7,中立,0,,,
4488,ＡＩ　ｉｎｓｉｄｅ,情報・通信業,2114.0,23.800945,1.6913745,,7.42,83.6,2124.6,2218.8,48.2,中立,0,,,
4490,ビザスク,情報・通信業,644.0,9.590468,2.9139612,,71.72,59.7,636.6,642.7,51.3,中立,0,,,
4491,コンピューターマネージメント,情報・通信業,3195.0,12.722494,1.5687912,1.88,13.22,65.1,3142.6,3022.6,66.7,中立,1,,,2026-08-06
4492,ゼネテック,情報・通信業,375.0,8.563599,1.590938,3.33,19.89,43.4,410.5,407.5,33.2,中立,2,,,2026-08-07
4493,サイバーセキュリティクラウド,情報・通信業,1871.0,23.033361,4.13131,0.32,22.14,189.0,1849.8,1742.5,55.1,中立,0,,,
4495,アイキューブドシステムズ,情報・通信業,2000.0,13.968432,3.2507374,1.8,25.45,97.8,1895.9,1912.1,61.5,中立,0,,,
4496,コマースＯｎｅホールディングス,情報・通信業,756.0,17.655302,2.027114,2.91,11.62,52.5,814.6,765.9,35.5,中立,2,,,2026-08-04
4498,サイバートラスト,情報・通信業,1265.0,20.929848,2.7593818,1.11,16.15,207.0,1209.4,1163.5,61.7,中立,1,,,2026-08-06
4499,Ｓｐｅｅｅ,情報・通信業,2275.0,,3.8301792,,-19.25,262.6,2200.6,2544.6,51.5,中立,0,,,
4502,武田薬品工業,医薬品,5540.0,,1.158372,3.68,-2.26,88460.0,5482.8,5250.1,54.6,中立,1,,,2026-08-06
4503,アステラス製薬,医薬品,2327.0,14.342065,2.1477191,3.44,21.3,41688.0,2188.6,2224.3,64.4,中立,3,,,2026-08-05
4506,住友ファーマ,医薬品,1295.0,4.813769,1.4219097,,38.53,5809.3,1336.8,1508.9,44.5,中立,2,,,2026-08-07
4507,塩野義製薬,医薬品,2810.0,11.658783,1.3492743,2.7,16.77,23912.4,2873.2,2922.4,45.2,中立,3,,,2026-08-03
4512,わかもと製薬,医薬品,263.0,40.15267,0.75610775,1.33,-1.83,91.3,273.0,286.6,42.4,中立,1,,,2026-08-05
4516,日本新薬,医薬品,3579.0,8.116383,0.82739526,3.46,11.03,2412.3,3860.0,4120.1,35.8,中立,1,,,2026-08-06
4519,中外製薬,医薬品,6857.0,23.96547,5.563963,1.93,23.49,112850.0,7159.5,7548.0,41.6,中立,0,,,
4521,科研製薬,医薬品,3900.0,68.89242,1.0004635,4.87,1.43,1476.9,3852.2,3923.1,54.2,中立,2,,,2026-08-07
4523,エーザイ,医薬品,4778.0,34.881004,1.4856877,3.35,4.96,13485.2,4540.6,4317.3,59.6,中立,3,,,2026-08-03
4524,森下仁丹,医薬品,2240.0,14.5928335,0.7075516,2.9,5.0,91.8,2188.9,2180.7,67.9,中立,1,,,2026-08-06
4526,理研ビタミン,食料品,3155.0,13.2457285,1.1049755,3.49,8.66,926.8,3152.2,2963.9,53.2,中立,3,,,2026-08-07
4527,ロート製薬,医薬品,2862.5,19.701977,2.1430244,1.75,11.63,6468.2,2438.1,2404.8,71.9,買われすぎ,3,,,2026-08-06
4528,小野薬品工業,医薬品,2380.5,16.034622,1.2904634,3.36,9.26,11186.1,2407.0,2369.4,49.7,中立,0,,,
4531,有機合成薬品工業,化学,350.0,24.104683,0.5652017,2.86,3.16,75.6,351.3,353.7,50.4,中立,0,,,
4534,持田製薬,医薬品,3210.0,14.401077,0.8101572,2.65,6.77,1134.9,3148.0,3263.3,54.3,中立,2,,,2026-08-03
4536,参天製薬,医薬品,1933.0,16.975498,2.0936975,2.17,12.93,6218.2,2031.2,1923.1,44.2,中立,1,,,2026-08-06
4538,扶桑薬品工業,医薬品,2165.0,9.189694,0.527219,4.16,5.42,184.8,2172.2,2123.1,51.3,中立,0,,,
4539,日本ケミファ,医薬品,1579.0,28.798101,0.2954683,3.17,-0.65,57.2,1620.6,1615.5,45.0,中立,0,,,
4540,ツムラ,医薬品,3771.0,10.02126,0.8737534,4.19,8.62,2811.1,3833.7,3763.6,46.2,中立,2,,,2026-08-06
4543,テルモ,精密機器,2373.0,25.787872,2.209123,1.52,9.21,35003.7,2267.9,2217.2,59.1,中立,4,,,2026-08-07
4544,Ｈ．Ｕ．グループホールディングス,サービス業,3475.0,28.638536,1.403211,3.6,4.88,1911.1,3399.6,3276.0,57.5,中立,1,,,2026-08-03
4547,キッセイ薬品工業,医薬品,4150.0,12.513947,0.7510952,3.13,6.48,1720.3,4133.4,4110.5,53.0,中立,1,,,2026-08-06
4548,生化学工業,医薬品,697.0,25.84353,0.50543356,4.3,1.98,380.6,730.0,732.3,33.3,中立,1,,,2026-08-05
4549,栄研化学,医薬品,2216.0,19.769829,1.6795042,2.62,8.34,730.5,2452.8,2701.3,35.3,中立,0,,,
4552,ＪＣＲファーマ,医薬品,500.0,28.011204,1.411887,4.0,1.9,610.1,494.5,497.0,53.2,中立,0,,,
4553,東和薬品,医薬品,3950.0,36.99541,1.0917846,2.15,3.0,1944.5,4074.0,3917.5,46.2,中立,2,,,2026-08-06
4554,富士製薬工業,医薬品,1771.0,17.903357,0.90069884,2.77,5.0,462.6,1890.6,2094.7,32.8,中立,1,,,2026-08-06
4558,中京医薬品,医薬品,199.0,25.382652,0.8493239,2.51,1.34,21.2,199.2,199.6,49.1,中立,1,,,2026-08-05
4559,ゼリア新薬工業,医薬品,2035.0,10.606692,0.82753587,2.46,8.48,897.0,2080.0,2148.4,41.8,中立,1,,,2026-08-06
4563,アンジェス,医薬品,48.0,,9.404388,,-189.24,189.9,48.6,49.0,49.6,中立,1,,,2026-08-03
4564,オンコセラピー・サイエンス,医薬品,20.0,,3.5835872,,-63.44,79.7,19.8,20.6,52.3,中立,1,,,2026-08-07
4565,ネクセラファーマ,医薬品,865.0,,1.2291226,,-15.26,793.5,901.6,987.6,40.3,中立,2,,,2026-08-07
4568,第一三共,医薬品,2752.0,19.594162,2.9421828,3.63,14.81,50076.9,2725.8,2652.6,53.9,中立,2,,,2026-08-07
4569,杏林製薬,医薬品,1104.0,18.387741,0.4520233,2.26,1.57,634.2,1161.3,1259.3,39.5,中立,1,,,2026-08-03
456A,ＨＵＭＡＮ　ＭＡＤＥ,小売業,1385.0,42.6679,10.017286,,,1269.3,1466.5,1457.4,45.9,中立,0,,,
4570,免疫生物研究所,医薬品,940.0,26.613817,4.75021,0.8,19.6,87.5,966.9,1078.9,44.9,中立,1,,,2026-08-07
4571,ＮＡＮＯホールディングス,医薬品,100.0,,2.302715,,-29.92,83.2,100.3,113.0,48.8,中立,3,,,2026-08-07
4572,カルナバイオサイエンス,医薬品,316.0,,-37.06745,,-243.87,60.6,320.8,370.3,47.5,中立,4,,,2026-08-06
4574,大幸薬品,医薬品,251.0,13.656149,0.47728157,1.39,20.14,126.1,262.8,268.8,41.5,中立,0,,,
4575,キャンバス,医薬品,753.0,,7.1569786,,-50.58,148.4,722.9,654.5,58.0,中立,0,,,
4576,デ・ウエスタン・セラピテクス研究所,医薬品,80.0,,3.3370876,,-56.38,45.2,79.2,78.8,56.4,中立,2,,,2026-08-03
4577,ダイト,医薬品,1276.0,11.8775015,0.69346017,3.53,5.97,366.8,1269.7,1233.0,54.1,中立,0,,,
4578,大塚ホールディングス,医薬品,12705.0,16.544477,2.0604079,1.57,13.42,66751.2,11351.6,11021.8,71.7,買われすぎ,2,,,2026-08-04
4579,ラクオリア創薬,医薬品,519.0,45.72687,1.6698465,,0.78,135.0,476.1,557.0,65.3,中立,0,,,
4582,シンバイオ製薬,医薬品,69.0,,21.488632,,-322.67,49.8,70.2,76.2,46.6,中立,1,,,2026-08-03
4583,カイオム・バイオサイエンス,医薬品,70.0,,3.8751109,,-31.64,50.8,71.8,79.6,45.6,中立,1,,,2026-08-03
4584,キッズウェル・バイオ,医薬品,147.0,,4.415608,,-26.99,73.0,147.1,166.0,50.3,中立,1,,,2026-08-07
4586,メドレックス,医薬品,65.0,,2.1074474,,-41.92,38.6,62.2,64.5,53.2,中立,7,,,2026-08-07
4587,ペプチドリーム,医薬品,986.3,,7.4399557,,7.79,1267.3,979.8,1046.3,52.0,中立,0,,,
4588,オンコリスバイオファーマ,医薬品,2848.0,,23.21222,,-110.09,834.0,2579.4,2692.5,60.2,中立,4,,,2026-08-07
4591,リボミック,医薬品,75.0,,1.434199,,-38.93,42.0,74.2,71.6,54.8,中立,1,,,2026-08-03
4592,サンバイオ,医薬品,992.0,,6.107773,,-43.19,774.2,986.3,1328.0,48.3,中立,0,,,
4593,ヘリオス,医薬品,247.0,,4.1169415,,-65.4,333.5,247.6,286.1,49.0,中立,0,,,
4594,ブライトパス・バイオ,医薬品,50.0,,2.9320354,,-79.25,69.4,48.5,50.4,54.8,中立,1,,,2026-08-03
4595,ミズホメディー,医薬品,1694.0,9.420008,1.760128,5.9,18.4,322.7,1668.5,1669.6,59.7,中立,0,,,
4596,窪田製薬ホールディングス,医薬品,63.0,,5.207903,,-50.56,88.4,68.0,68.6,49.3,中立,0,,,
4597,ソレイジア・ファーマ,医薬品,30.0,,4.7953963,,-69.53,81.9,27.6,27.4,64.6,ゴールデンクロス,0,,,
4598,Ｄｅｌｔａ－Ｆｌｙ　Ｐｈａｒｍａ,医薬品,107.0,,40.499622,,-1051.78,15.2,117.6,145.5,39.4,中立,3,,,2026-08-07
4599,ステムリム,医薬品,303.0,,3.1004422,,-26.92,189.9,300.6,299.6,52.9,中立,1,,,2026-08-03
460A,ＢＲＡＮＵ,情報・通信業,925.0,15.654087,4.3156137,,,41.7,907.1,777.5,57.4,中立,0,,,
4611,大日本塗料,化学,1441.0,24.456892,0.61529946,4.02,2.34,411.6,1388.2,1313.1,63.4,中立,2,,,2026-08-07
4612,日本ペイントホールディングス,化学,1259.5,23.520075,1.535558,1.35,11.47,29213.6,1145.0,1057.2,72.4,買われすぎ,2,,,2026-08-07
4613,関西ペイント,化学,2899.0,19.514002,1.7008709,3.79,9.46,5103.6,2760.6,2547.6,68.7,中立,2,,,2026-08-07
4615,神東塗料,化学,130.0,,0.33782467,,-2.19,44.2,129.0,127.2,53.0,中立,1,,,2026-08-05
4616,川上塗料,化学,2112.0,8.827955,0.59847,2.13,7.1,21.0,1994.8,1882.9,67.4,中立,0,,,
4617,中国塗料,化学,3715.0,16.756123,1.904672,2.69,15.1,1844.7,3634.8,3398.0,56.7,中立,0,,,
4619,日本特殊塗料,化学,2529.0,10.437043,0.8940221,5.93,8.83,538.5,2442.6,2317.0,66.7,中立,1,,,2026-08-07
4620,藤倉化成,化学,871.0,8.154667,0.5226212,2.53,6.74,250.0,936.6,1039.1,39.5,中立,3,,,2026-08-07
4623,アサヒペン,化学,1723.0,8.779618,0.42612568,3.48,4.99,63.9,1718.0,1709.3,56.7,中立,4,,,2026-08-07
4624,イサム塗料,化学,3860.0,9.737147,0.40738648,1.3,4.57,73.5,3516.2,3597.2,83.9,買われすぎ,3,,,2026-08-05
4625,アトミクス,化学,772.0,4.3470917,0.36607474,2.59,8.76,41.1,756.9,741.3,56.3,中立,2,,,2026-08-07
4626,太陽ホールディングス,化学,4841.0,29.378565,4.2647886,3.25,23.76,5386.9,4818.9,4921.0,49.9,中立,0,,,
4627,ナトコ,化学,1743.0,9.153931,0.5217797,3.1,5.88,131.7,1747.6,1718.0,49.6,中立,0,,,
4628,エスケー化研,化学,9030.0,9.942963,0.6970494,1.99,7.24,1218.2,8935.2,9578.5,51.5,中立,1,,,2026-08-07
4629,大伸化学,化学,2045.0,10.516843,0.53774565,2.2,5.24,93.6,1892.2,1924.0,66.6,中立,2,,,2026-08-07
462A,ＦＵＮＤＩＮＮＯ,証券、商品先物取引業,222.0,,1.1272354,,,53.0,236.4,399.1,36.8,中立,0,,,
4631,ＤＩＣ,化学,4678.0,13.683564,0.91732866,2.99,10.21,4429.5,4569.6,4487.8,54.8,中立,0,,,
4633,サカタインクス,化学,2480.0,10.543769,1.0016296,4.03,11.01,1208.6,2467.5,2359.4,51.2,中立,3,,,2026-08-07
4634,ａｒｔｉｅｎｃｅ,化学,4760.0,22.621424,6.19895,2.52,7.41,2232.3,4481.2,4201.0,71.9,買われすぎ,3,,,2026-08-07
4635,東京インキ,化学,2048.0,13.897937,0.80239743,4.64,7.93,255.9,1453.0,1336.4,89.6,買われすぎ,6,,,2026-08-05
463A,インテリックスホールディングス,不動産業,934.0,4.749072,0.56367165,5.14,10.99,93.2,929.3,937.8,53.3,中立,0,,,
4641,アルプス技研,サービス業,790.0,11.696773,2.3131068,4.56,20.58,464.9,812.4,791.5,42.7,中立,2,,,2026-08-06
4642,オリジナル設計,サービス業,1408.0,13.937835,0.9931537,2.49,,84.6,1410.6,1458.0,45.8,中立,1,,,2026-08-03
4644,イマジニア,情報・通信業,1050.0,13.550136,0.82384926,5.71,8.46,101.2,1049.5,1028.9,54.2,中立,0,,,
4645,市進ホールディングス,サービス業,433.0,5.604452,1.5271052,2.31,37.3,34.8,430.9,428.2,52.6,中立,0,,,
464A,ＱＰＳホールディングス,情報・通信業,1643.0,71.80944,5.2669034,,-3.17,915.3,1686.7,2429.9,44.4,中立,2,,,2026-08-04
4650,ＳＤエンターテイメント,サービス業,273.0,11.323102,1.3572702,,12.71,24.4,267.2,266.9,64.3,ゴールデンクロス,0,,,
4651,サニックスホールディングス,サービス業,264.0,29.931974,1.146769,1.14,3.98,126.2,256.6,244.7,63.3,中立,1,,,2026-08-04
4657,環境管理センター,サービス業,472.0,52.67857,0.9066236,1.69,-10.89,22.6,464.8,459.0,57.9,中立,0,,,
4658,日本空調サービス,サービス業,1535.0,14.471576,1.6859295,3.71,13.72,532.0,1596.9,1579.4,42.3,中立,0,,,
4661,オリエンタルランド,サービス業,2979.0,40.018806,4.3301744,0.54,,48847.2,2774.0,2454.0,60.3,中立,0,,,
4662,フォーカスシステムズ,情報・通信業,1725.0,11.081844,1.6756487,3.94,,252.7,1726.7,1619.2,52.2,中立,2,,,2026-08-07
4664,アール・エス・シー,サービス業,949.0,19.812107,1.2088864,3.58,6.12,28.6,937.8,884.2,51.2,中立,0,,,
4665,ダスキン,サービス業,4386.0,22.472715,1.3073286,3.19,5.96,2064.9,4469.2,4232.8,47.8,中立,0,,,
4666,パーク２４,不動産業,1961.5,8.96276,3.027109,3.31,41.34,3348.9,1992.5,1923.7,46.9,中立,0,,,
4667,アイサンテクノロジー,情報・通信業,1746.0,17.65241,1.4152848,2.12,8.53,92.2,1965.1,1814.7,39.8,中立,4,,,2026-08-07
4668,明光ネットワークジャパン,サービス業,767.0,11.511332,1.598726,3.91,11.86,195.3,755.6,707.4,57.1,中立,0,,,
4671,ファルコホールディングス,サービス業,2690.0,13.45,1.0409625,4.76,7.89,268.2,2678.1,2593.4,55.1,中立,2,,,2026-08-05
4673,川崎地質,サービス業,4780.0,3.9086773,0.70967346,2.51,20.03,41.8,4704.8,4802.3,54.2,中立,0,,,
4674,クレスコ,情報・通信業,1805.0,13.900654,2.177908,3.88,16.78,724.6,1583.9,1514.8,79.8,買われすぎ,3,,,2026-08-07
4676,フジ・メディア・ホールディングス,情報・通信業,4054.0,123.55988,1.0708818,4.93,2.36,5774.8,4085.9,3972.1,50.1,中立,3,,,2026-08-04
4678,秀英予備校,サービス業,320.0,49.68944,0.45126036,3.12,0.92,21.5,321.4,313.9,50.6,中立,1,,,2026-08-06
4679,田谷,サービス業,259.0,,0.29322392,,0.27,19.3,253.2,253.5,58.8,中立,0,,,
4680,ラウンドワン,サービス業,1327.0,20.953733,4.2213554,1.36,22.23,3488.3,1248.1,1048.0,66.3,中立,1,,,2026-08-06
4681,リゾートトラスト,サービス業,1758.5,17.850979,2.33017,2.05,13.27,3734.2,1753.7,1732.0,51.3,中立,0,,,
4684,オービック,情報・通信業,4562.0,26.566504,3.9895477,2.06,16.65,19659.4,4307.6,4119.7,62.5,中立,1,,,2026-08-03
4685,菱友システムズ,情報・通信業,2623.0,8.553167,1.5148444,3.81,17.91,334.6,2829.6,2880.8,36.9,中立,0,,,
4686,ジャストシステム,情報・通信業,4060.0,17.288366,2.1969423,0.74,13.49,2607.5,3917.2,3832.3,61.5,中立,1,,,2026-08-07
4687,ＴＤＣソフト,情報・通信業,946.0,11.516922,1.9496953,3.59,17.35,440.9,1007.2,959.0,42.0,中立,2,,,2026-08-05
4689,ＬＩＮＥヤフー,情報・通信業,483.6,17.351992,1.1039004,2.27,8.32,33171.0,450.4,427.4,68.6,中立,1,,,2026-08-03
4691,ワシントンホテル,サービス業,2278.0,9.027503,4.1577687,1.98,-71.43,273.2,2353.2,2226.4,49.2,中立,0,,,
4694,ビー・エム・エル,サービス業,3590.0,17.65429,1.0540483,3.48,6.02,1345.7,3605.2,3618.5,50.1,中立,1,,,2026-08-07
469A,フィットクルー,サービス業,1459.0,9.923145,1.810295,,,15.6,1522.2,1512.3,43.9,中立,0,,,
4704,トレンドマイクロ,情報・通信業,6732.0,25.818825,7.6498175,2.75,33.82,8735.9,6418.7,6065.2,61.3,中立,0,,,
4705,クリップコーポレーション,サービス業,778.0,,0.5914946,5.14,-1.8,28.0,777.1,785.2,49.9,中立,1,,,2026-08-07
4707,キタック,サービス業,329.0,12.54289,0.49624202,2.13,4.04,18.4,327.9,326.6,53.6,中立,0,,,
4709,ＩＤホールディングス,情報・通信業,1029.0,11.976257,2.3383176,4.86,19.57,349.6,1088.8,1045.5,40.2,中立,2,,,2026-08-07
4712,ＫｅｙＨｏｌｄｅｒ,サービス業,760.0,16.692291,10.493904,1.45,-9.19,143.0,737.2,777.5,58.1,中立,3,,,2026-08-07
4714,リソー教育グループ,サービス業,202.0,21.308018,3.30898,4.95,18.01,344.0,201.6,196.5,52.9,中立,0,,,
4716,日本オラクル,情報・通信業,9110.0,18.374346,5.702667,2.17,34.49,11674.9,8702.9,8509.5,61.3,中立,0,,,
4718,早稲田アカデミー,サービス業,2363.0,17.567469,2.761766,3.81,17.58,436.5,2444.3,2325.4,42.7,中立,1,,,2026-08-03
4719,アルファシステムズ,情報・通信業,3330.0,12.47191,1.0310299,4.2,8.55,467.5,3336.6,3293.1,51.2,中立,1,,,2026-08-05
471A,ＮＳグループ,その他金融業,1518.0,13.359148,2.7278166,5.01,,778.0,1513.6,1481.4,56.5,中立,2,,,2026-08-07
4720,城南進学研究社,サービス業,243.0,398.36066,1.402039,2.06,0.28,19.5,241.1,239.6,56.7,中立,0,,,
4722,フューチャー,情報・通信業,2446.0,17.636456,3.4563744,1.92,19.64,2169.0,2146.8,1734.1,81.3,買われすぎ,0,,,
4725,ＣＡＣ　Ｈｏｌｄｉｎｇｓ,情報・通信業,1841.0,9.6191025,0.918637,5.43,11.02,318.3,1827.4,1771.5,56.5,中立,0,,,
4728,トーセ,情報・通信業,647.0,12.32381,0.78939885,3.86,5.35,49.0,644.4,639.5,54.6,中立,0,,,
472A,ミラティブ,情報・通信業,569.0,12.152926,2.5563498,,,96.3,532.5,480.9,63.9,中立,0,,,
4732,ユー・エス・エス,サービス業,1987.0,22.441833,4.827854,2.84,22.41,9021.8,1985.8,1859.8,53.3,中立,2,,,2026-08-04
4733,オービックビジネスコンサルタント,情報・通信業,7945.0,32.977753,3.5406473,1.64,11.52,5972.8,7200.8,6455.4,67.9,中立,0,,,
4735,京進,サービス業,301.0,25.881342,0.63190556,2.59,,23.1,305.4,315.4,43.8,中立,1,,,2026-08-07
4736,日本ラッド,情報・通信業,579.0,18.557692,0.8769073,1.73,,30.6,594.3,583.9,44.8,中立,2,,,2026-08-03
4743,アイティフォー,情報・通信業,1685.0,16.15997,2.1590276,4.75,14.15,445.9,1686.4,1659.0,51.1,中立,0,,,
4746,東計電算,情報・通信業,6600.0,22.371365,2.04496,2.95,11.58,1186.8,5054.6,4480.1,89.1,買われすぎ,5,,,2026-08-05
4750,ダイサン,サービス業,561.0,13.723092,0.62807393,3.92,4.64,36.0,557.6,554.6,57.1,中立,0,,,
4751,サイバーエージェント,サービス業,1499.0,18.6768,3.8277586,1.27,21.07,7601.4,1485.1,1378.8,55.7,中立,3,,,2026-08-07
4752,昭和システムエンジニアリング,情報・通信業,1521.0,8.467876,1.102918,4.01,13.66,65.1,1537.7,1522.8,47.4,中立,0,,,
4754,トスネット,サービス業,1520.0,13.202467,0.84256226,2.43,6.58,70.7,1519.9,1500.6,49.9,中立,1,,,2026-08-07
4755,楽天グループ,サービス業,886.5,,2.138386,,-5.23,19269.8,814.4,774.0,73.6,買われすぎ,0,,,
475A,ギミック,サービス業,587.0,8.140341,1.2486864,,19.6,30.7,608.7,716.7,42.5,中立,0,,,
4760,アルファ,サービス業,1674.0,9.531401,0.9774606,4.18,4.99,13.5,1628.9,1615.2,60.2,中立,0,,,
4761,さくらケーシーエス,情報・通信業,1416.0,12.95043,0.7679275,4.38,5.97,155.8,1462.6,1391.2,43.4,中立,0,,,
4762,エックスネット,情報・通信業,1895.0,14.582532,2.4219482,3.69,16.66,79.2,1873.5,1668.1,50.8,中立,0,,,
4763,クリーク・アンド・リバー社,サービス業,1439.0,7.4842668,1.5620149,3.47,26.39,304.7,1438.6,1339.1,53.2,中立,0,,,
4765,ＳＢＩグローバルアセットマネジメント,サービス業,600.0,21.193924,2.565802,3.88,17.34,828.4,585.8,589.0,55.2,中立,0,,,
4766,ピーエイ,サービス業,190.0,21.300447,4.5401325,2.74,25.34,20.4,190.4,196.6,47.7,中立,0,,,
4767,テー・オー・ダブリュー,サービス業,370.0,12.572206,1.4784743,4.95,11.22,153.0,335.8,341.4,76.6,買われすぎ,3,,,2026-08-07
4768,大塚商会,情報・通信業,3443.0,20.375193,3.1551,3.05,16.99,13055.9,3109.0,2936.9,65.5,中立,5,,,2026-08-03
4769,ＩＣ,情報・通信業,1120.0,21.04472,1.2908579,3.57,6.27,83.3,1120.5,1085.2,52.0,中立,1,,,2026-08-07
476A,辻・本郷ＩＴコンサルティング,情報・通信業,1630.0,23.93539,1.9815655,,,33.2,1578.9,1550.2,61.7,中立,0,,,
4771,エフアンドエム,サービス業,2638.0,13.809349,2.5187185,2.27,21.34,390.2,2455.2,2394.1,66.1,中立,1,,,2026-08-03
4772,ＳＭ　ＥＮＴＥＲＴＡＩＮＭＥＮＴ　ＪＡＰＡＮ,情報・通信業,69.0,21.296297,1.0893246,1.45,7.76,80.0,77.1,79.6,39.1,中立,2,,,2026-08-05
4776,サイボウズ,情報・通信業,2751.0,17.945206,7.256297,1.82,50.23,1248.0,2625.7,2418.8,60.5,中立,0,,,
4777,ガーラ,情報・通信業,199.0,,13.770673,,-55.01,55.8,199.2,200.7,48.6,中立,0,,,
477A,スタートライン,サービス業,620.0,4.218548,2.5707474,,,25.6,599.7,589.8,59.3,中立,0,,,
4783,ＮＣＤ,情報・通信業,2451.0,10.764636,2.3415983,4.9,22.86,196.6,2470.2,2433.7,49.1,中立,1,,,2026-08-07
4784,ＧＭＯインターネット,サービス業,532.0,26.271605,10.509888,2.93,43.22,1618.6,524.1,539.8,51.9,中立,0,,,
478A,フツパー,情報・通信業,762.0,24.05303,3.6086552,,,77.4,750.6,766.5,54.2,中立,0,,,
4792,山田コンサルティンググループ,サービス業,1646.0,10.882645,1.5903367,4.68,13.52,316.1,1690.5,1656.9,37.4,中立,1,,,2026-08-05
479A,ＰＲＯＮＩ,情報・通信業,1356.0,11.705801,3.2894018,,,60.2,1372.6,1398.4,50.3,中立,0,,,
4800,オリコン,情報・通信業,1357.0,27.853037,3.002538,2.65,10.91,174.2,1359.8,1242.8,65.3,中立,3,,,2026-08-07
4801,セントラルスポーツ,サービス業,2406.0,20.972803,1.0126894,1.66,4.9,269.5,2400.1,2358.4,52.7,中立,1,,,2026-08-07
4809,パラカ,不動産業,2008.0,10.276882,0.9638333,3.59,9.74,202.6,2064.7,2016.5,40.0,中立,1,,,2026-08-06
480A,リブ・コンサルティング,サービス業,996.0,11.640954,1.7419409,,,66.2,981.8,989.3,55.0,中立,0,,,
4811,ドリーム・アーツ,情報・通信業,773.0,12.356138,3.07565,2.59,25.63,92.6,828.9,783.3,40.0,中立,0,,,
4812,電通総研,情報・通信業,2695.0,32.121574,4.99075,1.67,17.54,5260.1,2693.2,2293.6,65.4,中立,0,,,
4813,ＡＣＣＥＳＳ,情報・通信業,381.0,,2.1071727,,-26.2,142.8,348.7,428.9,55.8,中立,1,,,2026-08-04
4814,ネクストウェア,情報・通信業,160.0,,2.6750486,,-46.62,20.3,152.8,162.2,58.6,中立,0,,,
4816,東映アニメーション,情報・通信業,2888.0,23.517914,3.503022,1.52,16.25,5900.6,2759.7,2585.6,59.3,中立,0,,,
4819,デジタルガレージ,情報・通信業,2341.0,85.09633,1.4224051,2.01,1.41,1079.5,2263.9,2178.1,57.8,中立,0,,,
4820,イーエムシステムズ,情報・通信業,539.0,15.264797,2.4633355,4.27,7.31,373.1,528.0,538.1,55.6,中立,0,,,
4825,ウェザーニューズ,情報・通信業,1962.0,22.893816,3.6501985,2.55,16.77,871.4,1991.3,2019.2,46.3,中立,0,,,
4826,ＣＩＪ,情報・通信業,525.0,16.608667,1.9897593,4.19,12.22,293.1,505.0,493.1,63.1,中立,3,,,2026-08-05
4828,ビジネスエンジニアリング,情報・通信業,1200.0,14.6717205,4.453731,3.5,33.2,715.8,1164.3,1126.0,58.9,中立,0,,,
4829,日本エンタープライズ,情報・通信業,107.0,62.573097,0.87245804,5.61,1.65,41.2,105.8,106.2,56.8,中立,0,,,
4832,ＪＦＥシステムズ,情報・通信業,1903.0,14.006036,1.7183107,3.68,10.97,597.7,1985.1,1941.8,42.1,中立,0,,,
4833,Ｄｅｆ　ｃｏｎｓｕｌｔｉｎｇ,サービス業,43.0,,0.94813895,,-59.91,31.2,46.6,50.5,45.9,中立,0,,,
4838,スペースシャワーＳＫＩＹＡＫＩホールディングス,情報・通信業,669.0,9.093381,1.2333798,4.48,14.75,108.4,663.1,676.5,53.8,中立,1,,,2026-08-06
4839,ＷＯＷＯＷ,情報・通信業,978.0,21.391075,0.39846644,3.07,1.87,277.1,1007.4,1051.5,36.8,中立,0,,,
483A,テラテクノロジー,情報・通信業,2202.0,9.376996,1.3037632,4.09,15.83,35.9,2200.6,2148.6,54.0,中立,0,,,
4840,トライアイズ,サービス業,532.0,,0.9067976,0.19,-13.1,46.0,591.3,726.1,37.2,中立,1,,,2026-08-03
4845,スカラ,情報・通信業,330.0,8.795309,1.2306912,5.15,13.24,56.5,334.4,330.9,46.7,中立,0,,,
4847,インテリジェント　ウェイブ,情報・通信業,1236.0,24.027994,3.3667006,2.99,13.62,323.6,1000.4,955.1,82.6,買われすぎ,3,,,2026-08-07
4848,フルキャストホールディングス,サービス業,1680.0,12.333896,1.8853463,3.81,16.2,584.8,1648.6,1564.0,57.3,中立,4,,,2026-08-07
4849,エン,サービス業,1352.0,20.784012,1.6042774,5.05,7.54,510.5,1250.9,1197.7,69.3,中立,2,,,2026-08-06
485A,パワーエックス,電気機器,1851.0,,29.597057,,-39.59,2114.7,1834.1,2726.5,48.4,中立,2,,,2026-08-03
4880,セルソース,医薬品,320.0,89.63586,1.059929,1.56,,63.5,326.7,334.7,48.9,中立,0,,,
4881,ファンペップ,医薬品,49.0,,1.2756099,,-84.4,22.0,61.4,63.1,36.4,中立,0,,,
4882,ペルセウスプロテオミクス,医薬品,142.0,,1.9835174,,-54.21,24.1,148.8,165.9,42.8,中立,0,,,
4883,モダリス,医薬品,32.0,,1.055583,,-59.69,30.8,32.5,42.9,45.6,中立,1,,,2026-08-03
4884,クリングルファーマ,医薬品,347.0,,2.7096884,,-72.02,28.0,327.6,368.7,60.0,中立,1,,,2026-08-03
4885,室町ケミカル,医薬品,889.0,22.208344,,2.92,,35.8,907.0,938.0,43.2,中立,0,,,
4886,あすか製薬ホールディングス,医薬品,2010.0,10.520806,0.81120217,3.28,6.57,570.8,2216.6,2507.4,26.6,売られすぎ,2,,,2026-08-04
4887,サワイグループホールディングス,医薬品,1650.0,16.574585,1.0671793,3.39,6.55,1905.5,1674.4,1780.7,46.1,中立,1,,,2026-08-07
4888,ステラファーマ,医薬品,315.0,,4.4174566,,-27.69,113.5,312.0,376.8,48.7,中立,1,,,2026-08-07
4889,レナサイエンス,医薬品,1519.0,,6.093672,,-11.94,209.3,1504.8,1494.9,50.4,中立,0,,,
4890,坪田ラボ,医薬品,260.0,,7.7711687,,-62.12,67.1,244.3,251.5,60.8,中立,0,,,
4891,ティムス,医薬品,98.0,,1.7304399,,,44.7,100.1,119.2,41.5,中立,1,,,2026-08-03
4892,サイフューズ,医薬品,531.0,,1.921678,,-32.1,52.9,530.7,578.3,50.8,中立,0,,,
4893,ノイルイミューン・バイオテック,医薬品,139.0,,1.5935799,,-17.09,60.2,136.0,134.3,55.5,中立,0,,,
4894,クオリプス,医薬品,5010.0,,8.709469,,-19.99,413.7,4579.0,4940.2,59.3,中立,0,,,
4896,ケイファーマ,医薬品,729.0,,8.346023,,-67.92,84.7,728.3,711.9,52.2,中立,0,,,
4901,富士フイルムホールディングス,化学,3236.0,14.0953045,1.0158604,2.32,7.14,38702.2,3673.6,3401.2,33.0,中立,2,,,2026-08-06
4902,コニカミノルタ,電気機器,658.5,10.130769,0.591523,2.73,6.53,3254.2,619.2,588.2,58.3,中立,0,,,
4911,資生堂,化学,3619.0,,2.4068372,1.66,-3.08,14462.2,3085.9,2879.9,69.8,中立,2,,,2026-08-05
4912,ライオン,化学,1797.5,18.034513,1.538887,1.89,9.57,4973.1,1704.9,1635.6,64.4,中立,2,,,2026-08-07
4914,高砂香料工業,化学,1243.0,12.7200165,0.7899381,4.18,6.69,1211.9,1186.6,1152.9,66.6,中立,2,,,2026-08-06
4918,アイビー化粧品,化学,311.0,13.865358,0.7267289,4.82,-4.23,19.5,321.9,301.5,49.1,中立,4,,,2026-08-05
4919,ミルボン,化学,2894.0,27.237648,1.8905147,3.04,8.35,919.7,2810.4,2660.2,61.2,中立,0,,,
4920,日本色材工業研究所,化学,1121.0,6.9206076,0.5422658,2.68,8.46,23.5,1124.2,1130.3,50.1,中立,0,,,
4922,コーセーホールディングス,化学,5920.0,22.375086,1.1889145,2.36,3.66,3358.8,5554.0,5371.0,63.4,中立,3,,,2026-08-06
4923,コタ,化学,1215.0,24.67506,2.371074,1.65,12.33,354.0,1198.6,1150.8,56.4,中立,0,,,
4925,ハーバー研究所,化学,1758.0,8.745833,0.6971311,2.28,8.23,66.5,1743.0,1716.6,66.5,中立,0,,,
4926,シーボン,化学,1231.0,24.58558,0.90057796,1.62,3.74,51.2,1241.7,1221.9,45.9,中立,1,,,2026-08-06
4927,ポーラ・オルビスホールディングス,化学,1398.5,32.721104,1.9598309,3.72,6.68,3094.6,1333.4,1280.5,64.2,中立,2,,,2026-08-06
4928,ノエビアホールディングス,化学,4790.0,20.175217,3.2069972,4.8,16.14,1636.1,4666.6,4444.1,57.7,中立,1,,,2026-08-03
4929,アジュバンホールディングス,化学,737.0,41.265396,1.4065584,1.63,4.63,59.0,737.2,735.3,50.5,中立,0,,,
4931,新日本製薬,化学,1992.0,13.031532,1.8164526,2.86,14.57,422.0,2018.9,1972.4,47.7,中立,2,,,2026-08-07
4932,アルマード,化学,722.0,12.883655,3.6747491,5.82,28.07,66.8,705.1,681.0,64.8,中立,0,,,
4933,Ｉ－ｎｅ,化学,1269.0,10.68002,1.2156407,1.18,11.49,225.7,1236.6,1210.9,55.6,中立,3,,,2026-08-07
4934,プレミアアンチエイジング,化学,600.0,17.894424,0.7332158,,130.26,52.3,619.6,612.4,35.3,中立,0,,,
4935,リベルタ,化学,244.0,160.52632,5.6439676,0.82,-5.35,73.3,295.1,266.6,44.8,中立,4,,,2026-08-07
4936,アクシージア,化学,319.0,,0.9609823,3.13,1.82,73.0,336.5,332.1,37.1,中立,0,,,
4937,Ｗａｑｏｏ,化学,1568.0,23.420464,2.4768155,,11.1,55.9,1497.5,1495.8,60.1,中立,3,,,2026-08-07
4951,エステー,化学,1493.0,19.294392,0.92651665,3.08,4.1,311.6,1518.5,1483.0,42.5,中立,2,,,2026-08-05
4956,コニシ,化学,1476.0,11.822186,1.0071346,2.57,9.93,921.3,1443.2,1432.6,56.7,中立,0,,,
4958,長谷川香料,化学,3310.0,18.472013,0.9952891,3.02,6.16,1343.6,3261.0,3137.8,58.7,中立,1,,,2026-08-03
4960,ケミプロ化成,化学,528.0,28.85246,2.4193993,0.95,12.57,85.1,530.1,590.8,49.0,中立,0,,,
4966,上村工業,化学,22190.0,25.70191,3.0600123,1.31,12.52,3548.9,23649.2,24174.3,44.1,中立,3,,,2026-08-07
4967,小林製薬,化学,5473.0,110.78947,1.947472,1.94,1.48,4068.6,5579.7,5614.9,45.3,中立,2,,,2026-08-06
4968,荒川化学工業,化学,2252.0,20.284634,0.68801296,2.31,2.37,446.8,2086.8,1757.3,57.6,中立,2,,,2026-08-05
4970,東洋合成工業,化学,13540.0,39.93158,18.32129,0.37,-10.82,1074.6,14584.0,15554.0,44.8,中立,2,,,2026-08-07
4971,メック,化学,8850.0,32.537964,11.631132,1.24,12.78,1616.1,8762.8,9758.3,49.0,中立,0,,,
4972,綜研化学,化学,3345.0,13.7056465,1.3147056,2.24,11.26,555.1,3401.2,3397.4,50.2,中立,2,,,2026-08-06
4973,日本高純度化学,化学,4645.0,15.025069,1.2090923,4.95,9.71,269.6,4792.4,5220.6,45.6,中立,0,,,
4975,ＪＣＵ,化学,5550.0,15.166006,2.5040674,3.24,17.73,1366.4,6414.4,6923.9,37.3,中立,1,,,2026-08-06
4976,東洋ドライルーブ,化学,1329.0,8.36112,0.48806572,2.51,6.12,52.8,1307.8,1324.5,54.2,中立,3,,,2026-08-07
4977,新田ゼラチン,化学,1350.0,7.4908442,1.0139664,2.96,15.45,245.9,1314.5,1263.5,60.4,中立,4,,,2026-08-07
4978,リプロセル,化学,132.0,,1.4182112,,-6.63,129.3,127.0,138.4,57.1,中立,0,,,
4979,ＯＡＴアグリオ,化学,2446.0,10.618163,1.2458285,2.45,14.84,246.7,2479.8,2573.9,45.0,中立,0,,,
4980,デクセリアルズ,化学,3053.0,19.074097,4.5901284,2.1,,5114.1,3644.8,3731.6,33.7,中立,1,,,2026-08-04
4985,アース製薬,化学,4725.0,19.675203,1.3506398,2.75,6.77,1032.3,4710.0,4665.9,52.4,中立,2,,,2026-08-06
4990,昭和化学工業,化学,492.0,8.387317,0.55822885,1.22,7.13,52.4,501.2,497.4,45.8,中立,0,,,
4992,北興化学工業,化学,1978.0,10.157655,0.84093064,2.73,9.19,509.9,1957.0,1899.4,53.3,中立,1,,,2026-08-04
4994,大成ラミックグループ,化学,2601.0,10.36792,0.60800534,2.69,6.08,157.9,2501.4,2365.5,68.5,中立,2,,,2026-08-07
4996,クミアイ化学工業,化学,756.0,13.281799,0.5908738,3.17,3.94,910.8,731.4,740.5,63.0,中立,0,,,
4997,日本農薬,化学,1132.0,12.257715,1.5795695,4.24,3.28,886.6,1045.2,1014.9,70.5,買われすぎ,1,,,2026-08-06
4998,フマキラー,化学,1182.0,16.129913,0.72637033,2.03,4.94,194.8,1192.7,1159.6,46.5,中立,1,,,2026-08-07
500A,ＴＯブックス,情報・通信業,2971.0,7.9713454,1.3964393,2.56,22.72,104.5,2967.4,3117.3,49.2,中立,0,,,
5010,日本精蝋,石油・石炭製品,239.0,8.538764,0.7054351,,13.26,47.2,235.4,238.0,55.6,中立,0,,,
5011,ニチレキグループ,石油・石炭製品,2209.0,14.639804,0.78936636,4.07,5.5,628.6,2158.1,2081.6,57.5,中立,1,,,2026-08-07
5013,ユシロ,石油・石炭製品,3185.0,8.799558,0.8688766,3.83,10.49,410.6,2975.4,3141.6,61.0,中立,2,,,2026-08-07
5015,ビーピー・カストロール,石油・石炭製品,1000.0,21.829294,3.233452,5.0,25.22,229.6,993.6,984.0,55.4,中立,3,,,2026-08-05
5016,ＪＸ金属,非鉄金属,3886.0,34.493164,4.953865,0.51,16.61,36080.1,3831.3,4167.0,49.5,中立,3,,,2026-08-06
5018,ＭＯＲＥＳＣＯ,石油・石炭製品,2208.0,13.279605,0.84016985,2.49,8.83,202.6,2109.4,1904.5,58.7,中立,0,,,
5019,出光興産,石油・石炭製品,1321.0,9.414196,0.8390162,2.73,8.95,15831.5,1275.1,1310.4,57.6,中立,2,,,2026-08-07
5020,ＥＮＥＯＳホールディングス,石油・石炭製品,1349.5,14.066083,1.0772266,2.52,8.5,36023.9,1285.9,1281.8,62.2,ゴールデンクロス,4,,,2026-08-07
5021,コスモエネルギーホールディングス,石油・石炭製品,4088.0,9.021693,1.0707855,4.04,11.4,6491.3,3900.5,3822.6,63.4,中立,2,,,2026-08-06
5025,マーキュリー,情報・通信業,573.0,9.2568655,1.3500141,,16.21,15.3,548.1,600.0,60.5,中立,0,,,
5026,トリプルアイズ,情報・通信業,564.0,,3.3457513,,4.47,47.3,586.7,590.0,46.8,中立,0,,,
5027,ＡｎｙＭｉｎｄ　Ｇｒｏｕｐ,情報・通信業,568.0,38.146404,1.965228,0.35,6.4,338.0,550.6,483.5,57.7,中立,1,,,2026-08-03
5028,セカンドサイトアナリティカ,情報・通信業,377.0,30.256823,3.0084188,,13.61,36.0,388.0,374.5,50.7,中立,0,,,
5029,サークレイス,情報・通信業,772.0,16.218489,2.6507165,,20.05,33.8,765.5,706.5,52.5,中立,0,,,
5031,モイ,情報・通信業,329.0,45.192307,2.257894,,5.5,57.0,331.5,370.8,46.9,中立,0,,,
5032,ＡＮＹＣＯＬＯＲ,情報・通信業,2729.0,11.824603,6.067802,2.27,57.59,1636.1,2531.6,2610.7,66.0,中立,0,,,
5033,ヌーラボ,情報・通信業,815.0,29.433008,2.6195512,,9.17,51.8,874.8,800.0,37.9,中立,0,,,
5034,ｕｎｅｒｒｙ,情報・通信業,2028.0,25.864046,3.3068688,,19.67,75.9,2257.3,2206.7,39.7,中立,0,,,
5035,ＨＯＵＳＥＩ,情報・通信業,354.0,,0.7740818,0.85,-6.04,23.7,360.4,380.8,40.2,中立,0,,,
5036,日本ビジネスシステムズ,情報・通信業,1616.0,11.235486,2.5551913,3.47,25.45,728.2,1573.2,1560.5,60.0,中立,0,,,
5038,ｅＷｅＬＬ,情報・通信業,2162.0,30.360905,10.385742,0.97,40.15,327.1,2076.4,1951.7,62.9,中立,0,,,
504A,イノバセル,医薬品,527.0,,2.3314044,,,237.7,504.8,549.0,53.2,中立,2,,,2026-08-06
505A,ギークリー,サービス業,1279.0,9.643369,,4.46,,143.6,1313.9,1199.0,49.6,中立,0,,,
5071,ヴィス,サービス業,1425.0,8.777332,1.5151612,4.14,18.41,120.2,1403.6,1403.4,54.2,ゴールデンクロス,0,,,
5074,テスホールディングス,建設業,770.0,58.689026,1.096652,0.75,2.07,543.9,759.6,885.0,49.4,中立,1,,,2026-08-07
5076,インフロニア・ホールディングス,建設業,2613.5,10.121607,1.0815805,3.83,13.16,6604.1,2736.9,2543.2,44.8,中立,4,,,2026-08-07
50765,インフロニア・ホールディングス第１回社債型種類株式,建設業,4635.0,,1.9181657,2.8,13.16,,4632.4,4630.0,54.5,中立,0,,,
5078,セレコーポレーション,建設業,4785.0,14.119209,0.7778984,3.34,4.93,162.2,4794.4,4833.6,48.0,中立,0,,,
5079,ノバック,建設業,2569.0,11.250274,0.72724885,4.67,6.37,132.4,2561.0,2544.0,51.9,中立,0,,,
5101,横浜ゴム,ゴム製品,7792.0,11.65037,1.1776215,2.21,11.84,12291.7,7638.6,7127.6,56.7,中立,0,,,
5103,昭和ホールディングス,ゴム製品,7.0,,0.43769148,,-31.63,5.3,18.4,32.9,23.6,売られすぎ,0,,,
5105,ＴＯＹＯ　ＴＩＲＥ,ゴム製品,3602.0,8.717751,1.0411482,3.89,13.17,5546.9,4037.6,3819.0,33.4,中立,6,,,2026-08-07
5108,ブリヂストン,ゴム製品,4199.0,35.324303,1.4407595,3.1,9.29,52262.7,3785.6,3480.7,73.8,買われすぎ,3,,,2026-08-07
5110,住友ゴム工業,ゴム製品,2487.5,12.987521,0.9009025,3.38,8.46,6538.0,2252.3,2106.2,67.9,中立,2,,,2026-08-06
5121,藤倉コンポジット,ゴム製品,2789.0,13.364962,1.359566,3.08,10.92,515.2,2555.6,2531.9,72.0,買われすぎ,1,,,2026-08-07
5122,オカモト,ゴム製品,6590.0,23.324957,1.0190283,1.82,4.74,1119.3,5701.6,5624.1,82.5,買われすぎ,3,,,2026-08-07
5125,ファインズ,情報・通信業,476.0,8.109029,0.9801802,,5.59,21.3,472.0,501.8,50.8,中立,0,,,
5126,ポーターズ,情報・通信業,1465.0,19.19801,1.6531405,,7.84,23.9,1592.4,1502.0,37.9,中立,0,,,
5129,ＦＩＸＥＲ,情報・通信業,244.0,,1.61719,,-43.79,36.1,250.4,287.3,45.0,中立,0,,,
5131,リンカーズ,情報・通信業,116.0,,2.4058404,,,16.1,122.6,128.8,40.6,中立,0,,,
5132,ｐｌｕｓｚｅｒｏ,情報・通信業,1860.0,40.496407,9.114029,,25.42,144.9,1944.9,1940.2,46.2,中立,0,,,
5133,テリロジーホールディングス,情報・通信業,309.0,15.2970295,1.6046863,1.75,11.9,52.9,307.3,307.7,57.5,中立,2,,,2026-08-04
5134,ＰＯＰＥＲ,情報・通信業,475.0,33.427162,2.0852907,,6.7,18.4,515.2,499.8,35.6,中立,0,,,
5136,ｔｒｉｐｌａ,情報・通信業,1778.0,17.210339,5.0984416,,36.19,105.6,1812.4,1620.7,52.0,中立,0,,,
5137,スマートドライブ,情報・通信業,228.0,16.033754,6.3525677,,51.9,85.2,221.1,230.4,56.1,中立,0,,,
5138,Ｒｅｂａｓｅ,情報・通信業,438.0,28.89182,1.678238,,5.56,21.5,428.4,455.8,54.1,中立,0,,,
5139,オープンワーク,情報・通信業,931.0,23.275,2.8081923,0.97,12.56,193.3,910.6,920.6,55.4,中立,0,,,
5142,アキレス,化学,1689.0,10.905921,0.53328735,1.78,5.12,230.8,1275.2,1263.1,86.0,ゴールデンクロス,5,,,2026-08-07
5161,西川ゴム工業,ゴム製品,3420.0,11.643743,1.4107822,5.38,13.08,1239.9,3193.4,3130.7,74.6,買われすぎ,3,,,2026-08-07
5162,朝日ラバー,ゴム製品,800.0,22.818026,0.7145977,3.0,3.19,35.9,795.4,754.7,52.9,中立,4,,,2026-08-06
5184,ニチリン,ゴム製品,4070.0,9.733582,0.87564206,4.67,10.8,535.1,4093.0,4043.5,46.6,中立,2,,,2026-08-07
5185,フコク,ゴム製品,1992.0,27.032162,0.6932139,5.02,3.21,283.3,1855.0,1804.9,76.0,買われすぎ,1,,,2026-08-06
5186,ニッタ,ゴム製品,7070.0,14.417096,1.1766137,2.4,8.5,1939.5,6452.4,5858.8,72.1,買われすぎ,2,,,2026-08-07
5187,クリエートメディック,精密機器,1113.0,13.776458,0.57038313,4.22,3.53,89.2,1138.4,1117.7,41.4,中立,4,,,2026-08-07
5189,櫻護謨,ゴム製品,3240.0,9.403843,0.6261978,3.7,6.99,62.7,3519.4,3264.0,44.3,中立,1,,,2026-08-05
5192,三ツ星ベルト,ゴム製品,4325.0,16.434868,1.187944,4.42,7.49,1207.2,4048.4,3978.9,74.9,買われすぎ,3,,,2026-08-07
5194,相模ゴム工業,ゴム製品,664.0,25.421133,0.62119824,1.51,2.25,72.1,652.2,653.8,58.4,中立,2,,,2026-08-07
5195,バンドー化学,ゴム製品,2477.0,9.659556,1.0900121,4.04,12.08,1005.3,2322.0,2211.8,76.6,買われすぎ,3,,,2026-08-07
5199,不二ラテックス,ゴム製品,2020.0,40.159046,0.6255952,4.11,5.22,25.6,1977.4,1951.8,59.6,中立,1,,,2026-08-05
519A,ベーシック,情報・通信業,491.0,8.400342,3.4043083,,62.81,29.0,524.8,528.2,34.5,中立,1,,,2026-08-05
5201,ＡＧＣ,ガラス・土石製品,5811.0,13.590121,0.8076782,3.61,,12343.8,6240.5,6458.3,36.5,中立,2,,,2026-08-04
5202,日本板硝子,ガラス・土石製品,482.0,15.720809,0.45349678,,3.36,685.9,482.4,479.2,52.7,中立,2,,,2026-08-07
5204,石塚硝子,ガラス・土石製品,3040.0,4.8713264,0.32244027,2.37,7.01,126.8,3024.9,2962.9,54.4,中立,0,,,
5208,有沢製作所,化学,2750.0,18.266356,1.7782618,4.0,10.07,901.3,2533.1,2455.3,60.7,中立,3,,,2026-08-06
520A,ジェイファーマ,医薬品,278.0,,1.1418338,,-73.01,50.0,284.8,402.3,41.1,中立,0,,,
5210,日本山村硝子,ガラス・土石製品,2812.0,8.787225,0.50621665,5.33,5.93,287.4,2803.0,2779.7,54.0,中立,0,,,
5214,日本電気硝子,ガラス・土石製品,4928.0,14.438064,0.73154604,3.25,5.46,3631.1,5535.2,6340.6,37.7,中立,2,,,2026-08-03
5216,倉元製作所,ガラス・土石製品,153.0,,11.702616,,,83.5,158.2,147.5,47.6,中立,4,,,2026-08-07
5218,オハラ,ガラス・土石製品,1596.0,27.08298,0.7225313,1.57,2.95,378.8,1469.9,1462.3,64.4,中立,0,,,
5232,住友大阪セメント,ガラス・土石製品,5817.0,16.643301,0.9456315,0.69,6.18,1843.5,5619.6,5272.3,55.2,中立,5,,,2026-08-04
5233,太平洋セメント,ガラス・土石製品,4210.0,18.471394,0.69037527,2.85,3.87,4587.1,4078.8,4051.4,54.7,中立,2,,,2026-08-06
5237,ノザワ,ガラス・土石製品,1198.0,23.221554,0.65018165,3.59,2.84,142.6,1236.6,1179.6,41.7,中立,1,,,2026-08-07
523A,セイワホールディングス,金属製品,1673.0,20.808456,4.7851677,,30.39,319.7,1560.0,1850.7,53.9,中立,2,,,2026-08-06
5240,ｍｏｎｏＡＩ　ｔｅｃｈｎｏｌｏｇｙ,情報・通信業,205.0,,2.3302076,,-35.08,25.1,189.1,156.8,54.0,中立,0,,,
5242,アイズ,情報・通信業,2030.0,,3.465861,,-10.3,20.8,1631.6,1169.2,58.6,中立,0,,,
5243,ｎｏｔｅ,情報・通信業,2274.0,39.152893,5.703007,,20.3,440.5,2123.0,2083.0,58.4,中立,0,,,
5244,ｊｉｇ．ｊｐ,情報・通信業,172.0,6.1892767,1.4107959,1.7,25.33,70.9,175.1,189.4,47.7,中立,0,,,
5246,ＥＬＥＭＥＮＴＳ,情報・通信業,805.0,725.2252,5.6955667,,0.3,219.2,727.4,656.3,69.8,中立,0,,,
5247,ＢＴＭ,情報・通信業,542.0,23.32186,2.1058357,,9.39,15.3,539.6,585.3,48.4,中立,0,,,
5248,テクノロジーズ,情報・通信業,464.0,29.422955,5.5371914,,11.15,78.5,515.2,493.3,37.6,中立,1,,,2026-08-03
5250,ＧＭＯプライム・ストラテジー,情報・通信業,1037.0,34.179302,2.6167507,2.12,7.75,36.6,1051.8,1108.6,46.3,中立,0,,,
5252,日本ナレッジ,情報・通信業,830.0,39.827255,2.8561401,0.84,7.34,34.5,787.2,775.3,60.2,中立,0,,,
5253,カバー,情報・通信業,1632.0,36.315086,5.3669734,,16.34,1040.7,1587.5,1510.0,55.9,中立,0,,,
5254,Ａｒｅｎｔ,情報・通信業,4050.0,20.87629,3.8956392,,23.66,276.4,4256.8,3948.0,44.9,中立,4,,,2026-08-06
5255,モンスターラボ,情報・通信業,102.0,,8.840354,,,66.0,89.8,90.9,66.1,中立,0,,,
5256,Ｆｕｓｉｃ,情報・通信業,2340.0,17.099012,2.3679154,,11.78,29.8,2341.5,2387.4,50.0,中立,0,,,
5257,ノバシステム,情報・通信業,2752.0,16.58031,1.5773675,3.82,14.2,38.2,2567.3,2521.1,74.2,買われすぎ,1,,,2026-08-03
5258,トランザクション・メディア・ネットワークス,情報・通信業,449.0,,2.029571,,-0.72,133.2,418.8,365.7,67.1,中立,1,,,2026-08-07
5261,リソルホールディングス,サービス業,7580.0,15.557334,2.3007743,1.58,15.71,421.2,7754.0,7290.5,47.0,中立,1,,,2026-08-06
5262,日本ヒューム,ガラス・土石製品,1063.0,14.680292,1.036973,2.45,7.11,541.5,1040.4,1069.4,57.1,中立,2,,,2026-08-07
5268,旭コンクリート工業,ガラス・土石製品,844.0,24.442514,0.8745389,1.66,3.66,111.2,823.2,882.2,56.0,中立,2,,,2026-08-07
5269,日本コンクリート工業,ガラス・土石製品,342.0,27.164415,0.40626648,2.92,1.86,185.6,338.6,327.5,55.6,中立,1,,,2026-08-07
5271,トーヨーアサノ,ガラス・土石製品,2215.0,,0.74550587,3.84,-6.1,28.7,2233.8,2235.2,46.7,中立,0,,,
5273,三谷セキサン,ガラス・土石製品,1863.0,9.513353,1.2882116,2.33,14.41,1308.8,1796.0,1643.4,63.0,中立,1,,,2026-08-03
5279,日本興業,ガラス・土石製品,1186.0,5.975112,0.40413347,3.79,6.94,34.6,1208.9,1192.0,46.6,中立,0,,,
5280,ヨシコン,不動産業,2180.0,5.7737637,0.53213793,4.13,8.5,149.8,2273.9,2246.6,41.7,中立,1,,,2026-08-03
5282,ジオスター,ガラス・土石製品,406.0,6.836168,0.49513403,2.46,7.58,124.4,431.4,405.3,40.8,中立,1,,,2026-08-06
5283,高見澤,卸売業,3080.0,8.15311,0.32196796,2.27,5.09,50.9,2967.7,3030.9,62.1,中立,0,,,
5284,ヤマウホールディングス,ガラス・土石製品,2233.0,6.1430535,0.9821675,5.02,16.74,135.3,2256.0,2215.5,47.7,中立,1,,,2026-08-05
5285,ヤマックス,ガラス・土石製品,1391.0,6.50882,1.3268331,4.31,22.05,134.8,1392.2,1351.4,50.0,中立,2,,,2026-08-06
5287,イトーヨーギョー,ガラス・土石製品,839.0,7.7248874,0.81480354,2.38,-4.13,24.8,827.0,890.4,51.6,中立,1,,,2026-08-07
5288,アジアパイルホールディングス,ガラス・土石製品,1508.0,7.566103,1.1003854,4.64,14.95,574.4,1504.7,1511.8,50.2,中立,0,,,
5290,ベルテクスコーポレーション,ガラス・土石製品,1315.0,6.409319,1.4603387,3.04,25.48,649.0,1338.1,1511.6,41.2,中立,3,,,2026-08-07
5301,東海カーボン,ガラス・土石製品,1734.0,18.446808,1.1687038,2.31,6.84,3702.2,1638.6,1577.9,62.2,中立,5,,,2026-08-06
5302,日本カーボン,ガラス・土石製品,5040.0,11.539783,1.0361669,3.97,8.35,545.8,4765.0,4695.6,68.7,中立,1,,,2026-08-07
5304,ＳＥＣカーボン,ガラス・土石製品,2765.0,,0.71420693,3.62,-0.1,548.6,2504.8,2504.2,69.7,ゴールデンクロス,2,,,2026-08-07
5310,東洋炭素,ガラス・土石製品,7220.0,27.742556,1.5805618,2.01,5.13,1514.2,6891.6,7142.8,54.8,中立,2,,,2026-08-07
5331,ノリタケ,ガラス・土石製品,3560.0,13.971194,1.1741645,2.81,8.9,1957.8,3524.2,3704.3,49.5,中立,3,,,2026-08-07
5332,ＴＯＴＯ,ガラス・土石製品,6483.0,26.69659,1.9897478,1.85,7.42,10661.5,7438.4,7338.3,35.7,中立,0,,,
5333,ＮＧＫ,ガラス・土石製品,5642.0,27.380375,1.9609724,1.88,9.24,15881.3,6247.6,6150.9,40.5,中立,1,,,2026-08-06
5334,日本特殊陶業,ガラス・土石製品,9837.0,17.240654,2.2660947,1.07,24.79,19181.6,9890.6,9803.4,50.0,中立,0,,,
5337,ダントーホールディングス,ガラス・土石製品,830.0,35.930737,3.24039,,-0.45,266.1,844.8,821.5,50.1,中立,0,,,
5341,ＡＳＡＨＩ　ＥＩＴＯホールディングス,ガラス・土石製品,142.0,,0.8124174,,-20.88,13.0,161.6,223.4,31.2,中立,1,,,2026-08-03
5344,ＭＡＲＵＷＡ,ガラス・土石製品,55600.0,36.645004,4.532363,0.2,,6861.0,58503.2,67109.2,43.4,中立,0,,,
5351,品川リフラ,ガラス・土石製品,2116.0,3.7031205,0.9029419,4.25,25.0,965.6,2033.5,1949.1,69.2,中立,0,,,
5355,日本坩堝,ガラス・土石製品,680.0,10.58201,0.728763,2.94,7.23,45.2,680.2,665.8,55.1,中立,2,,,2026-08-06
5356,美濃窯業,ガラス・土石製品,1290.0,10.581576,0.8394672,4.03,8.26,132.4,1290.0,1281.7,48.5,中立,3,,,2026-08-07
5357,ヨータイ,ガラス・土石製品,1763.0,13.127327,0.94368,5.1,7.33,324.9,1753.6,1725.7,54.2,中立,2,,,2026-08-07
5363,東京窯業,ガラス・土石製品,703.0,8.348177,0.66214806,6.06,8.1,312.4,691.2,668.0,55.7,中立,0,,,
5367,ニッカトー,ガラス・土石製品,1192.0,18.375212,1.008044,1.93,5.69,142.5,1215.4,1169.4,47.5,中立,2,,,2026-08-03
5368,日本インシュレーション,ガラス・土石製品,1011.0,7.4371047,0.59206736,3.96,8.26,87.6,990.1,992.0,65.1,中立,0,,,
5380,新東,ガラス・土石製品,1075.0,85.04746,0.22984485,3.49,3.87,7.6,1069.8,1158.3,49.6,中立,3,,,2026-08-06
5381,マイポックス,ガラス・土石製品,863.0,23.839779,1.3439709,1.16,5.8,120.2,860.7,1022.8,48.4,中立,2,,,2026-08-07
5384,フジミインコーポレーテッド,ガラス・土石製品,3915.0,32.05076,3.4628274,1.97,13.06,2904.3,4056.2,3914.1,47.0,中立,2,,,2026-08-05
5388,クニミネ工業,ガラス・土石製品,1250.0,11.359506,0.6829489,4.0,6.6,152.2,1254.7,1243.1,51.7,中立,1,,,2026-08-07
5391,エーアンドエーマテリアル,ガラス・土石製品,1468.0,6.4792337,0.4729159,4.77,9.5,81.2,1507.1,1439.6,45.6,中立,1,,,2026-08-06
5393,ニチアス,ガラス・土石製品,3507.0,21.183931,2.7185352,1.71,,6609.4,3495.0,3521.4,50.2,中立,6,,,2026-08-07
5401,日本製鉄,鉄鋼,697.5,212.65244,0.64677835,3.44,5.5,36453.4,609.6,574.9,79.6,買われすぎ,3,,,2026-08-04
5406,神戸製鋼所,鉄鋼,2040.0,8.580441,0.63958526,3.92,5.68,8067.2,1972.1,1943.0,57.4,中立,2,,,2026-08-05
5408,中山製鋼所,鉄鋼,668.0,14.707178,0.33180264,2.1,2.28,362.2,639.8,629.5,64.7,中立,4,,,2026-08-07
5410,合同製鐵,鉄鋼,2899.0,5.2655478,0.29970986,3.45,4.17,423.9,2765.7,2763.6,64.1,ゴールデンクロス,0,,,
5411,ＪＦＥホールディングス,鉄鋼,1865.5,17.672415,0.4502052,4.29,3.77,11867.1,1735.1,1674.1,69.7,中立,3,,,2026-08-05
5423,東京製鐵,鉄鋼,1776.0,15.789474,0.8330046,2.25,4.55,1810.5,1740.5,1728.8,56.4,中立,1,,,2026-08-03
542A,ビタブリッドジャパン,化学,1083.0,5.9245076,,,,60.6,1040.4,1003.1,63.7,中立,0,,,
543A,ＡＲＣＨＩＯＮ,輸送用機器,277.0,1.9040419,0.61488605,2.89,22.99,7635.7,290.6,313.6,44.4,中立,0,,,
5440,共英製鋼,鉄鋼,1888.0,8.31828,0.38764998,3.71,5.17,820.5,1868.2,1853.9,53.2,中立,0,,,
5444,大和工業,鉄鋼,13400.0,13.079806,1.4640942,2.99,12.22,8006.8,13002.4,12256.6,60.9,中立,0,,,
5445,東京鐵鋼,鉄鋼,1955.0,6.1931763,0.78179145,5.12,11.95,489.5,1931.2,1863.9,56.8,中立,0,,,
5446,北越メタル,鉄鋼,1086.0,,0.23419437,3.59,-3.08,41.9,1128.1,1193.5,43.0,中立,3,,,2026-08-05
5449,大阪製鐵,鉄鋼,2755.0,,0.67769176,1.38,-15.82,824.3,2587.4,2449.7,58.3,中立,0,,,
544A,ＧＭＳグループ,機械,361.0,,,,,273.7,358.9,367.3,53.1,中立,0,,,
5451,ヨドコウ,鉄鋼,1450.0,12.0532,1.0249587,4.28,8.25,2077.0,1357.6,1299.7,74.1,買われすぎ,3,,,2026-08-07
5458,高砂鐵工,鉄鋼,1419.0,11.759344,0.83661336,3.17,7.37,42.6,1257.8,1204.8,80.9,買われすぎ,2,,,2026-08-07
545A,トランヴィア,情報・通信業,926.0,,,,,369.9,920.5,887.7,57.2,中立,0,,,
5461,中部鋼鈑,鉄鋼,2080.0,44.086475,0.7517036,5.43,1.72,557.2,2079.3,2090.2,50.1,中立,3,,,2026-08-07
5463,丸一鋼管,鉄鋼,1831.5,15.522502,1.1624763,2.84,7.75,4055.2,1819.4,1720.0,55.4,中立,3,,,2026-08-07
5464,モリ工業,鉄鋼,936.0,10.593028,0.60349447,3.63,6.03,355.5,949.7,943.5,44.7,中立,0,,,
546A,ＭＩＲＡＩＮＩホールディングス,卸売業,2638.0,,1.0358051,3.64,,936.0,2296.7,2046.2,71.4,買われすぎ,0,,,
5471,大同特殊鋼,鉄鋼,2304.0,14.24949,0.95106435,2.26,7.56,4604.6,2410.6,2250.1,45.9,中立,0,,,
547A,ムニノバホールディングス,その他金融業,465.0,7.9623284,0.9226794,4.3,11.69,2227.3,448.2,445.7,61.3,中立,0,,,
5480,日本冶金工業,鉄鋼,5600.0,10.767781,0.7673084,3.93,8.02,775.8,5045.8,4720.2,73.3,買われすぎ,2,,,2026-08-05
5482,愛知製鋼,鉄鋼,3185.0,18.668308,0.8646125,2.26,5.44,2046.3,3088.6,2979.0,57.4,中立,0,,,
5484,東北特殊鋼,鉄鋼,4455.0,25.935844,1.1031326,0.67,4.66,330.9,4452.4,3964.0,72.5,買われすぎ,0,,,
548A,システムエグゼ,情報・通信業,988.0,9.89088,0.8202894,9.0,10.89,51.7,983.1,949.2,55.8,中立,0,,,
5491,日本金属,鉄鋼,905.0,27.457525,0.20013778,0.55,0.75,58.4,891.3,895.9,54.2,中立,2,,,2026-08-07
549A,ヒトトヒトホールディングス,サービス業,482.0,12.208714,2.3504055,8.89,25.09,67.5,465.8,468.6,63.1,中立,0,,,
550A,ソフトテックス,情報・通信業,2174.0,8.92117,,3.22,,19.0,2256.8,2287.4,48.6,中立,0,,,
5527,ｐｒｏｐｅｒｔｙ　ｔｅｃｈｎｏｌｏｇｉｅｓ,不動産業,674.0,7.623572,0.9684868,3.71,13.33,83.9,671.2,646.8,53.5,中立,0,,,
5532,リアルゲイト,不動産業,3350.0,29.367931,3.0988219,,11.11,217.3,3501.6,3524.4,45.2,中立,0,,,
5533,エリッツホールディングス,不動産業,2032.0,9.425298,1.2900923,3.44,14.52,71.4,2037.7,1955.6,54.8,中立,0,,,
5535,ミガロホールディングス,不動産業,268.0,11.571675,1.1382073,3.36,11.0,172.3,278.1,278.4,43.8,中立,2,,,2026-08-06
5537,ＡｌｂａＬｉｎｋ,不動産業,3055.0,26.88787,12.124267,,49.47,248.3,2893.4,2559.0,61.4,中立,1,,,2026-08-03
5541,大平洋金属,鉄鋼,2555.0,17.507195,0.7058614,5.09,3.97,444.3,2351.5,2329.4,69.0,中立,2,,,2026-08-06
5542,新報国マテリアル,鉄鋼,844.0,14.029255,2.0704644,2.96,27.45,56.2,800.3,808.0,68.6,中立,2,,,2026-08-07
554A,バトンズ,情報・通信業,1491.0,168.28442,,,,68.9,,,,,0,,,
5563,新日本電工,鉄鋼,436.0,,0.7660479,3.9,-2.45,544.1,424.5,450.7,53.1,中立,5,,,2026-08-05
556A,犬猫生活,小売業,1958.0,9.054336,,,,53.6,,,,,0,,,
5570,ジェノバ,情報・通信業,609.0,15.575448,2.2827969,1.15,16.9,80.6,619.6,637.8,42.0,中立,2,,,2026-08-07
5571,エキサイトホールディングス,情報・通信業,986.0,18.780952,1.3189753,3.32,6.77,47.4,992.6,1019.9,46.3,中立,0,,,
5572,Ｒｉｄｇｅ－ｉ,情報・通信業,2516.0,73.075806,3.0643947,,,108.6,2581.7,2578.2,48.3,中立,0,,,
5574,ＡＢＥＪＡ,情報・通信業,2728.0,52.542374,5.129893,,16.74,271.1,2448.8,2409.6,60.4,中立,1,,,2026-08-04
5575,Ｇｌｏｂｅｅ,情報・通信業,1060.0,17.011715,4.8754463,,31.99,52.0,916.2,765.8,62.4,中立,1,,,2026-08-05
5576,オービーシステム,情報・通信業,2920.0,11.280664,1.2015347,4.45,11.8,67.9,2906.5,2854.7,52.9,中立,0,,,
5578,ＡＲアドバンストテクノロジ,情報・通信業,810.0,11.9592495,3.0658126,2.47,31.66,79.4,850.4,897.4,45.6,中立,1,,,2026-08-03
5580,プロディライト,情報・通信業,1628.0,40.50759,2.8391306,,,27.4,1650.2,1525.9,52.1,中立,0,,,
5582,グリッド,情報・通信業,1973.0,23.266508,2.2677066,,7.79,94.4,1935.1,2034.4,54.6,中立,0,,,
5586,Ｌａｂｏｒｏ．ＡＩ,情報・通信業,827.0,85.34572,4.8718705,,,131.9,839.9,831.9,49.1,中立,0,,,
5587,インバウンドプラットフォーム,情報・通信業,888.0,11.30778,1.9229187,,15.38,30.6,871.0,808.1,53.2,中立,0,,,
5588,ファーストアカウンティング,情報・通信業,814.0,47.079235,5.725822,0.48,13.01,90.1,788.0,765.6,54.2,中立,0,,,
5589,オートサーバー,情報・通信業,2750.0,13.946649,1.5186063,2.44,11.98,199.2,2705.0,2719.8,57.7,中立,1,,,2026-08-03
558A,ＳＱＵＥＥＺＥ,サービス業,4510.0,22.624662,8.166798,,52.71,146.6,,,,,0,,,
5590,ネットスターズ,情報・通信業,694.0,23.964088,1.5002519,,7.73,117.2,682.4,725.9,53.3,中立,0,,,
5591,ＡＶＩＬＥＮ,情報・通信業,799.0,28.928312,6.362478,,,48.8,809.0,833.0,49.8,中立,0,,,
5592,くすりの窓口,情報・通信業,2449.0,9.3022375,2.4722116,1.63,30.03,278.9,2389.4,2580.8,53.4,中立,1,,,2026-08-03
5597,ブルーイノベーション,情報・通信業,1280.0,,36.848316,,-180.4,51.6,1309.8,1601.1,45.7,中立,2,,,2026-08-07
5599,Ｓ＆Ｊ,情報・通信業,1078.0,14.7772455,2.788008,1.58,19.51,60.1,1101.6,1088.2,49.4,中立,0,,,
559A,梅乃宿酒造,食料品,1095.0,27.313545,,1.91,,66.0,,,,,0,,,
5602,栗本鐵工所,鉄鋼,1684.0,15.25086,1.0829923,3.56,7.38,1022.1,1498.8,1446.6,77.2,買われすぎ,3,,,2026-08-06
5603,虹技,鉄鋼,1293.0,9.010453,0.2698035,3.09,1.49,42.4,1286.2,1270.6,52.7,中立,0,,,
5609,日本鋳造,鉄鋼,915.0,3267.8572,0.3755305,6.56,2.23,44.1,948.6,909.9,44.0,中立,0,,,
5612,日本鋳鉄管,鉄鋼,1568.0,55.230717,0.516453,1.59,0.52,50.4,1562.9,1571.7,51.0,中立,0,,,
5616,雨風太陽,情報・通信業,623.0,,4.6115355,,-1.21,15.1,624.1,672.7,47.3,中立,0,,,
5618,ナイル,情報・通信業,291.0,,6.1338053,,,24.8,294.3,297.9,47.7,中立,0,,,
5619,マーソ,情報・通信業,859.0,,1.5503008,,,30.1,836.4,840.4,58.0,中立,0,,,
5621,ヒューマンテクノロジーズ,情報・通信業,1659.0,15.668682,3.0199327,2.11,20.95,159.2,1642.5,1488.9,57.6,中立,0,,,
5631,日本製鋼所,機械,7744.0,29.609236,2.6664362,1.19,10.23,5700.4,7731.4,8052.2,51.6,中立,1,,,2026-08-03
5632,三菱製鋼,鉄鋼,2285.0,11.306844,0.7097457,4.55,6.83,345.5,2165.4,2097.5,62.1,中立,3,,,2026-08-06
5644,メタルアート,鉄鋼,7210.0,7.6766644,0.7927649,2.22,10.94,206.4,7538.0,7074.4,37.9,中立,6,,,2026-08-07
5658,日亜鋼業,鉄鋼,382.0,17.183987,0.31768394,2.62,2.67,171.6,366.6,360.5,69.4,中立,1,,,2026-08-06
5659,日本精線,鉄鋼,1367.0,19.536943,0.98649794,3.37,5.74,419.8,1416.0,1424.9,44.9,中立,0,,,
5660,神鋼鋼線工業,鉄鋼,1901.0,10.03537,0.44255587,3.42,4.53,112.3,1836.6,1767.7,56.6,中立,2,,,2026-08-05
5695,パウダーテック,鉄鋼,3010.0,21.583248,0.6864031,3.32,3.17,87.6,3019.8,2803.1,51.8,中立,3,,,2026-08-07
5697,サンユウ,鉄鋼,801.0,7.91502,0.46491137,3.75,7.39,48.4,733.9,704.1,77.8,買われすぎ,1,,,2026-08-04
5698,エンビプロ・ホールディングス,鉄鋼,829.0,14.084268,1.2898909,6.03,10.03,236.3,795.9,866.2,54.3,中立,0,,,
5699,イボキン,鉄鋼,1504.0,8.258744,0.9486679,2.13,10.71,49.4,1462.4,1644.5,55.6,中立,0,,,
5702,大紀アルミニウム工業所,非鉄金属,1797.0,19.602924,0.93004674,5.01,4.83,711.1,1522.7,1644.2,72.8,買われすぎ,1,,,2026-08-05
5703,日本軽金属ホールディングス,非鉄金属,2914.0,11.500513,0.70825166,3.77,8.58,1794.8,2723.6,2908.4,59.9,中立,3,,,2026-08-03
5704,ＪＭＣ,非鉄金属,393.0,,1.264491,,-51.97,21.8,388.1,393.1,53.2,中立,1,,,2026-08-07
5706,三井金属,非鉄金属,32220.0,20.196827,4.4737034,0.87,24.74,18433.8,32815.6,41248.1,46.3,中立,4,,,2026-08-07
5707,東邦亜鉛,非鉄金属,952.0,6.829758,0.95887417,,40.27,362.9,843.7,954.2,61.4,中立,1,,,2026-08-04
5711,三菱マテリアル,非鉄金属,5157.0,16.600676,0.91549176,2.25,6.5,6739.0,4235.9,4751.6,70.3,買われすぎ,5,,,2026-08-06
5713,住友金属鉱山,非鉄金属,8999.0,13.849091,1.1734316,2.31,8.7,24160.8,7679.7,8617.3,63.5,中立,0,,,
5714,ＤＯＷＡホールディングス,非鉄金属,9137.0,8.700745,1.1863071,3.7,14.48,5404.4,8399.4,9345.7,60.9,中立,3,,,2026-08-07
5715,古河機械金属,非鉄金属,3825.0,9.946949,0.8425634,2.09,9.11,1240.5,3625.6,3864.4,55.5,中立,0,,,
5721,エスクリプトエナジー,非鉄金属,59.0,,2.7670949,,1.84,104.8,59.8,70.8,46.7,中立,0,,,
5724,アサカ理研,非鉄金属,2414.0,18.32119,2.2325702,0.5,13.05,121.5,2407.4,2655.9,50.2,中立,0,,,
5726,大阪チタニウムテクノロジーズ,非鉄金属,3000.0,42.88165,2.4913716,0.43,5.91,1104.0,2726.6,2664.8,58.1,中立,2,,,2026-08-07
5729,日本精鉱,非鉄金属,1666.0,3.8732476,1.0573474,6.0,30.78,163.3,1529.1,1666.7,62.7,中立,3,,,2026-08-06
5741,ＵＡＣＪ,非鉄金属,2327.0,Infinity,1.2143548,3.01,13.47,4213.5,2408.5,2763.1,44.5,中立,3,,,2026-08-06
5742,エヌアイシ・オートテック,非鉄金属,724.0,160.88889,0.9581625,5.8,-5.94,39.4,721.6,715.3,55.5,中立,2,,,2026-08-07
5753,日本伸銅,非鉄金属,2473.0,7.11962,1.211284,0.81,-6.96,52.8,2383.0,2391.5,63.2,中立,3,,,2026-08-07
5757,ＣＫサンエツ,非鉄金属,5340.0,12.362541,0.8028566,1.87,7.08,440.9,5258.8,4922.3,55.9,中立,3,,,2026-08-07
575A,前澤ホールディングス,機械,1805.0,,,3.49,,690.5,,,,,0,,,
5801,古河電気工業,非鉄金属,3856.0,37.36434,6.5045037,0.57,18.77,27126.8,3490.3,4379.8,54.1,中立,3,,,2026-08-06
5802,住友電気工業,非鉄金属,2129.5,17.970465,2.3433726,1.83,15.78,66433.6,2349.1,2720.8,40.8,中立,0,,,
5803,フジクラ,非鉄金属,5185.0,54.498634,15.319614,0.73,31.51,85848.1,4697.8,5228.4,55.9,中立,3,,,2026-08-07
5805,ＳＷＣＣ,非鉄金属,12960.0,20.368711,3.9009063,2.16,21.05,3839.8,11514.4,13577.3,58.2,中立,3,,,2026-08-07
5816,オーナンバ,非鉄金属,1559.0,12.536185,0.66644466,4.49,5.68,190.0,1595.9,1700.0,44.4,中立,2,,,2026-08-06
5817,ＪＭＡＣＳ,非鉄金属,999.0,14.034842,1.0522135,1.5,1.28,56.2,922.0,1055.2,56.0,中立,0,,,
5819,カナレ電気,非鉄金属,1737.0,9.997123,0.60718346,3.8,6.27,118.8,1752.1,1758.8,44.8,中立,0,,,
581A,ＧＯ,情報・通信業,3290.0,28.884987,10.015526,,42.76,2555.7,,,,,1,,,2026-08-03
5820,三ッ星,非鉄金属,744.0,10.538244,0.40317664,2.28,3.54,30.7,724.6,744.3,56.0,中立,1,,,2026-08-07
5821,平河ヒューテック,非鉄金属,3345.0,31.547676,1.1721948,1.73,4.22,520.0,3249.4,3632.9,50.8,中立,0,,,
5830,いよぎんホールディングス,銀行業,3813.0,15.020681,1.2516927,2.1,8.84,10947.1,3477.8,3217.0,68.6,中立,4,,,2026-08-07
5831,しずおかフィナンシャルグループ,銀行業,3413.0,20.36396,1.4699149,3.16,7.54,18107.7,3292.0,3038.8,61.4,中立,4,,,2026-08-07
5832,ちゅうぎんフィナンシャルグループ,銀行業,3385.0,15.190271,0.89365786,3.01,7.05,6017.4,3309.3,3110.8,58.0,中立,0,,,
5834,ＳＢＩリーシングサービス,証券、商品先物取引業,2778.0,7.439743,1.4470129,4.14,25.0,442.5,2743.4,2549.0,53.8,中立,1,,,2026-08-05
5838,楽天銀行,銀行業,5777.0,13.825205,2.7093635,,20.29,10081.5,5555.1,5522.6,58.6,中立,2,,,2026-08-06
5842,インテグラル,証券、商品先物取引業,2805.0,16.263699,1.3949103,1.32,20.9,955.2,2865.0,3127.0,43.2,中立,0,,,
5843,ニッポンインシュア,その他金融業,2443.0,10.477783,2.4275148,0.9,26.36,70.1,2371.2,2280.3,58.5,中立,3,,,2026-08-07
5844,京都フィナンシャルグループ,銀行業,4668.0,13.773161,0.95227545,2.36,7.95,13187.2,4631.2,4522.9,53.8,中立,1,,,2026-08-05
5845,全保連,その他金融業,1208.0,18.353085,3.914021,8.94,22.61,316.8,1072.2,1020.2,82.9,買われすぎ,0,,,
584A,ＬｉＮＫＸ,情報・通信業,2263.0,67.5724,,,,153.6,,,,,0,,,
5851,リョービ,非鉄金属,2772.0,8.265498,0.49131802,3.9,5.91,881.8,2554.5,2583.8,70.6,買われすぎ,3,,,2026-08-05
5852,アーレスティ,非鉄金属,673.0,4.6681004,0.30003977,7.13,3.64,167.8,707.1,736.5,39.3,中立,2,,,2026-08-05
5857,ＡＲＥホールディングス,非鉄金属,3470.0,12.0830145,1.3259269,3.89,16.08,2982.3,3081.9,3292.8,67.7,中立,1,,,2026-08-04
5858,ＳＴＧ,非鉄金属,1341.0,10.7988405,0.80100733,1.49,9.37,28.5,1370.3,1298.2,48.5,中立,0,,,
5867,エスネットワークス,サービス業,1200.0,16.722408,2.2140875,4.17,15.0,37.6,1184.2,1183.3,54.2,中立,4,,,2026-08-07
5868,ロココ,サービス業,998.0,11.883781,1.2920582,4.01,7.72,37.2,970.8,980.3,62.8,中立,0,,,
5869,早稲田学習研究会,サービス業,1223.0,12.6827755,1.6894015,5.31,,123.0,1220.3,1236.2,51.7,中立,0,,,
5870,ナルネットコミュニケーションズ,サービス業,816.0,8.671626,1.736706,3.68,,43.5,794.8,823.1,59.1,中立,0,,,
5871,ＳＯＬＩＺＥ　Ｈｏｌｄｉｎｇｓ,サービス業,1315.0,28.15243,0.6223859,4.18,0.86,70.5,1346.8,1347.3,44.1,中立,3,,,2026-08-06
5884,クラダシ,小売業,580.0,148.71794,4.41172,,,70.4,546.0,543.7,62.0,中立,2,,,2026-08-06
5885,ジーデップ・アドバンス,卸売業,2929.0,20.648571,4.554643,1.64,24.63,159.7,2807.7,2865.4,55.8,中立,0,,,
5888,ＤＡＩＷＡ　ＣＹＣＬＥ,小売業,2690.0,7.9826694,1.1330452,2.71,15.66,74.2,2829.6,2963.6,36.3,中立,0,,,
5889,Ｊａｐａｎ　Ｅｙｅｗｅａｒ　Ｈｏｌｄｉｎｇｓ,小売業,2469.0,16.001295,3.2671824,3.48,23.64,597.5,2416.7,2244.8,58.0,中立,0,,,
5891,ＳＡＫＩＧＡＫＥホールディングス,小売業,1607.0,30.903847,1.8564793,1.43,5.88,91.0,1605.6,1552.4,49.0,中立,0,,,
5892,ｙｕｔｏｒｉ,小売業,2173.0,35.116352,4.764943,,18.65,118.6,2080.9,2131.3,57.5,中立,0,,,
589A,ネイス,サービス業,1203.0,19.812252,,,,52.8,,,,,0,,,
5900,ダイケン,金属製品,847.0,15.679378,0.3443635,2.95,2.2,46.4,847.4,827.0,51.4,中立,0,,,
5901,東洋製罐グループホールディングス,金属製品,4325.0,11.958415,0.93213856,4.3,7.84,6512.8,4104.5,3892.8,66.6,中立,5,,,2026-08-07
5902,ホッカンホールディングス,金属製品,2385.0,8.954383,0.4865506,5.87,5.19,293.7,2374.1,2300.4,53.0,中立,1,,,2026-08-07
5905,日本製罐,金属製品,1370.0,,0.460302,1.46,-4.64,18.5,1350.7,1339.9,57.8,中立,0,,,
5906,エムケー精工,金属製品,734.0,4.382613,0.5257706,2.45,12.75,102.2,796.3,789.4,34.1,中立,0,,,
5909,コロナ,金属製品,981.0,28.955135,0.37263513,2.85,1.41,286.9,1006.2,960.5,46.1,中立,0,,,
590A,ギフティグループ,情報・通信業,1105.0,36.372616,3.560726,1.45,8.25,329.0,1042.4,1083.5,60.6,中立,0,,,
5911,横河ブリッジホールディングス,金属製品,2934.0,13.440836,0.8747748,4.43,6.42,1154.7,2913.0,2870.5,54.7,中立,1,,,2026-08-04
5915,駒井ハルテック,金属製品,2286.0,31.66205,0.29939374,3.06,1.0,104.7,2236.9,2331.2,54.7,中立,0,,,
5918,瀧上工業,金属製品,7130.0,15.432233,0.2926827,1.4,2.04,147.1,7129.2,7145.6,50.1,中立,0,,,
5921,川岸工業,金属製品,4160.0,10.08656,0.3827948,2.16,3.98,114.5,4070.4,4111.3,57.7,中立,0,,,
5922,那須電機鉄工,金属製品,20000.0,9.391215,0.7031032,2.25,8.07,233.2,19080.0,18574.8,64.2,中立,2,,,2026-08-07
5923,高田機工,金属製品,1161.0,,0.46528313,4.31,7.96,67.7,1144.1,1120.2,57.4,中立,0,,,
5928,アルメタックス,金属製品,282.0,18.31169,0.42387784,2.84,4.77,29.5,285.0,278.3,49.1,中立,0,,,
5929,三和ホールディングス,金属製品,3652.0,12.980273,2.2527192,3.61,18.13,7630.5,3737.2,3631.4,47.0,中立,1,,,2026-08-03
5930,文化シヤッター,金属製品,1820.0,10.159652,1.0681823,4.07,11.02,1280.2,1912.6,1875.0,37.9,中立,2,,,2026-08-04
5932,三協立山,金属製品,656.0,,0.22714351,3.81,-14.13,205.6,644.0,636.4,57.0,中立,0,,,
5933,アルインコ,金属製品,1099.0,12.50569,0.65024084,4.19,5.61,216.9,1092.0,1050.7,56.5,中立,1,,,2026-08-03
5936,東洋シヤッター,金属製品,878.0,6.7007556,0.55329883,4.9,6.47,55.6,910.7,903.3,37.5,中立,0,,,
5938,ＬＩＸＩＬ,金属製品,1815.0,64.043755,0.79899037,4.96,0.89,5219.8,1843.7,1742.6,50.5,中立,2,,,2026-08-07
5939,大谷工業,金属製品,4800.0,12.5878525,0.8483175,0.62,7.0,37.4,4905.0,4977.4,39.3,中立,0,,,
593A,ティアフォー,情報・通信業,911.0,,3.4765153,,-30.85,,,,,,1,,,2026-08-06
5940,不二サッシ,金属製品,729.0,4.5091853,0.36811805,4.12,9.48,91.4,728.6,736.3,50.0,中立,1,,,2026-08-04
5941,中西製作所,金属製品,2668.0,7.4765306,2.3709507,3.75,5.79,165.8,2634.2,2550.9,51.5,中立,2,,,2026-08-07
5942,日本フイルコン,金属製品,649.0,,0.5452893,4.31,-1.79,125.1,651.1,611.1,53.5,中立,0,,,
5943,ノーリツ,金属製品,2380.0,32.433907,0.7623802,3.95,4.66,1087.0,2350.1,2300.4,56.8,中立,3,,,2026-08-07
5945,天龍製鋸,金属製品,2460.0,14.556213,0.56206644,3.37,4.0,219.7,2458.8,2484.4,47.4,中立,4,,,2026-08-07
5946,長府製作所,金属製品,2108.0,33.00454,0.5160691,2.18,1.77,716.8,2041.1,1997.5,62.2,中立,2,,,2026-08-07
5947,リンナイ,金属製品,3614.0,13.900536,1.1412039,2.93,9.06,4989.9,3608.0,3533.9,52.1,中立,2,,,2026-08-06
5949,ユニプレス,輸送用機器,1285.0,,0.432163,5.45,-5.69,575.7,1288.6,1272.8,49.1,中立,2,,,2026-08-06
5950,日本パワーファスニング,金属製品,149.0,,0.95013386,1.68,0.23,20.5,145.2,148.2,61.5,中立,1,,,2026-08-07
5951,ダイニチ工業,金属製品,1083.0,11.638904,0.59098977,2.59,5.51,175.3,1083.0,1023.6,53.8,中立,1,,,2026-08-07
5952,アマテイ,金属製品,187.0,15.032155,1.4099905,2.67,9.62,22.2,184.8,183.1,57.0,中立,1,,,2026-08-07
5955,ワイズホールディングス,金属製品,83.0,29.9639,0.9235562,1.2,3.43,110.7,81.9,87.4,53.6,中立,0,,,
5956,トーソー,金属製品,588.0,7.7572556,0.32963005,2.21,4.42,52.0,597.0,582.6,47.1,中立,1,,,2026-08-05
5957,日東精工,金属製品,802.0,13.513059,0.79953027,2.99,7.04,291.1,779.6,768.5,60.7,中立,2,,,2026-08-07
5958,三洋工業,金属製品,4755.0,9.912445,0.63781303,4.63,6.79,133.3,4627.6,4437.9,59.7,中立,2,,,2026-08-07
5959,岡部,金属製品,923.0,12.860527,0.64635944,3.47,4.89,407.2,908.8,899.0,59.2,中立,0,,,
5962,浅香工業,その他製品,1966.0,4.6036763,0.4097019,2.54,9.3,18.9,1972.8,1871.7,52.0,中立,0,,,
5965,フジマック,金属製品,1138.0,6.361451,0.8064321,3.51,1.84,149.1,1162.8,1156.0,43.7,中立,1,,,2026-08-07
5966,京都機械工具,金属製品,2649.0,12.755815,0.5073243,3.02,4.03,64.0,2554.8,2490.3,64.6,中立,2,,,2026-08-07
5967,ＴＯＮＥ,金属製品,482.0,9.613084,0.8256195,2.7,9.09,104.4,476.6,460.0,55.6,中立,0,,,
5969,ロブテックス,金属製品,1194.0,18.148655,0.44944075,2.51,2.49,22.3,1204.6,1205.6,45.3,中立,1,,,2026-08-07
5970,ジーテクト,金属製品,2225.0,7.0812516,0.4267679,4.4,6.26,952.6,2117.8,2047.2,64.9,中立,1,,,2026-08-06
5971,共和工業所,金属製品,8040.0,12.121212,0.6076134,1.0,5.25,104.5,8125.6,7636.3,49.4,中立,3,,,2026-08-07
5973,トーアミ,金属製品,591.0,19.257086,0.30317843,3.05,1.69,33.5,599.9,610.5,42.8,中立,0,,,
5974,中国工業,金属製品,846.0,8.821689,0.46311578,2.72,5.34,27.6,854.3,827.9,47.9,中立,1,,,2026-08-07
5975,東プレ,金属製品,3000.0,8.012178,0.60895085,3.33,7.99,1451.0,2710.5,2630.1,70.2,買われすぎ,2,,,2026-08-07
5976,高周波熱錬,金属製品,1458.0,36.69771,0.816546,4.94,2.69,469.7,1356.2,1310.5,77.9,買われすぎ,5,,,2026-08-07
5981,東京製綱,金属製品,2071.0,9.255452,0.77530116,3.38,8.94,319.4,1975.3,1896.3,60.0,中立,0,,,
5982,マルゼン,金属製品,4090.0,12.422172,1.2386522,3.06,10.63,650.4,3991.0,3810.6,63.0,中立,0,,,
5983,イワブチ,金属製品,14260.0,16.050243,0.7266865,2.31,5.05,148.5,14295.6,13723.9,48.7,中立,0,,,
5984,兼房,金属製品,754.0,10.160356,0.33443645,3.05,3.33,104.8,735.6,734.6,62.6,中立,1,,,2026-08-06
5985,サンコール,金属製品,1450.0,7.071791,1.2837913,2.07,20.42,439.2,1365.7,1602.0,53.2,中立,2,,,2026-08-07
5986,モリテック　スチール,金属製品,250.0,5.372878,0.3470304,2.4,6.77,56.0,240.9,234.7,66.0,中立,2,,,2026-08-07
5987,オーネックス,金属製品,1650.0,11.695492,0.4864189,1.21,5.54,27.3,1715.4,1823.0,39.8,中立,0,,,
5988,パイオラックス,金属製品,1705.0,,0.6379591,5.4,0.01,410.0,1682.2,1606.5,56.3,中立,2,,,2026-08-05
5989,エイチワン,金属製品,1418.0,3.6363635,0.5027349,4.94,16.73,399.1,1566.2,1518.3,35.0,中立,1,,,2026-08-06
598A,チャットプラス,情報・通信業,1539.0,29.08713,,,,71.6,,,,,1,,,2026-08-07
5990,スーパーツール,金属製品,1945.0,23.12723,0.4487525,3.08,0.63,45.9,1982.8,1979.2,24.9,売られすぎ,0,,,
5991,日本発條,金属製品,3553.0,25.86069,1.6448039,1.94,6.53,7198.0,3682.1,3558.5,46.2,中立,1,,,2026-08-06
5992,中央発條,金属製品,3690.0,7.497562,1.0751063,2.44,14.43,930.8,3737.2,3789.1,45.0,中立,0,,,
5994,ファインシンター,金属製品,969.0,,0.29441458,3.1,-15.43,41.5,993.6,1075.5,45.7,中立,0,,,
5997,協立エアテック,金属製品,897.0,9.381864,0.43617374,2.23,4.92,43.3,915.2,853.6,46.2,中立,1,,,2026-08-07
5998,アドバネクス,金属製品,2843.0,11.376095,1.1474102,1.76,11.25,116.7,2700.8,2551.0,56.6,中立,3,,,2026-08-07
6005,三浦工業,機械,3266.0,13.6813,1.5542071,1.32,12.25,3780.4,3199.2,3212.6,59.1,中立,1,,,2026-08-07
6013,タクマ,機械,3205.0,17.309353,2.074419,3.37,14.18,2325.0,3442.2,3310.4,36.1,中立,3,,,2026-08-05
6016,ジャパンエンジンコーポレーション,輸送用機器,9310.0,16.402397,11.712503,1.07,7.61,780.5,8931.2,9383.6,53.5,中立,1,,,2026-08-06
6018,阪神内燃機工業,輸送用機器,6080.0,26.895515,1.2558478,1.5,5.32,197.1,6233.2,5842.5,46.5,中立,1,,,2026-08-03
6022,赤阪鐵工所,機械,2633.0,18.951992,0.49952734,1.14,4.12,35.2,2544.2,2628.1,55.2,中立,1,,,2026-08-06
6023,ダイハツインフィニアース,輸送用機器,2981.0,12.79454,1.5426948,2.78,13.43,758.1,2772.0,2805.0,58.8,中立,0,,,
6027,弁護士ドットコム,サービス業,2388.0,36.17086,7.574436,,23.88,544.1,2341.3,2381.9,55.9,中立,1,,,2026-08-03
6029,アトラグループ,サービス業,194.0,7.707588,1.255826,,21.02,19.9,195.6,193.4,48.4,中立,3,,,2026-08-07
6030,アドベンチャー,サービス業,1460.0,,1.158289,,-21.87,104.8,1473.4,1393.3,51.4,中立,0,,,
6031,ＺＥＴＡ,サービス業,241.0,21.537088,6.20159,1.87,-12.68,49.2,248.2,261.5,41.3,中立,1,,,2026-08-03
6033,エクストリーム,サービス業,1700.0,7.734656,1.3198501,4.0,18.01,91.0,1580.0,1459.1,67.7,中立,0,,,
6034,ＭＲＴ,サービス業,632.0,63.773968,2.432107,,1.93,34.6,629.8,627.2,53.1,中立,0,,,
6035,アイ・アールジャパンホールディングス,サービス業,708.0,13.986567,2.0546455,4.24,14.48,125.8,709.7,718.8,49.0,中立,0,,,
6036,ＫｅｅＰｅｒ技研,サービス業,2873.0,8.36244,3.2682006,2.09,43.34,784.1,2838.2,2776.2,57.0,中立,1,,,2026-08-05
6037,楽待,サービス業,1021.0,15.043465,3.8013752,1.27,25.43,193.9,1037.6,994.0,49.7,中立,0,,,
6038,イード,サービス業,810.0,8.902078,0.78605133,2.84,7.01,39.8,817.5,858.7,39.3,中立,0,,,
6039,日本動物高度医療センター,サービス業,1010.0,15.675927,2.6743915,1.29,18.45,130.5,1024.2,1093.1,48.1,中立,0,,,
603A,アイ・グリッド・ソリューションズ,電気・ガス業,799.0,,,,,278.0,,,,,0,,,
6040,日本スキー場開発,サービス業,449.0,15.324232,2.0079782,1.11,20.67,206.7,492.6,469.7,32.4,中立,0,,,
6042,ニッキ,輸送用機器,3885.0,7.600211,0.5119518,3.09,7.52,72.6,3934.8,4088.0,43.4,中立,0,,,
6044,三機サービス,サービス業,1943.0,14.687429,2.2273195,1.54,16.34,125.4,1835.8,1679.6,74.9,買われすぎ,0,,,
6045,レントラックス,サービス業,1644.0,5.0235286,2.1857314,1.58,54.19,129.2,1612.0,1546.8,60.4,中立,0,,,
6046,リンクバル,サービス業,132.0,,3.0364373,,-15.01,24.8,126.9,129.4,59.0,中立,0,,,
6047,Ｇｕｎｏｓｙ,サービス業,365.0,,0.81620973,3.56,-0.23,87.4,397.6,447.4,36.5,中立,3,,,2026-08-05
6049,イトクロ,サービス業,243.0,20.876287,0.6219717,,84.43,49.3,245.3,255.3,44.4,中立,0,,,
604A,ビーエイブル,建設業,907.0,20.0797,,2.21,,95.4,,,,,0,,,
6050,イー・ガーディアン,サービス業,1702.0,27.874222,1.6145388,2.23,6.06,197.4,1733.4,1682.4,45.4,中立,2,,,2026-08-03
6054,リブセンス,サービス業,123.0,,0.8231003,,0.63,33.9,112.0,112.4,73.6,買われすぎ,0,,,
6055,ジャパンマテリアル,サービス業,2198.0,21.348097,3.6060512,1.59,18.19,2259.0,2369.2,2233.4,44.9,中立,1,,,2026-08-07
6058,ベクトル,サービス業,1848.0,16.972815,3.8911572,1.95,30.11,866.8,1822.6,1542.0,60.9,中立,0,,,
6059,ウチヤマホールディングス,サービス業,353.0,23.132372,0.47760144,2.83,2.07,68.5,344.3,345.4,64.5,中立,2,,,2026-08-05
6061,ユニバーサル園芸社,サービス業,2973.0,13.330046,1.8021579,0.44,15.61,273.8,2791.8,2776.3,66.2,中立,0,,,
6062,チャーム・ケア・コーポレーション,サービス業,1480.0,14.627397,2.2405264,3.24,14.61,483.7,1360.3,1308.1,71.9,買われすぎ,3,,,2026-08-06
6063,日本エマージェンシーアシスタンス,サービス業,1020.0,25.191404,1.358095,0.88,5.55,25.7,998.0,943.0,63.2,中立,0,,,
6069,トレンダーズ,サービス業,652.0,23.503965,1.1806803,5.52,5.0,50.6,666.4,646.1,47.4,中立,0,,,
6070,キャリアリンク,サービス業,2324.0,10.662996,1.7237889,5.16,16.87,276.0,2349.4,2269.5,48.8,中立,0,,,
6071,ＩＢＪ,サービス業,827.0,15.066497,2.8801882,1.57,24.7,313.2,831.0,794.3,53.1,中立,1,,,2026-08-03
6072,地盤ネットホールディングス,サービス業,924.0,105.0,14.453082,,15.0,207.3,950.5,1115.8,44.9,中立,3,,,2026-08-07
6073,アサンテ,サービス業,1489.0,59.60769,1.5145596,4.16,9.53,145.5,1497.4,1431.3,51.8,中立,3,,,2026-08-07
6074,ジェイエスエス,サービス業,520.0,8.627841,0.6578689,4.04,7.82,20.9,510.8,510.4,58.5,ゴールデンクロス,0,,,
6078,バリューＨＲ,サービス業,1477.0,62.904602,5.9579754,1.83,9.07,394.6,1497.9,1429.2,48.1,中立,0,,,
6080,Ｍ＆Ａキャピタルパートナーズ,サービス業,4020.0,21.966013,2.6784573,3.61,16.47,1277.5,3761.8,3529.6,72.9,買われすぎ,0,,,
6081,アライドアーキテクツ,サービス業,159.0,,1.4535149,,-15.48,25.2,160.0,188.1,48.2,中立,1,,,2026-08-03
6082,ライドオンエクスプレスホールディングス,サービス業,990.0,13.850027,1.0964341,1.52,8.28,97.0,990.6,982.8,51.3,中立,0,,,
6083,ＥＲＩホールディングス,サービス業,1678.0,12.034714,4.432528,2.62,42.26,376.7,1503.9,1395.7,79.1,買われすぎ,0,,,
6085,アーキテクツ・スタジオ・ジャパン,サービス業,79.0,,-22.545662,,,90.6,149.1,321.3,28.9,売られすぎ,0,,,
6086,シンメンテホールディングス,サービス業,1063.0,16.221579,4.434414,2.07,31.96,200.7,1045.6,1041.1,55.4,中立,0,,,
6087,アビスト,サービス業,3470.0,18.420214,1.9588926,2.94,10.78,138.1,3445.6,3399.3,59.0,中立,1,,,2026-08-07
6088,シグマクシス・ホールディングス,サービス業,514.0,10.786988,3.206508,5.06,,414.9,572.8,571.9,35.6,中立,3,,,2026-08-05
6089,ウィルグループ,サービス業,1071.0,10.600812,1.21243,4.11,11.74,245.4,1083.1,1062.9,48.4,中立,3,,,2026-08-07
6090,ヒューマン・メタボローム・テクノロジーズ,サービス業,592.0,16.61055,1.7473178,3.04,-2.85,32.1,593.0,620.0,45.9,中立,4,,,2026-08-07
6091,ウエスコホールディングス,サービス業,899.0,13.598548,0.7093391,3.11,5.88,118.1,895.1,854.3,55.4,中立,0,,,
6092,エンバイオ・ホールディングス,サービス業,760.0,23.213194,0.6671758,3.16,2.72,61.7,722.0,756.9,65.6,中立,0,,,
6093,ミトラグループ,サービス業,159.0,36.805553,2.0920227,3.77,8.13,69.2,160.8,161.2,47.6,中立,0,,,
6094,フリークアウト・ホールディングス,サービス業,581.0,6.885518,0.8120128,,11.96,101.0,538.0,591.7,67.2,中立,0,,,
6098,リクルートホールディングス,サービス業,13165.0,37.81959,11.609235,0.2,30.83,183279.4,12516.0,10631.6,64.3,中立,4,,,2026-08-07
6099,エラン,サービス業,767.0,14.784117,3.0227196,2.09,22.04,463.9,768.2,733.5,52.2,中立,0,,,
6101,ツガミ,機械,5810.0,39.262062,3.1002936,1.69,26.71,2703.1,6792.0,6437.8,39.9,中立,1,,,2026-08-04
6103,オークマ,機械,5580.0,26.814032,1.3498884,2.15,5.11,3276.1,4979.2,4579.4,71.0,買われすぎ,2,,,2026-08-05
6104,芝浦機械,機械,4140.0,95.15054,0.8332773,3.38,0.12,979.0,4503.8,4397.3,41.2,中立,1,,,2026-08-06
6113,アマダ,機械,2708.0,27.417233,1.5704478,2.36,5.78,8403.5,2879.8,2864.6,43.5,中立,2,,,2026-08-06
6118,アイダエンジニアリング,機械,1252.0,16.142342,0.7851184,3.12,5.0,680.4,1204.3,1181.2,63.2,中立,2,,,2026-08-07
6125,岡本工作機械製作所,機械,5160.0,27.655697,0.79967815,3.1,2.97,341.1,5271.8,5098.2,48.5,中立,1,,,2026-08-06
6134,ＦＵＪＩ,機械,7909.0,44.290752,2.8633928,2.4,,6953.0,7678.4,7537.0,52.7,中立,3,,,2026-08-03
6135,牧野フライス製作所,機械,14600.0,16.255276,1.2731621,0.49,10.32,3415.2,14678.0,13996.4,49.8,中立,0,,,
6136,オーエスジー,機械,3931.0,17.95469,1.6851956,3.87,11.03,3230.2,3836.6,3548.6,56.2,中立,0,,,
6137,小池酸素工業,機械,1531.0,9.333658,0.6885792,3.27,7.78,323.2,1509.4,1582.9,53.1,中立,0,,,
6138,ダイジェット工業,機械,1272.0,4.821835,0.39790612,2.75,8.98,37.8,1157.9,1115.4,68.1,中立,2,,,2026-08-07
6140,旭ダイヤモンド工業,機械,1271.0,31.053017,0.98349875,2.68,3.24,611.8,1160.8,1253.0,61.6,中立,4,,,2026-08-07
6141,ＤＭＧ森精機,機械,3655.0,108.00827,1.5193166,2.87,2.71,5157.2,3628.6,3434.6,51.3,中立,2,,,2026-08-04
6143,ソディック,機械,1820.0,21.851362,1.5527606,1.59,13.65,908.7,1775.1,1784.2,51.9,中立,4,,,2026-08-07
6144,西部電機,機械,3040.0,13.037698,1.2921835,2.96,12.39,456.9,2939.1,2900.5,54.9,中立,0,,,
6145,ＮＩＴＴＯＫＵ,機械,2737.0,13.417324,1.1472653,3.0,8.88,461.9,2713.4,2836.6,49.9,中立,2,,,2026-08-07
6146,ディスコ,機械,58440.0,46.97296,10.888341,0.94,27.38,63388.5,65614.4,70968.4,41.5,中立,2,,,2026-08-07
6147,ヤマザキ,機械,190.0,,0.81064934,5.26,-29.36,8.4,180.0,202.4,68.6,中立,2,,,2026-08-07
6149,小田原エンジニアリング,機械,2187.0,5.3980007,0.6790261,3.2,15.28,125.1,2141.6,2072.0,57.4,中立,0,,,
6150,タケダ機械,機械,2790.0,8.606595,0.46957666,2.87,5.58,25.6,2794.5,2841.7,50.1,中立,0,,,
6151,日東工器,機械,1759.0,15.362446,0.5415045,1.82,3.6,329.9,1707.9,1667.3,60.0,中立,2,,,2026-08-07
6155,高松機械工業,機械,519.0,,0.34440953,1.93,-1.01,56.0,509.5,491.7,58.3,中立,1,,,2026-08-07
6156,エーワン精密,機械,1839.0,,1.2848406,5.44,-2.12,92.7,1782.3,1859.1,59.0,中立,0,,,
6157,日進工具,機械,864.0,14.797054,1.1258253,3.47,9.34,202.9,934.3,905.6,42.9,中立,0,,,
6158,和井田製作所,機械,970.0,22.947718,0.59877723,3.71,2.48,63.3,981.7,981.2,45.7,ゴールデンクロス,2,,,2026-08-07
6159,ミクロン精密,機械,1838.0,13.045638,0.5945436,0.65,6.6,84.8,1843.4,1964.0,47.9,中立,0,,,
6161,エスティック,機械,1079.0,9.242762,0.9457728,2.87,12.09,107.6,1046.8,1037.0,56.2,中立,0,,,
6165,パンチ工業,機械,518.0,16.75291,0.6180654,3.86,3.79,142.6,497.7,504.0,57.4,中立,3,,,2026-08-07
6166,中村超硬,機械,636.0,25.368967,6.389519,,28.81,70.1,689.2,640.0,47.9,中立,0,,,
6167,冨士ダイス,機械,995.0,34.310345,0.95288354,4.02,2.78,194.8,970.5,986.9,58.3,中立,4,,,2026-08-07
6171,土木管理総合試験所,サービス業,395.0,11.634757,1.0643085,3.04,11.14,56.2,383.4,383.5,70.4,買われすぎ,3,,,2026-08-07
6176,ブランジスタ,サービス業,907.0,6.148319,1.9647557,3.31,37.81,131.2,919.3,913.4,47.8,中立,0,,,
6177,ＡｐｐＢａｎｋ,サービス業,81.0,,2.3542407,,,20.4,82.5,88.3,48.7,中立,0,,,
6178,日本郵政,サービス業,2414.0,18.700132,0.6973543,2.49,4.68,67744.5,2389.2,2168.9,56.3,中立,3,,,2026-08-07
6180,ＧＭＯメディア,サービス業,3770.0,10.647011,2.3767793,5.57,-4.72,67.7,3756.0,3812.0,51.6,中立,0,,,
6181,タメニー,サービス業,78.0,,13.655462,,-122.48,35.1,79.3,80.9,48.1,中立,0,,,
6182,メタリアル,サービス業,448.0,101.12867,2.4759042,,3.64,48.8,484.2,495.5,40.7,中立,1,,,2026-08-06
6183,ベルシステム２４ホールディングス,サービス業,1354.0,12.309091,1.3598037,4.43,12.09,1006.6,1367.4,1402.3,47.0,中立,0,,,
6184,鎌倉新書,サービス業,530.0,25.841053,3.8656785,3.77,16.49,218.3,524.0,486.4,58.5,中立,0,,,
6185,ＳＭＮ,サービス業,360.0,12.0927105,1.2202108,,7.62,52.7,387.1,384.9,33.5,中立,0,,,
6186,一蔵,サービス業,383.0,,0.7810174,3.92,-40.67,21.2,379.4,376.2,54.8,中立,2,,,2026-08-07
6189,グローバルキッズＣＯＭＰＡＮＹ,サービス業,979.0,26.63221,1.1710484,4.09,4.4,93.3,999.6,978.4,43.1,中立,0,,,
6190,フェニックスバイオ,サービス業,348.0,11.309717,0.912648,,8.57,14.2,344.5,383.7,49.4,中立,0,,,
6191,エアトリ,サービス業,907.0,7.457655,1.2088256,1.1,17.36,202.2,870.3,800.1,61.0,中立,1,,,2026-08-03
6193,バーチャレクス・ホールディングス,サービス業,1034.0,,1.7659185,1.45,-4.72,29.3,1027.8,992.5,58.7,中立,0,,,
6194,アトラエ,サービス業,870.0,17.762352,4.23863,7.82,11.27,194.1,813.1,729.2,69.4,中立,0,,,
6195,ホープ,サービス業,211.0,11.69623,2.7538142,2.16,,28.5,212.4,215.1,47.4,中立,0,,,
6196,ストライクグループ,サービス業,1307.0,15.591077,3.5116568,4.97,25.7,752.9,1340.3,1283.0,46.8,中立,0,,,
6197,ソラスト,サービス業,1118.0,27.395245,4.315419,1.97,16.21,1012.4,1110.9,1111.8,79.0,買われすぎ,1,,,2026-08-05
6198,キャリア,サービス業,215.0,,0.9735114,,12.94,18.0,222.4,231.9,39.8,中立,0,,,
6199,セラク,情報・通信業,1319.0,11.7380085,1.7679306,1.32,15.8,173.4,1285.8,1243.2,58.8,中立,3,,,2026-08-06
6200,インソース,サービス業,713.0,14.288577,4.4363146,4.14,34.8,598.8,681.6,642.8,58.8,中立,5,,,2026-08-07
6203,豊和工業,機械,1488.0,24.226637,0.8543573,1.34,3.73,179.6,1494.0,1532.6,51.1,中立,4,,,2026-08-07
6208,石川製作所,機械,1718.0,16.79867,1.7497759,1.16,11.07,107.2,1682.9,1824.7,53.9,中立,1,,,2026-08-07
6209,リケンＮＰＲ,機械,4130.0,7.9368134,0.6927997,5.08,9.27,1111.2,3977.4,3919.7,63.5,中立,1,,,2026-08-07
6217,津田駒工業,機械,735.0,,1.8592862,,-3.71,46.9,755.0,1196.5,43.9,中立,0,,,
6218,エンシュウ,機械,630.0,16.840418,0.3734462,1.9,2.25,39.7,637.6,603.2,49.5,中立,1,,,2026-08-06
6222,島精機製作所,機械,952.0,37.70297,0.39038247,2.1,-0.79,322.9,904.0,910.6,60.8,中立,0,,,
6223,西部技研,機械,2084.0,12.086064,1.2898577,3.36,13.67,405.0,2084.6,2184.3,49.0,中立,2,,,2026-08-07
6224,ＪＲＣ,機械,1108.0,10.575547,2.426249,2.71,22.0,143.2,1218.6,1267.7,32.0,中立,0,,,
6226,守谷輸送機工業,機械,2039.0,17.42884,2.4157307,1.86,32.02,719.4,2381.3,2239.1,35.8,中立,3,,,2026-08-06
6227,ＡＩメカテック,機械,6960.0,43.74607,9.661943,0.24,33.61,1309.3,6728.8,6760.2,51.5,中立,6,,,2026-08-07
6228,ジェイ・イー・ティ,機械,520.0,,0.70223296,,-21.41,68.3,511.7,588.4,47.9,中立,1,,,2026-08-05
6229,オーケーエム,機械,1581.0,8.860618,0.64511025,3.16,7.56,69.0,1559.8,1627.2,54.3,中立,0,,,
6230,ＳＡＮＥＩ,機械,2100.0,7.8734255,0.6342182,3.62,7.58,96.1,2209.8,2181.3,35.7,中立,1,,,2026-08-06
6231,木村工機,機械,11920.0,12.955536,3.011858,1.68,25.38,420.3,12484.8,11881.1,46.7,中立,1,,,2026-08-07
6232,ＡＣＳＬ,機械,1727.0,,11.425812,,-81.31,330.3,1729.9,2084.6,49.0,中立,0,,,
6233,ＫＬＡＳＳ,機械,395.0,14.259928,0.6492002,2.53,7.32,20.6,387.9,392.9,60.6,中立,1,,,2026-08-07
6235,オプトラン,機械,3165.0,43.338356,1.5675907,1.77,2.88,1262.6,3294.9,3709.3,45.8,中立,2,,,2026-08-07
6237,イワキポンプ,機械,5460.0,25.0,2.9291673,1.72,12.33,1211.2,4820.8,3710.6,62.5,中立,1,,,2026-08-07
6238,フリュー,機械,1403.0,18.024153,1.5728153,2.85,8.95,371.6,1384.4,1335.9,57.4,中立,4,,,2026-08-07
6239,ナガオカ,機械,1329.0,12.222938,1.1855031,2.63,9.86,92.2,1320.0,1329.2,52.6,中立,3,,,2026-08-07
6240,ヤマシンフィルタ,機械,556.0,22.583265,1.6959907,3.6,7.56,386.8,529.2,532.0,61.7,中立,2,,,2026-08-07
6245,ヒラノテクシード,機械,1625.0,18.71473,0.62435716,5.17,3.38,246.0,1664.2,1799.4,41.9,中立,2,,,2026-08-07
6246,テクノスマート,機械,1858.0,11.885115,1.0240248,4.95,8.87,213.0,1879.8,1842.7,48.5,中立,2,,,2026-08-07
6247,日阪製作所,機械,1745.0,13.398341,0.72783816,3.21,5.62,458.8,1687.4,1623.8,59.5,中立,1,,,2026-08-07
6248,横田製作所,機械,1800.0,9.858692,1.0709429,3.33,11.2,33.4,1765.3,1780.7,53.9,中立,1,,,2026-08-07
6249,ゲームカードホールディングス,機械,2696.0,11.593205,0.62634474,3.71,5.48,378.2,2570.5,2484.4,65.3,中立,1,,,2026-08-06
6250,やまびこ,機械,4350.0,12.329932,3.4680254,2.53,10.64,1779.5,3880.0,3767.2,75.8,買われすぎ,3,,,2026-08-07
6254,野村マイクロ・サイエンス,機械,4225.0,42.915188,4.0593734,2.01,9.94,1617.7,4210.6,4384.1,49.8,中立,1,,,2026-08-07
6255,エヌ・ピー・シー,機械,687.0,18.67863,1.4141651,1.46,7.81,143.9,663.1,727.8,52.4,中立,0,,,
6257,藤商事,機械,1020.0,,0.49710122,4.9,0.11,213.4,1019.6,999.9,51.6,中立,3,,,2026-08-06
6258,平田機工,機械,3165.0,15.929337,1.2642857,2.37,8.33,969.3,2964.1,3018.9,58.6,中立,1,,,2026-08-07
6262,ＰＥＧＡＳＵＳ,機械,518.0,39.153442,0.37799707,5.79,0.07,124.0,539.9,616.0,38.1,中立,0,,,
6264,マルマエ,機械,2036.0,33.71419,3.7622397,2.21,25.49,571.1,2105.0,2254.0,46.5,中立,0,,,
6265,コンバム,機械,3330.0,20.531475,0.8456292,1.5,4.28,50.6,3286.2,3256.5,52.2,中立,0,,,
6266,タツモ,機械,3370.0,13.790564,1.8575916,1.01,11.14,487.8,4489.4,4006.5,37.5,中立,1,,,2026-08-05
6267,ゼネラルパッカー,機械,4050.0,9.697347,0.8925034,2.96,12.86,68.2,3897.8,3726.4,64.4,中立,0,,,
6268,ナブテスコ,機械,4910.0,27.966053,2.0229795,1.67,7.34,5753.8,5016.7,5135.2,49.4,中立,0,,,
6269,三井海洋開発,機械,10320.0,12.387617,2.9518971,1.94,32.43,7052.8,10059.0,10577.3,54.3,中立,1,,,2026-08-07
6272,レオン自動機,機械,1512.0,10.470915,0.9481907,3.97,9.53,408.3,1516.0,1496.7,51.0,中立,5,,,2026-08-06
6273,ＳＭＣ,機械,74190.0,28.131577,2.2146986,1.35,8.27,46642.3,72044.8,71074.5,55.1,中立,5,,,2026-08-07
6276,シリウスビジョン,電気機器,321.0,,0.467883,,-6.29,15.0,310.5,301.1,59.7,中立,0,,,
6277,ホソカワミクロン,機械,5190.0,25.059147,1.0755019,2.5,4.51,761.1,4980.0,5279.3,58.8,中立,2,,,2026-08-07
6278,ユニオンツール,機械,16490.0,31.96294,3.483485,0.91,9.52,3212.8,18186.0,20039.9,43.4,中立,2,,,2026-08-06
6279,瑞光,機械,929.0,12.463107,0.67414737,1.72,5.24,241.3,909.1,896.5,59.3,中立,0,,,
6282,オイレス工業,機械,2932.0,17.082266,1.0690987,3.24,6.41,848.6,2852.7,2724.9,62.2,中立,4,,,2026-08-06
6284,日精エー・エス・ビー機械,機械,9260.0,16.311432,2.2465239,2.59,14.53,1388.2,9444.8,9040.5,49.0,中立,3,,,2026-08-06
6286,靜甲,機械,1450.0,7.6063576,0.5365545,1.93,7.37,93.6,1382.0,1434.3,67.3,中立,2,,,2026-08-07
6287,サトー,機械,2593.0,16.554937,0.98664695,3.09,6.17,841.8,2451.6,2301.7,71.6,買われすぎ,0,,,
6289,技研製作所,機械,1885.0,28.18481,1.2218583,2.86,6.39,478.1,1865.5,1813.2,53.8,中立,0,,,
6291,日本エアーテック,機械,1343.0,11.995356,1.3954638,4.1,0.33,134.1,1312.5,1278.5,57.8,中立,0,,,
6292,カワタ,機械,832.0,157.57574,0.44127607,4.57,-1.08,58.1,818.0,814.6,59.5,中立,0,,,
6294,オカダアイヨン,機械,2017.0,10.892105,0.89882493,3.77,8.44,162.5,2005.0,2030.6,54.0,中立,3,,,2026-08-07
6298,ワイエイシイホールディングス,機械,1196.0,16.517056,1.2512004,3.85,7.87,209.9,1209.9,1284.0,47.2,中立,0,,,
6301,小松製作所,機械,7349.0,17.758501,1.8636992,2.59,11.62,65516.7,6719.5,6621.6,63.9,中立,1,,,2026-08-03
6302,住友重機械工業,機械,5884.0,22.870026,0.99568814,2.46,6.07,6994.0,5338.2,5242.6,65.0,中立,2,,,2026-08-04
6305,日立建機,機械,5609.0,16.311872,1.296233,3.39,10.93,11932.4,5372.2,5333.2,57.3,中立,0,,,
6306,日工,機械,988.0,15.015197,1.0180424,4.25,7.05,380.7,962.8,886.2,62.9,中立,0,,,
6307,サンセイ,機械,466.0,4.7080216,0.67961437,3.22,15.37,36.2,452.1,458.5,53.1,中立,1,,,2026-08-05
6309,巴工業,機械,1943.0,14.106287,1.3032317,3.91,9.6,571.1,1893.6,1804.9,60.3,中立,0,,,
6310,井関農機,機械,1938.0,15.908718,0.584336,2.32,3.96,438.5,1862.4,1795.7,58.7,中立,2,,,2026-08-07
6315,ＴＯＷＡ,機械,2532.0,41.372547,2.6903887,0.95,6.96,1899.7,2910.2,2953.1,42.0,中立,1,,,2026-08-06
6316,丸山製作所,機械,2765.0,9.294743,0.50494486,2.71,6.11,106.9,2713.2,2553.9,55.4,中立,1,,,2026-08-03
6317,北川鉄工所,機械,1729.0,5.111755,0.3480695,3.7,7.13,160.0,1685.0,1659.1,58.6,中立,2,,,2026-08-07
6322,タクミナ,機械,1587.0,8.893248,0.96297497,3.4,11.36,109.6,1605.8,1593.6,40.7,中立,2,,,2026-08-06
6323,ローツェ,機械,3954.0,36.235336,5.0184736,0.51,15.19,6857.5,4352.6,4181.8,45.1,中立,2,,,2026-08-03
6324,ハーモニック・ドライブ・システムズ,機械,7160.0,418.46872,8.431574,0.28,2.02,6778.1,7028.4,6818.9,53.2,中立,4,,,2026-08-07
6325,タカキタ,機械,403.0,22.476295,0.5456062,2.48,2.16,45.5,401.8,400.4,54.5,中立,0,,,
6326,クボタ,機械,2760.0,16.884865,1.1123806,1.88,10.01,31084.2,2742.5,2734.0,51.8,中立,4,,,2026-08-04
6327,北川精機,機械,3215.0,53.01781,4.6452894,0.62,11.83,262.6,4326.8,4129.8,39.9,中立,0,,,
6328,荏原実業,機械,2188.0,11.874525,1.7283667,3.43,15.84,515.1,2398.1,2381.6,36.1,中立,3,,,2026-08-05
6330,東洋エンジニアリング,建設業,2072.0,,2.7906852,1.21,-28.72,1214.1,1966.0,2067.5,54.8,中立,2,,,2026-08-07
6331,三菱化工機,機械,3215.0,9.705661,1.6284178,3.73,20.04,732.4,3377.2,3495.9,43.1,中立,0,,,
6332,月島ホールディングス,機械,2724.0,6.598997,1.0974954,3.23,16.22,1078.8,2674.2,2732.4,54.1,中立,2,,,2026-08-06
6333,ＴＥＩＫＯＫＵ,機械,3270.0,12.305723,1.598528,4.04,14.19,501.2,3242.0,3028.0,51.3,中立,1,,,2026-08-06
6334,明治機械,機械,496.0,208.40335,1.7403997,1.21,0.82,53.4,476.2,448.0,58.2,中立,1,,,2026-08-07
6335,東京機械製作所,機械,717.0,5.4732823,0.6184052,,11.2,56.8,707.7,615.8,55.0,中立,0,,,
6336,石井表記,機械,1598.0,14.454997,1.177431,2.25,9.79,127.6,1714.0,1506.9,47.3,中立,0,,,
6337,テセック,機械,3220.0,37.19533,1.1521145,3.11,6.58,166.6,2598.3,2612.6,64.3,中立,1,,,2026-08-03
6338,タカトリ,機械,1570.0,33.326256,0.85031754,2.55,2.59,83.7,1570.0,1647.6,49.8,中立,1,,,2026-08-07
6339,新東工業,機械,1176.0,,0.5560147,4.08,-12.83,617.6,1175.2,1155.8,51.5,中立,3,,,2026-08-07
6340,澁谷工業,機械,4490.0,13.831984,1.0993836,2.12,8.12,1242.2,4357.0,4028.5,60.2,中立,0,,,
6342,太平製作所,機械,2892.0,8.561532,0.5196824,3.46,6.2,37.6,2834.3,2772.7,65.4,中立,0,,,
6343,フリージア・マクロス,機械,146.0,3.8120105,0.38851383,0.41,10.61,65.7,147.3,148.3,50.2,中立,0,,,
6345,アイチ　コーポレーション,機械,1414.0,14.0347395,1.2246995,4.6,9.69,912.9,1409.2,1379.6,52.4,中立,0,,,
6346,キクカワエンタープライズ,機械,5790.0,21.551403,0.545309,3.45,2.59,70.1,5754.0,5807.2,54.6,中立,0,,,
6347,プラコー,機械,270.0,30.998852,1.5541716,2.22,5.04,26.0,259.6,267.5,58.0,中立,0,,,
6349,小森コーポレーション,機械,1902.0,13.699223,0.8068396,5.26,6.26,1009.3,1693.3,1567.5,74.7,買われすぎ,1,,,2026-08-04
6351,鶴見製作所,機械,2442.0,22.771355,1.1478218,1.19,5.41,1168.5,2285.8,2187.2,64.9,中立,3,,,2026-08-07
6356,日本ギア工業,機械,1335.0,10.851012,3.4863133,0.75,7.38,190.1,1430.5,1474.8,44.3,中立,0,,,
6357,三精テクノロジーズ,機械,2570.0,9.283676,0.9085542,3.7,10.3,455.5,2402.3,2423.9,67.2,中立,2,,,2026-08-06
6358,酒井重工業,機械,2114.0,10.276103,0.5737716,6.15,5.72,181.3,2155.6,2097.5,43.6,中立,2,,,2026-08-07
6360,東京自働機械製作所,機械,4860.0,8.433986,2.8376613,2.06,0.37,68.2,4546.4,4319.7,75.9,買われすぎ,1,,,2026-08-07
6361,荏原製作所,機械,5686.0,34.211792,2.0694733,1.16,9.57,25935.8,5716.9,5688.4,49.7,中立,1,,,2026-08-03
6363,酉島製作所,機械,3235.0,14.414294,1.4143053,2.1,13.06,851.3,2900.9,2921.8,66.8,中立,1,,,2026-08-05
6364,ＡＩＲＭＡＮ,機械,2601.0,12.6933775,1.5258908,4.0,14.4,700.7,2122.5,1902.1,73.6,買われすぎ,2,,,2026-08-06
6365,電業社機械製作所,機械,5510.0,8.736324,0.74595535,3.45,8.94,228.7,5410.8,5456.3,57.9,中立,2,,,2026-08-07
6366,千代田化工建設,建設業,681.0,8.396006,2.7552333,,172.13,1764.9,685.4,766.7,48.6,中立,3,,,2026-08-06
6367,ダイキン工業,機械,22210.0,23.646526,2.0657058,1.62,9.6,61818.5,24275.0,23780.1,30.6,中立,2,,,2026-08-06
6368,オルガノ,機械,14555.0,23.577723,4.716944,0.91,21.58,6692.7,14977.4,15928.4,47.0,中立,2,,,2026-08-03
6369,トーヨーカネツ,機械,2500.0,15.205888,0.96705216,4.4,6.46,389.6,2453.2,2445.5,58.4,中立,3,,,2026-08-07
6370,栗田工業,機械,8700.0,24.053747,2.790626,1.54,11.79,9408.6,8885.8,8778.4,47.3,中立,4,,,2026-08-06
6371,椿本チエイン,機械,2700.0,9.129333,0.9258164,2.96,10.66,2808.9,2624.7,2578.9,59.9,中立,1,,,2026-08-03
6376,日機装,精密機器,3960.0,19.225168,1.5819561,1.26,9.74,2584.5,3865.6,3449.6,53.9,中立,0,,,
6378,木村化工機,機械,1253.0,10.888078,1.1707753,3.27,11.37,241.4,1215.7,1226.5,55.4,中立,1,,,2026-08-07
6379,レイズネクスト,建設業,2868.0,14.81252,1.6932932,2.72,12.05,1549.0,2583.8,2364.8,68.6,中立,4,,,2026-08-07
6380,オリエンタルチエン工業,機械,3720.0,46.79834,2.6336434,0.54,6.3,66.0,4012.4,4432.5,39.6,中立,1,,,2026-08-03
6381,アネスト岩田,機械,1890.0,13.893994,1.4669425,4.66,11.36,740.5,1783.5,1686.5,78.3,買われすぎ,1,,,2026-08-04
6382,トリニティ工業,機械,1231.0,7.384966,0.5828397,4.96,7.59,198.6,1229.2,1250.9,51.5,中立,0,,,
6383,ダイフク,機械,6176.0,30.482206,4.954967,1.46,,22709.8,6400.2,6769.1,45.2,中立,4,,,2026-08-06
6384,昭和真空,機械,1647.0,11.720751,0.83565587,4.25,7.3,101.7,1660.5,1697.1,47.7,中立,3,,,2026-08-07
6387,サムコ,機械,8830.0,40.968777,4.842134,0.85,15.32,709.3,10309.6,11679.9,40.6,中立,0,,,
6390,加藤製作所,機械,1347.0,3.3783107,0.35479963,5.2,10.33,150.7,1313.1,1294.5,61.5,中立,2,,,2026-08-07
6391,加地テック,機械,4500.0,10.28736,0.87460214,1.56,9.84,74.4,4410.8,4413.6,54.7,中立,0,,,
6392,ヤマダコーポレーション,機械,7510.0,10.37522,0.9924474,2.93,9.88,179.8,7404.0,7170.4,57.3,中立,1,,,2026-08-07
6393,油研工業,機械,3095.0,10.8814125,0.4688069,4.85,4.58,110.1,3028.2,2950.2,64.4,中立,1,,,2026-08-07
6395,タダノ,機械,1418.0,9.796877,0.8705705,2.4,12.21,1792.4,1318.6,1309.3,70.3,買われすぎ,3,,,2026-08-04
6396,宇野澤組鐵工所,機械,4650.0,11.837784,1.3502264,1.08,12.1,51.4,4143.8,3987.3,89.1,買われすぎ,1,,,2026-08-07
6400,不二精機,機械,293.0,10.28431,0.5917506,2.39,6.6,23.7,263.0,267.7,78.6,買われすぎ,4,,,2026-08-07
6402,兼松エンジニアリング,機械,1526.0,7.1700416,3.4203744,0.79,-2.53,74.7,1532.7,1505.3,50.1,中立,1,,,2026-08-06
6405,鈴茂器工,機械,1074.0,21.10849,0.927788,3.26,4.16,119.8,1042.2,1055.4,62.4,中立,2,,,2026-08-07
6407,ＣＫＤ,機械,6330.0,31.113297,2.7554638,1.28,9.36,4230.7,6512.8,6622.0,48.3,中立,0,,,
6408,小倉クラッチ,機械,4695.0,4.6743393,0.35368478,2.13,8.0,70.2,4127.8,4301.3,83.8,買われすぎ,1,,,2026-08-06
6412,平和,機械,2121.0,17.909313,0.8411897,3.77,4.74,2091.9,2066.0,1991.2,58.9,中立,1,,,2026-08-07
6413,理想科学工業,機械,1096.0,15.944138,1.0189614,4.56,7.41,687.2,1040.2,1014.5,64.1,中立,0,,,
6417,ＳＡＮＫＹＯ,機械,1918.0,8.536205,1.5143858,5.21,17.47,3788.3,1745.5,1711.4,71.6,買われすぎ,4,,,2026-08-06
6418,日本金銭機械,機械,1200.0,6.931608,0.908103,3.83,13.83,325.5,1088.4,1004.8,76.9,買われすぎ,1,,,2026-08-06
6419,マースグループホールディングス,機械,3120.0,8.668834,0.65611124,4.81,7.24,559.5,3121.6,2988.3,52.8,中立,1,,,2026-08-03
6420,ガリレイホールディングス,機械,3595.0,11.809731,1.2721589,2.48,11.34,1441.2,3368.4,3401.7,70.7,買われすぎ,1,,,2026-08-06
6424,高見沢サイバネティックス,機械,900.0,7.9730687,0.59808296,2.56,7.84,37.5,894.0,888.5,57.8,中立,0,,,
6425,ユニバーサルエンターテインメント,機械,691.0,,0.42215878,,-4.9,535.5,670.1,704.6,58.7,中立,1,,,2026-08-07
6428,オーイズミ,機械,318.0,11.995473,0.38339952,3.77,3.23,71.5,315.0,316.8,56.5,中立,1,,,2026-08-07
6430,ダイコク電機,機械,2407.0,6.083967,0.70560914,4.15,12.12,350.5,2381.6,2256.7,57.3,中立,2,,,2026-08-07
6432,竹内製作所,機械,7700.0,12.576562,1.9087474,2.86,16.29,3556.9,7414.0,7227.2,56.2,中立,0,,,
6433,ヒーハイスト,機械,945.0,,2.8070529,0.21,-29.2,58.9,986.2,1231.0,45.7,中立,1,,,2026-08-07
6436,アマノ,機械,3934.0,13.737953,2.0807736,6.35,15.39,2724.7,3825.3,3695.6,59.3,中立,0,,,
6440,ＪＵＫＩ,機械,639.0,10.836019,0.5647056,2.35,5.62,188.9,548.2,587.1,67.3,中立,1,,,2026-08-04
6444,サンデン,機械,164.0,66.666664,0.63346386,,9.93,184.8,160.7,162.1,54.5,中立,4,,,2026-08-07
6445,ジャノメ,機械,1420.0,42.60426,0.68825394,4.23,1.83,253.5,1330.8,1264.4,66.8,中立,2,,,2026-08-07
6448,ブラザー工業,電気機器,4561.0,18.422329,1.4872833,2.19,8.58,11275.6,3919.8,3665.0,82.4,買われすぎ,3,,,2026-08-06
6454,マックス,機械,1895.0,24.771242,3.0104597,2.11,13.49,3352.5,1765.8,1713.1,65.8,中立,2,,,2026-08-07
6455,モリタホールディングス,輸送用機器,2352.0,10.468687,0.94551206,3.4,9.51,966.1,2430.5,2476.0,39.4,中立,0,,,
6457,グローリー,機械,4855.0,17.618668,1.2059695,3.17,6.86,2507.1,4379.5,4148.6,81.9,買われすぎ,3,,,2026-08-07
6458,新晃工業,機械,1204.0,12.09321,1.2763689,4.15,10.56,808.4,1247.4,1242.1,36.5,中立,2,,,2026-08-06
6459,だいわ,機械,1772.0,17.232325,1.2434058,3.39,6.66,870.3,1698.9,1729.1,60.1,中立,0,,,
6460,セガサミーホールディングス,機械,2769.5,,1.5813614,1.99,-1.56,5620.0,2567.8,2370.6,63.5,中立,3,,,2026-08-07
6463,ＴＰＲ,機械,1480.0,10.34748,0.545141,4.05,5.84,949.7,1443.0,1377.1,54.4,中立,3,,,2026-08-07
6464,ツバキ・ナカシマ,機械,394.0,,0.39349672,,-54.84,150.7,383.6,375.3,55.4,中立,0,,,
6465,ホシザキ,機械,5740.0,21.29396,2.0474443,2.0,10.03,8039.4,5577.1,5278.7,60.2,中立,3,,,2026-08-06
6466,ＴＶＥ,機械,4045.0,9.241912,0.7305181,0.99,8.47,94.9,4284.8,4283.3,45.3,中立,3,,,2026-08-07
6467,ニチダイ,機械,331.0,,0.2846232,1.81,-6.46,29.9,329.4,332.9,53.6,中立,2,,,2026-08-03
6469,放電精密加工研究所,機械,2780.0,36.047718,3.4070506,0.72,11.14,296.9,2702.4,2744.4,53.8,中立,0,,,
6470,大豊工業,機械,1119.0,,0.49271584,2.06,-7.54,317.7,1082.2,1117.0,57.1,中立,0,,,
6471,日本精工,機械,1173.5,25.187809,0.8373524,2.9,4.89,5742.2,1144.4,1183.9,53.9,中立,0,,,
6472,ＮＴＮ,機械,392.1,16.75641,0.777256,3.32,5.26,2331.1,386.3,403.8,50.9,中立,2,,,2026-08-04
6473,ジェイテクト,機械,2159.0,57.2831,0.8491766,3.24,2.72,6872.8,2104.0,2022.0,55.8,中立,0,,,
6474,不二越,機械,5740.0,18.711086,0.70333797,1.92,3.97,1251.1,5882.0,5724.9,49.5,中立,0,,,
6479,ミネベアミツミ,電気機器,3694.0,14.980939,1.6502129,1.62,,14834.9,4014.4,4109.4,41.1,中立,3,,,2026-08-05
6480,日本トムソン,機械,1827.0,31.305689,1.5326796,1.75,5.12,1274.6,1895.0,1874.8,47.1,中立,3,,,2026-08-07
6481,ＴＨＫ,機械,7194.0,80.32604,3.1892526,2.75,5.19,8062.6,7065.8,7028.4,52.1,中立,4,,,2026-08-05
6482,ＹＵＳＨＩＮ,機械,691.0,81.00821,0.6572914,2.89,0.95,216.4,679.9,689.2,53.6,中立,1,,,2026-08-07
6484,ＫＶＫ,機械,2335.0,8.5509205,0.6085899,3.85,7.41,187.4,2352.2,2356.5,48.9,中立,0,,,
6485,前澤給装工業,機械,1623.0,12.392151,0.8232711,3.7,7.35,330.4,1558.9,1496.9,69.4,中立,3,,,2026-08-07
6486,イーグル工業,機械,3035.0,14.003599,1.0366305,4.61,9.24,1379.4,2937.6,2893.9,58.6,中立,1,,,2026-08-06
6488,ヨシタケ,機械,988.0,8.500387,0.68215084,3.64,9.03,125.7,977.3,951.2,62.1,中立,0,,,
6490,ＰＩＬＬＡＲ,機械,10280.0,26.472332,2.9592168,1.56,11.67,2350.2,9935.2,9735.5,52.5,中立,3,,,2026-08-06
6492,岡野バルブ製造,機械,13560.0,19.826591,1.6408653,0.59,,217.9,15492.0,15793.7,42.9,中立,1,,,2026-08-07
6493,ＮＩＴＴＡＮ,輸送用機器,497.0,6.4253397,0.46209905,4.02,8.96,143.2,472.7,505.8,59.5,中立,4,,,2026-08-04
6494,ＮＦＫホールディングス,機械,98.0,52.68817,0.8160139,,1.44,47.8,97.6,101.1,50.8,中立,0,,,
6495,宮入バルブ製作所,機械,121.0,96.031746,1.9366817,1.65,10.54,58.3,127.1,147.4,39.2,中立,0,,,
6496,中北製作所,機械,5250.0,10.62065,0.6521467,2.19,6.44,183.3,5333.6,5191.3,50.8,中立,0,,,
6497,ハマイ,機械,1395.0,9.643301,0.53777117,3.23,5.77,93.5,1350.4,1324.3,64.5,中立,0,,,
6498,キッツ,機械,2091.0,15.863744,2.5230465,2.87,4.8,1817.6,2308.7,2274.2,40.7,中立,2,,,2026-08-07
6501,日立製作所,電気機器,5620.0,31.832342,3.8343637,0.98,,251559.1,4978.4,4926.7,76.1,買われすぎ,1,,,2026-08-04
6503,三菱電機,電気機器,5826.0,29.36344,2.608552,1.03,10.28,119225.4,5680.7,5950.8,52.8,中立,0,,,
6504,富士電機,電気機器,14630.0,22.00298,2.700844,1.46,14.27,21358.5,13229.0,13951.0,59.5,中立,1,,,2026-08-07
6505,東洋電機製造,電気機器,2405.0,7.294068,0.7087876,4.82,10.26,216.9,2247.6,2167.9,62.7,中立,1,,,2026-08-06
6506,安川電機,電気機器,5266.0,38.840538,2.8158154,1.37,7.51,13658.3,5622.7,6264.6,44.5,中立,0,,,
6507,シンフォニアテクノロジー,電気機器,12890.0,25.051989,3.6772394,1.25,16.2,3637.0,14108.8,14410.0,42.9,中立,1,,,2026-08-07
6508,明電舎,電気機器,10850.0,20.855759,2.7758348,1.45,17.82,4922.0,9327.6,9552.3,63.1,中立,0,,,
6513,オリジン,電気機器,1049.0,,0.2420932,3.81,-7.96,54.2,1065.2,1065.5,40.1,デッドクロス,0,,,
6516,山洋電気,電気機器,5860.0,24.043985,1.5594836,3.07,8.62,2081.2,5795.2,6420.1,49.6,中立,1,,,2026-08-06
6517,デンヨー,電気機器,4215.0,15.255158,1.0396729,4.03,7.12,850.4,3749.4,3675.7,65.4,中立,3,,,2026-08-06
6518,三相電機,電気機器,2097.0,16.87998,0.76156074,1.19,4.64,96.0,1936.9,1900.2,59.9,中立,1,,,2026-08-07
6521,オキサイド,電気機器,3140.0,,7.614336,,-3.95,364.1,3538.2,4655.1,38.8,中立,0,,,
6522,アスタリスク,電気機器,1830.0,,7.753482,,-6.83,147.1,1716.7,1251.6,56.7,中立,3,,,2026-08-05
6523,ＰＨＣホールディングス,電気機器,1311.0,334.43878,1.0259131,3.2,0.14,1658.6,1089.4,1054.3,80.0,買われすぎ,1,,,2026-08-06
6524,湖北工業,電気機器,4965.0,28.559101,5.419495,0.81,16.75,1286.2,4593.8,5429.6,54.4,中立,5,,,2026-08-06
6525,ＫＯＫＵＳＡＩ　ＥＬＥＣＴＲＩＣ,電気機器,8136.0,63.41882,8.668284,0.81,14.49,19002.2,9102.4,8367.3,46.3,中立,3,,,2026-08-06
6526,ソシオネクスト,電気機器,1981.0,40.04447,2.7036545,2.52,6.0,3472.5,2371.4,2415.6,36.2,中立,0,,,
6532,ベイカレント,サービス業,7122.0,28.553102,9.709982,1.83,38.58,10517.4,6810.6,5999.0,59.6,中立,1,,,2026-08-06
6533,Ｏｒｃｈｅｓｔｒａ　Ｈｏｌｄｉｎｇｓ,サービス業,1222.0,,1.7337711,4.09,16.56,114.2,1183.4,1086.9,62.6,中立,0,,,
6535,アイモバイル,サービス業,484.0,11.2140875,1.5835468,5.58,14.44,266.6,496.4,481.6,46.2,中立,1,,,2026-08-05
6537,ＷＡＳＨハウス,サービス業,305.0,198.05196,1.2595342,,3.24,21.1,307.9,326.4,43.3,中立,0,,,
6538,ディスラプターズ,サービス業,253.0,7.606735,1.9260049,1.98,27.83,51.8,241.6,235.4,63.1,中立,0,,,
6539,ＭＳ－Ｊａｐａｎ,サービス業,974.0,23.40221,2.5432734,5.75,11.12,242.1,981.0,951.7,49.4,中立,3,,,2026-08-06
6540,船場,サービス業,1491.0,10.48597,1.1299992,5.23,10.65,159.1,1498.2,1522.6,49.6,中立,0,,,
6543,日宣,サービス業,1190.0,7.012788,1.1578466,2.77,18.18,46.9,1183.5,1171.7,53.2,中立,0,,,
6544,ジャパンエレベーターサービスホールディングス,サービス業,1486.0,36.252743,10.804208,1.41,32.52,2656.4,1725.1,1704.5,24.3,売られすぎ,2,,,2026-08-06
6545,インターネットインフィニティー,サービス業,876.0,20.296572,2.6191316,2.85,18.57,46.8,815.0,750.9,67.4,中立,0,,,
6546,フルテック,サービス業,1141.0,24.458735,1.0668027,2.98,5.31,60.3,1131.0,1120.9,58.9,中立,0,,,
6547,グリーンズ,サービス業,2213.0,6.2830048,2.2138944,2.35,41.57,303.9,2141.7,2096.8,59.0,中立,0,,,
6548,旅工房,サービス業,104.0,,2.4045687,,,20.6,102.4,109.2,49.8,中立,0,,,
6549,ディーエムソリューションズ,サービス業,1252.0,11.220649,1.9233339,1.68,12.15,69.1,1158.6,1048.6,64.5,中立,2,,,2026-08-07
6551,ツナググループ・ホールディングス,サービス業,587.0,9.356072,2.1738164,3.41,23.59,48.9,579.7,573.0,55.5,中立,2,,,2026-08-06
6552,ＧａｍｅＷｉｔｈ,サービス業,171.0,118.74999,1.1016835,,16.22,29.9,181.4,189.8,41.4,中立,0,,,
6554,エスユーエス,サービス業,1026.0,9.088493,2.0391006,4.87,23.04,92.1,1039.4,1012.5,47.8,中立,0,,,
6555,ＭＳ＆Ｃｏｎｓｕｌｔｉｎｇ,サービス業,425.0,10.56951,0.6515897,,7.09,19.1,423.2,435.7,52.2,中立,0,,,
6557,ＡＩＡＩグループ,サービス業,758.0,7.940499,1.4143533,,20.32,49.1,688.1,734.5,67.8,中立,2,,,2026-08-03
6558,クックビズ,サービス業,687.0,,1.9951558,,-23.58,19.2,676.0,666.4,53.7,中立,0,,,
6560,エル・ティー・エス,サービス業,1686.0,11.008816,1.4776407,2.37,16.01,74.2,1769.0,1731.4,42.4,中立,0,,,
6561,ＨＡＮＡＴＯＵＲ　ＪＡＰＡＮ,サービス業,830.0,7.5235677,2.3513148,5.06,35.57,104.2,818.7,793.9,55.6,中立,0,,,
6562,ジーニー,サービス業,1078.0,15.189516,1.3362637,,10.04,131.7,994.6,964.4,71.4,買われすぎ,0,,,
6563,みらいワークス,サービス業,495.0,22.748161,0.8130869,,11.86,25.9,498.5,515.1,46.8,中立,0,,,
6564,ミダックホールディングス,サービス業,2253.0,21.611511,3.4606063,0.89,17.26,623.7,2170.2,2113.5,60.0,中立,0,,,
6566,要興業,サービス業,1384.0,13.901165,1.0541774,2.1,7.82,219.7,1308.6,1289.5,74.1,買われすぎ,0,,,
6568,神戸天然物化学,サービス業,1270.0,12.830874,2.0336268,2.6,,98.3,1287.6,1269.4,48.2,中立,5,,,2026-08-07
6570,共和コーポレーション,サービス業,2102.0,11.176689,2.1318653,1.9,20.84,125.7,2013.0,1729.5,62.5,中立,0,,,
6571,キュービーネットホールディングス,サービス業,1303.0,15.79394,1.1564173,3.07,6.78,175.4,1285.4,1267.5,58.3,中立,1,,,2026-08-04
6572,オープングループ,サービス業,245.0,22.518383,1.2861096,2.65,7.07,136.5,234.3,215.5,59.4,中立,0,,,
6573,ＣＲＡＶＩＡ,サービス業,26.0,,1.9378401,,,12.0,26.2,29.7,47.9,中立,1,,,2026-08-07
6574,コンヴァノ,サービス業,93.0,,4.343765,1.08,-16.8,463.7,88.9,93.1,56.9,中立,1,,,2026-08-07
6577,ベストワンドットコム,サービス業,1892.0,,2.666599,2.75,1.86,28.6,2203.6,2052.3,27.8,売られすぎ,0,,,
6578,コレックホールディングス,サービス業,501.0,92.77778,3.9760327,1.8,,36.8,493.8,459.3,65.8,中立,0,,,
6579,ログリー,サービス業,359.0,,0.54403335,,3.32,13.7,348.5,341.7,55.9,中立,0,,,
6580,ライトアップ,サービス業,826.0,16.395395,1.2862158,2.3,8.05,41.1,829.0,895.1,50.3,中立,1,,,2026-08-07
6584,三櫻工業,輸送用機器,829.0,19.464663,0.61840516,3.38,4.32,296.9,839.9,877.1,46.5,中立,2,,,2026-08-07
6586,マキタ,機械,5488.0,18.298212,1.4048244,3.81,8.6,14140.2,5617.6,5630.6,47.3,中立,0,,,
6588,東芝テック,電気機器,3260.0,,1.8362732,1.23,-2.84,1727.4,3056.7,3022.0,62.3,中立,3,,,2026-08-07
6590,芝浦メカトロニクス,電気機器,4310.0,25.305307,5.0889325,1.48,21.71,2829.0,5125.0,4967.1,41.8,中立,2,,,2026-08-06
6592,マブチモーター,電気機器,1648.5,15.569513,1.197975,3.4,8.93,3977.8,1635.9,1573.7,54.2,中立,1,,,2026-08-03
6594,ニデック,電気機器,2712.0,25.865522,1.7669214,1.47,6.31,31087.9,2616.6,2636.5,55.7,中立,3,,,2026-08-05
6597,ＨＰＣシステムズ,電気機器,3405.0,27.047422,4.451004,0.94,21.17,131.7,3565.6,3865.4,44.0,中立,0,,,
6599,エブレン,電気機器,3140.0,13.00207,0.92849165,1.85,7.36,47.4,3035.4,3216.6,53.9,中立,0,,,
6612,バルミューダ,電気機器,611.0,,2.059465,,-48.07,52.0,610.2,594.4,50.4,中立,2,,,2026-08-07
6613,ＱＤレーザ,電気機器,1744.0,,14.882197,,-7.06,729.7,1951.4,2201.9,44.6,中立,1,,,2026-08-07
6614,シキノハイテック,電気機器,856.0,,1.6407489,1.75,-4.58,37.6,893.6,891.4,45.7,中立,2,,,2026-08-06
6615,ユー・エム・シー・エレクトロニクス,電気機器,233.0,27.508854,0.38331258,4.29,1.82,65.6,233.0,248.6,48.4,中立,1,,,2026-08-06
6616,トレックス・セミコンダクター,電気機器,1938.0,17.708332,1.0941716,2.89,6.41,205.3,1962.7,2256.7,46.6,中立,0,,,
6617,東光高岳,電気機器,7720.0,18.780256,1.7297812,1.74,17.13,1219.8,7604.8,7548.0,51.0,中立,1,,,2026-08-04
6619,ダブル・スコープ,電気機器,153.0,,0.23030515,,-27.15,92.3,163.0,217.6,39.1,中立,0,,,
6620,宮越ホールディングス,不動産業,656.0,,1.0707389,,-7.64,262.5,702.4,682.6,43.6,中立,1,,,2026-08-07
6622,ダイヘン,電気機器,13830.0,23.359514,2.0848656,0.3,,3264.8,14688.8,15818.0,44.4,中立,2,,,2026-08-04
6625,ＪＡＬＣＯホールディングス,不動産業,363.0,22.26994,2.1176677,4.96,9.47,401.4,345.8,344.9,63.4,ゴールデンクロス,0,,,
6626,ＳＥＭＩＴＥＣ,電気機器,2040.0,7.3838134,0.82068413,5.05,11.43,195.8,2016.6,2108.8,52.8,中立,1,,,2026-08-07
6627,テラプローブ,電気機器,11600.0,31.35135,4.7808948,0.95,7.16,1055.3,11385.2,11356.1,51.3,中立,0,,,
6629,テクノホライゾン,電気機器,981.0,5.369752,1.0631185,3.36,28.03,132.2,985.7,1065.4,49.2,中立,0,,,
6630,ヤーマン,電気機器,758.0,,1.7201197,1.19,,417.1,742.2,723.3,56.6,中立,0,,,
6632,ＪＶＣケンウッド,電気機器,991.1,8.876052,0.96201444,2.02,10.25,1409.2,1105.0,1129.7,34.7,中立,3,,,2026-08-03
6633,ＣＧＳホールディングス,電気機器,327.0,11.771058,0.94897586,3.06,8.81,31.1,330.6,334.8,43.7,中立,2,,,2026-08-07
6634,ＪＮグループ,電気機器,66.0,,1.2279755,,-33.91,30.5,72.3,74.3,43.2,中立,0,,,
6635,大日光・エンジニアリング,電気機器,686.0,21.847134,0.6262787,2.33,4.55,45.5,671.8,689.6,53.4,中立,0,,,
6637,寺崎電気産業,電気機器,4170.0,12.759316,0.9223388,1.34,7.84,511.4,3889.6,3692.7,61.5,中立,2,,,2026-08-07
6638,ミマキエンジニアリング,電気機器,1900.0,8.152757,1.3792994,2.89,18.68,550.3,2100.0,1865.3,39.1,中立,2,,,2026-08-07
6643,戸上電機製作所,電気機器,5810.0,10.30489,1.0964317,2.41,12.2,269.4,5451.0,5546.0,58.7,中立,0,,,
6644,大崎電気工業,電気機器,1486.0,11.690661,1.1533659,2.69,11.73,650.9,1500.0,1622.9,47.2,中立,4,,,2026-08-06
6645,オムロン,電気機器,6632.0,38.141247,1.5600786,1.57,5.13,13040.5,5687.3,5697.2,66.1,中立,2,,,2026-08-05
6647,森尾電機,電気機器,2950.0,6.055878,0.6443357,2.03,11.55,39.0,2779.5,2730.1,66.0,中立,1,,,2026-08-07
6648,かわでん,電気機器,1930.0,10.542415,3.9255488,3.42,1.11,309.1,1819.6,1878.2,60.0,中立,1,,,2026-08-07
6651,日東工業,電気機器,4480.0,14.7820635,1.3737999,3.44,9.52,1699.6,4450.2,4584.9,50.5,中立,1,,,2026-08-06
6652,ＩＤＥＣ,電気機器,3700.0,28.235655,1.5636305,3.51,5.79,1094.9,3360.6,3339.5,68.5,中立,1,,,2026-08-06
6653,正興電機製作所,電気機器,2190.0,11.768499,1.5115917,2.74,13.85,296.2,2221.1,2350.6,47.6,中立,0,,,
6654,不二電機工業,電気機器,1109.0,25.06781,0.5497845,2.89,2.1,57.6,1103.2,1081.3,55.8,中立,0,,,
6656,インスペック,電気機器,907.0,47.387672,3.1081123,,-56.28,36.4,1098.2,1001.3,39.9,中立,4,,,2026-08-07
6658,シライ電子工業,電気機器,433.0,4.9502687,0.6008331,4.62,9.56,64.9,442.9,491.1,41.9,中立,1,,,2026-08-07
6659,メディアリンクス,電気機器,45.0,,1.3814698,,-52.71,35.4,51.4,54.6,39.3,中立,0,,,
6662,ユビテック,電気機器,220.0,,2.1810684,,-20.23,32.5,215.8,218.0,56.8,中立,4,,,2026-08-07
6663,太洋テクノレックス,電気機器,296.0,7.3558645,0.6424601,1.01,9.16,17.7,302.0,318.3,45.0,中立,0,,,
6664,オプトエレクトロニクス,電気機器,249.0,,0.49170616,,-7.42,37.4,242.6,252.2,56.0,中立,0,,,
6666,リバーエレテック,電気機器,813.0,,1.4589974,1.23,-0.26,66.9,782.0,964.5,50.2,中立,0,,,
6668,アドテック　プラズマ　テクノロジー,電気機器,3515.0,18.337856,2.052587,1.02,13.47,300.1,3363.6,3250.8,53.0,中立,0,,,
6674,ジーエス・ユアサ　コーポレーション,電気機器,5226.0,16.644903,1.3283983,1.88,11.98,5242.7,5859.4,6334.0,38.3,中立,2,,,2026-08-05
6675,サクサ,電気機器,2002.0,25.328947,1.0658932,2.3,4.33,350.2,1991.4,2002.8,51.5,中立,3,,,2026-08-07
6676,ＢＵＦＦＡＬＯ,電気機器,2894.0,9.042902,1.5938274,2.07,18.34,686.1,2682.5,2553.8,66.9,中立,3,,,2026-08-06
6677,エスケーエレクトロニクス,電気機器,3670.0,13.12214,1.0718161,4.14,8.52,381.6,3471.4,3391.8,58.3,中立,0,,,
6678,テクノメディカ,電気機器,2116.0,13.632264,0.99636394,4.4,7.43,141.1,2040.2,2058.0,63.0,中立,5,,,2026-08-06
6694,ズーム,電気機器,645.0,,0.5062369,4.96,-18.99,27.9,638.4,640.8,56.8,中立,0,,,
6696,トラース・オン・プロダクト,電気機器,290.0,,4.5448136,,,14.0,289.4,308.9,52.0,中立,0,,,
6699,ダイヤモンドエレクトリックホールディングス,電気機器,495.0,5.2609205,0.38730305,5.05,1.87,54.2,482.6,488.2,59.6,中立,3,,,2026-08-07
6701,日本電気,電気機器,4862.0,23.941303,2.8865151,0.82,14.16,64486.8,4474.0,4227.8,63.6,中立,0,,,
6702,富士通,電気機器,3675.0,21.040878,3.1323247,1.5,16.2,63615.2,3440.9,3408.6,58.8,中立,1,,,2026-08-04
6703,沖電気工業,電気機器,2757.0,11.123663,1.3921367,2.36,16.4,2391.6,3194.4,3273.0,35.9,中立,0,,,
6706,電気興業,電気機器,3200.0,14.832668,0.75972944,3.28,5.19,279.0,3029.5,3226.0,60.7,中立,3,,,2026-08-07
6707,サンケン電気,電気機器,8426.0,,1.4041111,,-7.31,1684.4,9396.8,9424.3,41.4,デッドクロス,0,,,
6718,アイホン,電気機器,2829.0,18.786108,0.65624744,4.6,4.52,463.0,2798.2,2750.2,56.8,中立,1,,,2026-08-04
6721,ウインテスト,電気機器,78.0,,12.164691,,-238.39,43.1,81.6,87.3,44.2,中立,1,,,2026-08-03
6723,ルネサスエレクトロニクス,電気機器,3757.0,20.175062,2.409379,0.75,13.95,68658.8,4091.6,4100.4,44.4,デッドクロス,0,,,
6724,セイコーエプソン,電気機器,3175.0,55.9866,1.17575,2.52,2.97,10173.6,2924.8,2714.5,68.1,中立,3,,,2026-08-05
6727,ワコム,電気機器,786.0,11.079785,2.8344345,3.05,29.81,1043.5,772.2,797.0,51.3,中立,1,,,2026-08-03
6728,アルバック,電気機器,8779.0,34.653034,1.8800052,1.73,6.09,4317.0,9358.9,9478.1,45.3,中立,0,,,
6730,アクセル,電気機器,1081.0,9.466678,0.8560288,3.79,9.35,116.4,1129.3,1133.7,43.4,中立,2,,,2026-08-05
6731,ピクセラ,電気機器,105.0,,1.7175386,,-150.98,16.9,111.6,130.8,41.8,中立,1,,,2026-08-07
6736,サン電子,電気機器,10770.0,24.419,4.810044,0.46,20.18,2318.6,9785.6,9149.2,62.7,中立,0,,,
6737,ＥＩＺＯ,電気機器,2969.0,16.448753,0.5867944,3.87,5.11,1173.8,2736.8,2516.6,64.1,中立,2,,,2026-08-03
6740,ジャパンディスプレイ,電気機器,50.0,,-41.73623,,,2132.8,49.1,61.1,50.6,中立,1,,,2026-08-05
6741,日本信号,電気機器,1871.0,10.060222,1.0312744,2.99,,1167.0,1624.5,1610.7,76.3,買われすぎ,1,,,2026-08-04
6742,京三製作所,電気機器,924.0,11.358329,1.0244925,2.92,9.39,570.3,899.1,853.3,51.9,中立,2,,,2026-08-07
6743,大同信号,電気機器,919.0,8.136344,0.5245778,3.92,6.21,145.9,865.0,835.7,68.4,中立,2,,,2026-08-07
6744,能美防災,電気機器,4605.0,19.862837,1.9563901,2.52,10.15,2710.6,4376.0,4357.1,67.6,中立,2,,,2026-08-06
6745,ホーチキ,電気機器,2040.0,16.236868,2.2250023,1.96,15.35,1521.9,1974.8,1989.8,55.0,中立,2,,,2026-08-05
6748,星和電機,電気機器,754.0,7.930164,0.8243464,2.65,13.54,97.1,727.1,727.3,60.9,中立,0,,,
6750,エレコム,電気機器,1848.0,7.1370645,1.3757995,3.14,21.16,1488.4,1842.0,1744.7,51.9,中立,0,,,
6752,パナソニック　ホールディングス,電気機器,4312.0,53.10345,1.8623728,1.25,5.25,100682.0,4182.3,3855.0,54.5,中立,0,,,
6753,シャープ,電気機器,642.9,8.797209,1.4810737,,20.86,4174.4,629.8,616.7,56.2,中立,4,,,2026-08-07
6754,アンリツ,電気機器,3526.0,38.619934,3.387183,1.42,11.33,4513.0,3868.5,4112.3,40.7,中立,0,,,
6757,ＯＳＧコーポレーション,電気機器,862.0,42.13099,1.9147726,4.64,0.11,45.0,870.3,842.1,49.4,中立,0,,,
6758,ソニーグループ,電気機器,3721.0,19.964588,2.6109166,0.94,13.16,218514.3,3519.9,3425.3,61.8,中立,1,,,2026-08-05
6762,ＴＤＫ,電気機器,2988.0,28.998447,2.467083,1.34,11.63,56716.8,3139.2,3320.4,42.8,中立,0,,,
6763,帝国通信工業,電気機器,2788.0,20.195581,0.8979494,4.66,4.6,257.4,2851.1,2900.7,44.6,中立,3,,,2026-08-06
6768,タムラ製作所,電気機器,831.0,,1.0526329,1.93,2.2,661.3,876.2,923.5,44.6,中立,2,,,2026-08-05
6769,ザインエレクトロニクス,電気機器,1043.0,,1.311374,1.44,-4.98,109.6,1025.2,1108.1,50.5,中立,2,,,2026-08-06
6770,アルプスアルパイン,電気機器,2089.5,15.498442,0.9167518,3.06,6.24,4076.9,2125.6,2145.2,46.3,中立,0,,,
6771,池上通信機,電気機器,641.0,10.918072,0.2874848,2.34,2.69,41.1,646.4,677.7,46.6,中立,2,,,2026-08-06
6772,東京コスモス電機,電気機器,1078.0,261.01694,0.9434243,3.71,0.37,72.9,1095.2,1137.4,43.9,中立,4,,,2026-08-07
6775,ＴＢグループ,電気機器,116.0,,3.392408,,-36.04,17.2,118.8,124.7,44.7,中立,1,,,2026-08-07
6776,天昇電気工業,化学,269.0,9.072513,0.41557622,1.86,4.66,45.8,267.2,267.4,54.6,中立,1,,,2026-08-06
6777,ｓａｎｔｅｃ　Ｈｏｌｄｉｎｇｓ,電気機器,19150.0,29.415379,8.09123,1.2,31.13,2252.1,19538.4,24704.8,46.1,中立,2,,,2026-08-07
6778,アルチザネットワークス,電気機器,603.0,29.529873,0.775459,4.15,3.29,52.6,649.4,624.4,38.0,中立,0,,,
6779,日本電波工業,電気機器,2797.0,31.20607,2.0092251,1.07,6.76,641.3,2932.4,3074.7,46.1,中立,2,,,2026-08-07
6785,鈴木,電気機器,3145.0,14.34501,1.4423106,3.82,14.16,451.6,3105.2,3125.5,52.3,中立,0,,,
6786,ＲＶＨ,サービス業,49.0,41.880344,1.5886396,,3.79,12.4,49.4,50.6,49.4,中立,0,,,
6787,メイコー,電気機器,18790.0,24.75952,3.5392094,0.85,15.38,4822.8,23772.4,30605.2,36.0,中立,2,,,2026-08-06
6788,日本トリム,電気機器,4705.0,17.458904,1.4733725,2.76,8.9,349.8,4634.8,4469.9,56.2,中立,2,,,2026-08-06
6794,フォスター電機,電気機器,2950.0,13.341776,0.9789531,4.07,8.94,662.8,2869.0,2919.4,54.8,中立,2,,,2026-08-07
6797,名古屋電機工業,電気機器,1185.0,9.171827,0.59241885,3.8,7.33,139.3,1164.1,1173.9,56.4,中立,0,,,
6798,ＳＭＫ,電気機器,3215.0,357.22223,0.6500641,3.11,2.91,203.5,3022.0,3267.6,61.3,中立,0,,,
6800,ヨコオ,電気機器,4035.0,24.218235,1.5617471,1.59,6.94,940.6,4529.6,4995.1,41.5,中立,2,,,2026-08-06
6803,ティアック,電気機器,96.0,34.042553,0.6793479,1.04,15.15,27.6,98.1,99.8,45.5,中立,1,,,2026-08-07
6804,ホシデン,電気機器,2987.0,9.939769,0.9788009,2.54,11.15,1470.6,2825.5,2749.7,70.3,買われすぎ,1,,,2026-08-07
6806,ヒロセ電機,電気機器,26995.0,27.192692,2.3363335,1.93,8.82,8833.2,27472.2,26408.9,46.4,中立,5,,,2026-08-05
6807,日本航空電子工業,電気機器,2350.0,22.39375,1.0995845,2.13,4.72,1584.6,2395.5,2412.2,45.4,中立,0,,,
6809,ＴＯＡ,電気機器,1669.0,15.773557,1.0008539,5.39,7.74,579.1,1620.8,1606.2,63.4,中立,1,,,2026-08-04
6810,マクセル,電気機器,2429.0,12.027134,0.98861647,2.31,9.85,895.4,2171.5,2094.7,63.2,中立,0,,,
6814,古野電気,電気機器,7710.0,14.569712,2.6535096,2.08,21.97,2437.0,7131.6,6590.7,60.6,中立,0,,,
6817,スミダコーポレーション,電気機器,1202.0,18.12698,0.62551486,4.41,3.58,397.8,1304.0,1350.6,38.8,中立,0,,,
6819,伊豆シャボテンリゾート,サービス業,478.0,10.526316,1.398037,4.18,13.86,88.4,473.9,469.1,60.4,中立,0,,,
6820,アイコム,電気機器,3340.0,18.00248,0.655856,2.6,3.79,479.4,3282.6,3122.5,59.1,中立,0,,,
6822,大井電気,電気機器,4725.0,4.576404,0.7184793,1.69,12.36,63.2,5289.4,5466.9,30.4,中立,1,,,2026-08-05
6823,リオン,電気機器,3450.0,14.857241,1.2071028,2.61,10.28,425.4,3447.6,3559.3,49.2,中立,0,,,
6824,新コスモス電機,電気機器,4845.0,11.405904,1.1044904,1.96,10.58,589.6,4994.4,4932.7,49.0,中立,0,,,
6832,アオイ電子,電気機器,2245.0,363.26862,0.57871306,2.41,0.54,251.4,2390.3,2670.5,42.6,中立,0,,,
6834,精工技研,電気機器,21770.0,31.289524,5.750825,0.11,20.14,1946.1,21142.8,26447.5,49.5,中立,0,,,
6835,アライドテレシスホールディングス,電気機器,256.0,9.288825,1.245833,3.91,17.04,265.6,245.3,255.6,59.7,中立,0,,,
6836,ぷらっとホーム,電気機器,745.0,155.53236,7.9453955,,,35.4,749.3,785.7,50.3,中立,2,,,2026-08-07
6837,京写,電気機器,351.0,65.48507,0.51783276,2.56,0.76,202.4,351.1,340.7,51.8,中立,2,,,2026-08-07
6838,多摩川ホールディングス,電気機器,1437.0,5.197859,1.3947977,1.39,,131.1,1440.8,1802.2,46.2,中立,1,,,2026-08-07
6840,ＡＫＩＢＡホールディングス,電気機器,767.0,7.9762893,1.5959616,,22.14,70.4,691.9,788.4,56.4,中立,0,,,
6841,横河電機,電気機器,5414.0,23.766462,2.6509912,1.7,,13565.7,5624.8,5366.5,45.7,中立,3,,,2026-08-07
6844,新電元工業,電気機器,3705.0,6.747405,0.5198529,2.7,8.15,377.2,3587.0,3486.7,54.4,中立,3,,,2026-08-07
6845,アズビル,電気機器,1559.0,20.561857,3.1323588,2.44,15.73,7833.0,1668.0,1600.1,37.2,中立,2,,,2026-08-06
6848,東亜ディーケーケー,電気機器,863.0,17.975422,0.7331976,2.55,4.21,168.3,856.0,861.4,55.5,中立,2,,,2026-08-07
6849,日本光電工業,電気機器,1434.5,16.06203,1.2768567,2.3,8.07,2294.8,1543.3,1469.4,37.2,中立,2,,,2026-08-06
6850,チノー,電気機器,1733.0,14.380549,1.2397106,2.89,8.99,286.2,1625.0,1615.8,63.8,中立,2,,,2026-08-07
6853,共和電業,電気機器,788.0,20.076433,1.0882189,2.66,6.06,198.9,778.8,808.2,49.6,中立,3,,,2026-08-07
6855,日本電子材料,電気機器,6450.0,15.139069,2.1051786,1.24,14.98,944.8,6556.4,7240.7,48.2,中立,2,,,2026-08-07
6856,堀場製作所,電気機器,25670.0,29.170122,3.1281192,1.17,11.58,10784.4,26576.6,25625.3,46.8,中立,3,,,2026-08-07
6857,アドバンテスト,電気機器,32190.0,62.263058,22.351372,0.19,56.89,233085.9,29654.0,28889.1,55.5,中立,1,,,2026-08-03
6858,小野測器,電気機器,834.0,10.025243,0.5116172,3.6,5.62,86.9,851.5,845.0,47.4,中立,0,,,
6859,エスペック,電気機器,4155.0,15.363852,1.4460453,3.37,9.96,881.1,4046.4,3918.5,53.5,中立,3,,,2026-08-06
6861,キーエンス,電気機器,85110.0,46.283356,5.816518,0.65,,206413.2,77312.4,76324.1,63.8,中立,0,,,
6862,ミナトホールディングス,電気機器,2252.0,7.950855,2.073453,0.8,30.13,166.8,1986.4,2304.3,58.0,中立,1,,,2026-08-03
6863,ニレコ,電気機器,923.0,14.265843,1.1609362,4.33,8.51,66.1,915.6,858.3,53.2,中立,1,,,2026-08-07
6864,エヌエフホールディングス,電気機器,1594.0,17.275389,0.86146516,2.26,4.71,111.9,1552.1,1692.4,51.0,中立,0,,,
6866,日置電機,電気機器,12300.0,23.191357,3.6025472,1.95,,1648.9,11460.4,11789.5,55.8,中立,3,,,2026-08-07
6867,リーダー電子,電気機器,412.0,20.956257,0.48696136,3.64,2.08,17.7,422.0,417.1,42.8,中立,4,,,2026-08-07
6869,シスメックス,電気機器,1651.5,29.004215,2.0324402,2.42,7.29,9994.8,1586.2,1466.8,60.7,中立,2,,,2026-08-07
6870,日本フェンオール,電気機器,2210.0,9.937943,0.7961244,3.53,6.03,123.9,2504.4,2399.1,39.3,中立,0,,,
6871,日本マイクロニクス,電気機器,13710.0,43.966267,7.1832194,0.69,24.23,5314.6,14944.4,14796.4,45.7,中立,0,,,
6874,協立電機,電気機器,2597.0,9.621013,0.95850104,3.47,11.06,209.5,2540.1,2588.6,59.2,中立,0,,,
6875,メガチップス,電気機器,11100.0,19.19917,0.89879465,2.34,6.13,1563.2,9802.8,10681.2,66.5,中立,3,,,2026-08-06
6877,ＯＢＡＲＡ　ＧＲＯＵＰ,電気機器,5810.0,13.151342,1.1983817,2.58,10.75,837.5,5912.4,5980.0,47.7,中立,2,,,2026-08-06
6882,三社電機製作所,電気機器,1191.0,41.527195,0.6395088,5.04,2.28,158.5,1159.6,1245.8,51.8,中立,0,,,
6888,アクモス,情報・通信業,478.0,13.449634,1.4118662,5.23,8.93,47.6,476.6,493.6,47.3,中立,3,,,2026-08-04
6890,フェローテック,電気機器,8660.0,31.357496,1.5618963,1.73,5.38,4658.3,8294.8,8599.3,51.6,中立,1,,,2026-08-05
6894,パルステック工業,電気機器,2140.0,10.244136,0.7304512,4.21,7.45,29.3,2135.6,2142.1,50.7,中立,1,,,2026-08-05
6897,ツインバード,電気機器,678.0,,0.8677245,1.92,0.81,72.3,681.8,518.5,62.6,中立,0,,,
6898,トミタ電機,電気機器,3600.0,23.709167,0.7331561,,0.94,29.4,3695.6,3765.3,45.3,中立,0,,,
6899,ＡＳＴＩ,電気機器,2431.0,10.663217,0.30407012,3.29,2.88,76.0,2374.9,2316.1,60.3,中立,1,,,2026-08-07
6902,デンソー,輸送用機器,1929.5,7.4801316,0.9461056,3.84,9.2,48375.3,1982.1,1919.1,45.9,中立,0,,,
6904,原田工業,電気機器,449.0,21.881092,0.6927729,2.23,3.2,95.0,449.4,450.5,50.5,中立,0,,,
6905,コーセル,電気機器,1330.0,,1.048838,4.51,-6.31,547.1,1315.4,1369.2,50.3,中立,0,,,
6907,ジオマテック,電気機器,650.0,8.050532,0.48852125,,0.22,51.4,657.4,726.7,47.4,中立,2,,,2026-08-07
6908,イリソ電子工業,電気機器,2780.0,16.500475,0.7840516,3.6,4.25,593.5,2824.2,3074.2,42.5,中立,0,,,
6912,菊水ホールディングス,電気機器,2298.0,11.885182,1.2194262,2.57,12.63,191.4,2050.3,2129.9,61.2,中立,0,,,
6914,オプテックスグループ,電気機器,3585.0,19.50808,2.2227554,2.12,13.08,1277.5,3669.0,3820.4,45.8,中立,0,,,
6915,千代田インテグレ,電気機器,3270.0,12.006609,0.7575786,4.89,9.1,275.1,3278.2,3185.5,50.7,中立,2,,,2026-08-07
6918,アバールデータ,電気機器,3225.0,33.897415,2.0375698,3.29,6.9,187.5,3198.2,3266.2,50.9,中立,1,,,2026-08-07
6919,ケル,電気機器,1416.0,48.945732,0.6731935,5.65,1.38,103.0,1387.0,1376.8,60.8,中立,2,,,2026-08-07
6920,レーザーテック,電気機器,37460.0,38.768032,14.890215,1.13,33.93,33575.6,42770.4,43677.8,42.5,中立,3,,,2026-08-06
6923,スタンレー電気,電気機器,3545.0,14.741351,0.94545764,3.16,7.18,4364.3,3522.9,3466.0,52.2,中立,0,,,
6925,ウシオ電機,電気機器,3982.0,41.933445,1.6025982,1.76,6.69,3159.6,4099.6,4010.4,47.7,中立,1,,,2026-08-04
6926,岡谷電機産業,電気機器,186.0,,0.70291865,,-24.97,41.6,186.5,189.7,48.1,中立,1,,,2026-08-06
6927,ヘリオス　テクノ　ホールディング,電気機器,945.0,10.482529,1.081274,6.24,11.59,171.5,939.1,977.3,52.0,中立,1,,,2026-08-04
6928,エノモト,電気機器,2567.0,13.41661,0.72924685,3.0,5.46,169.4,2632.0,3158.3,44.4,中立,0,,,
6929,日本セラミック,電気機器,3765.0,11.601393,1.7721434,4.38,15.27,779.5,3749.2,3821.7,49.4,中立,3,,,2026-08-07
6932,遠藤照明,電気機器,2659.0,9.537644,0.7746583,3.61,9.15,392.7,2529.6,2490.0,60.3,中立,1,,,2026-08-07
6941,山一電機,電気機器,8100.0,16.466427,3.2118297,2.07,24.01,1495.0,8845.6,9438.9,44.2,中立,3,,,2026-08-05
6942,ソフィアホールディングス,情報・通信業,1380.0,,2.1334553,,-1.13,63.9,1362.0,1323.4,71.1,買われすぎ,0,,,
6943,ＮＫＫスイッチズ,電気機器,5540.0,15.583685,0.3348192,1.81,2.22,45.6,5006.6,4953.3,90.9,買われすぎ,2,,,2026-08-06
6946,日本アビオニクス,電気機器,5700.0,22.48166,4.9350476,0.26,29.25,843.0,5188.4,5537.2,57.3,中立,0,,,
6947,図研,電気機器,4860.0,19.19583,2.4814847,3.09,15.01,1024.3,4720.2,4623.6,57.8,中立,1,,,2026-08-05
6951,日本電子,電気機器,8301.0,19.189957,2.790044,1.59,15.7,4042.7,8019.6,7217.7,55.6,中立,0,,,
6952,カシオ計算機,電気機器,2201.5,27.491259,2.0686939,2.04,10.54,4828.0,1897.5,1802.2,66.8,中立,0,,,
6954,ファナック,電気機器,6535.0,36.55944,3.2700343,1.64,10.05,60981.9,6778.9,7204.6,46.3,中立,1,,,2026-08-05
6955,ＦＤＫ,電気機器,410.0,18.963923,0.7293751,,4.87,141.5,415.6,451.9,45.4,中立,0,,,
6958,日本シイエムケイ,電気機器,703.0,12.449088,0.60030514,3.98,4.94,501.2,642.0,673.2,59.7,中立,4,,,2026-08-05
6960,フクダ電子,電気機器,11820.0,17.28702,1.6913905,1.35,10.47,3193.3,11523.2,11078.4,57.6,中立,0,,,
6961,エンプラス,電気機器,10180.0,17.515486,1.4299376,0.88,11.22,919.4,12075.6,13177.2,38.9,中立,0,,,
6962,大真空,電気機器,772.0,58.30816,0.6292322,3.63,1.33,245.5,785.6,859.2,46.4,中立,0,,,
6963,ローム,電気機器,4571.0,,2.3280344,1.09,,17645.7,4862.2,4740.0,46.6,中立,3,,,2026-08-05
6964,サンコー,電気機器,699.0,10.247765,0.37986445,2.86,3.79,62.0,684.5,679.4,62.1,中立,2,,,2026-08-07
6965,浜松ホトニクス,電気機器,2322.5,50.93202,2.1043198,1.64,4.27,6714.1,2400.5,2483.4,45.2,中立,2,,,2026-08-06
6966,三井ハイテック,電気機器,954.0,55.43289,1.4825958,1.99,6.08,1743.4,937.6,874.6,53.0,中立,0,,,
6969,松尾電機,電気機器,1127.0,9.703806,1.2705306,1.33,-15.67,43.2,1123.4,1473.1,45.8,中立,0,,,
6971,京セラ,電気機器,3792.0,36.94466,1.495799,1.48,5.06,48805.2,3705.2,3409.8,55.0,中立,1,,,2026-08-06
6976,太陽誘電,電気機器,9699.0,90.35774,3.521554,0.93,4.46,12138.0,12329.0,12576.6,39.3,デッドクロス,3,,,2026-08-05
6977,日本抵抗器製作所,電気機器,1560.0,,1.6524286,1.92,-15.85,19.3,1550.4,1299.5,53.2,中立,1,,,2026-08-06
6981,村田製作所,電気機器,7263.0,56.902225,4.7921233,0.96,10.06,132207.6,8299.6,8270.2,42.3,中立,1,,,2026-08-07
6982,リード,輸送用機器,584.0,,0.5944801,2.05,-2.68,15.1,603.2,595.0,40.2,中立,1,,,2026-08-07
6986,双葉電子工業,電気機器,637.0,10.705882,0.32244644,2.83,2.78,270.2,590.1,620.1,67.1,中立,3,,,2026-08-07
6988,日東電工,化学,3517.0,17.841019,2.0364158,1.82,12.55,23360.7,3324.4,3180.8,64.3,中立,1,,,2026-08-06
6989,北陸電気工業,電気機器,2310.0,9.125746,0.7019877,4.11,8.19,181.2,2506.4,2494.5,38.7,中立,1,,,2026-08-07
6993,大黒屋ホールディングス,小売業,103.0,,14.246197,,-63.32,764.2,88.3,95.9,63.0,中立,2,,,2026-08-07
6994,指月電機製作所,電気機器,1114.0,14.124508,1.1085503,2.51,8.11,281.3,1087.8,1146.2,50.6,中立,3,,,2026-08-05
6995,東海理化電機製作所,輸送用機器,3030.0,8.748376,0.738681,3.96,8.71,2627.3,3112.2,2981.2,45.1,中立,0,,,
6996,ニチコン,電気機器,2891.0,30.75532,1.6233338,1.38,6.69,1941.6,3180.9,3393.7,42.2,中立,1,,,2026-08-05
6997,日本ケミコン,電気機器,3160.0,46.003784,1.2181804,0.79,4.06,865.2,3527.2,3887.0,42.6,中立,1,,,2026-08-07
6998,日本タングステン,電気機器,3120.0,56.216217,1.1357366,1.92,2.08,151.5,2026.2,2044.3,84.5,買われすぎ,2,,,2026-08-05
6999,ＫＯＡ,電気機器,2430.0,22.836199,0.99164444,2.59,6.11,902.4,2463.9,2463.1,48.5,中立,0,,,
7003,三井Ｅ＆Ｓ,機械,4202.0,11.02945,1.8936775,1.43,19.45,4240.6,4603.8,4682.8,42.4,中立,3,,,2026-08-03
7004,カナデビア,機械,1243.0,18.787786,1.0624949,3.06,,2091.1,1226.5,1286.9,51.9,中立,2,,,2026-08-06
7011,三菱重工業,機械,4044.0,57.796196,4.4001527,0.74,14.75,135886.9,3867.1,3961.2,59.2,中立,2,,,2026-08-04
7012,川崎重工業,輸送用機器,2778.5,21.47716,2.6447423,1.44,13.73,24261.8,2768.3,2947.5,48.8,中立,2,,,2026-08-07
7013,ＩＨＩ,機械,2744.5,18.058298,4.4609337,0.84,33.44,29096.1,2814.7,2777.3,48.1,中立,2,,,2026-08-05
7014,名村造船所,輸送用機器,4330.0,14.04704,2.195972,1.39,17.9,3011.3,4092.6,3915.0,58.0,中立,1,,,2026-08-06
7018,内海造船,輸送用機器,11280.0,8.312086,1.4155377,0.35,18.87,191.2,10465.6,10320.7,60.8,中立,1,,,2026-08-06
7021,ニッチツ,機械,2045.0,20.652393,0.32809398,1.47,1.65,40.2,1923.2,1929.6,66.4,中立,1,,,2026-08-07
7022,サノヤスホールディングス,機械,312.0,7.2982454,0.84737474,2.4,14.94,104.3,298.4,284.0,60.1,中立,2,,,2026-08-07
7030,スプリックス,サービス業,1150.0,12.091263,1.8593371,3.3,16.11,203.0,1073.3,1159.1,60.1,中立,2,,,2026-08-07
7031,インバウンドテック,サービス業,718.0,,1.2295489,,-12.75,19.9,701.3,660.1,55.0,中立,0,,,
7033,マネジメントソリューションズ,サービス業,1439.0,12.860846,3.7567878,3.47,,226.8,1387.2,1358.4,59.8,中立,1,,,2026-08-06
7034,プロレド・パートナーズ,サービス業,369.0,15.147783,0.6669173,,15.97,40.3,361.5,375.6,51.4,中立,0,,,
7035,ａｎｄ　ｆａｃｔｏｒｙ,サービス業,252.0,,3.311476,,,28.4,246.7,238.2,63.1,中立,0,,,
7036,イーエムネットジャパン,サービス業,640.0,,3.187632,5.31,-42.42,24.8,640.5,683.2,48.5,中立,2,,,2026-08-05
7037,テノ．ホールディングス,サービス業,865.0,35.966736,2.1246338,2.31,9.22,39.5,851.8,877.4,52.5,中立,0,,,
7038,フロンティア・マネジメント,サービス業,554.0,,3.9218464,,-10.76,65.1,556.1,574.9,42.0,中立,0,,,
7039,ブリッジインターナショナルグループ,サービス業,1719.0,11.520675,1.3753816,5.53,12.23,62.0,1725.0,1684.0,51.9,中立,0,,,
7040,サン・ライフホールディング,サービス業,971.0,9.591071,0.8609301,3.5,9.16,59.5,972.6,976.6,48.2,中立,1,,,2026-08-07
7041,ＣＲＧホールディングス,サービス業,342.0,49.421967,0.6443845,5.26,1.27,19.1,353.6,305.3,52.3,中立,0,,,
7042,アクセスグループ・ホールディングス,サービス業,686.0,13.698083,1.6022197,3.21,12.19,23.7,657.8,621.1,63.7,中立,1,,,2026-08-05
7043,アルー,サービス業,880.0,9.355731,1.7220091,1.25,24.13,22.4,894.6,905.1,43.4,中立,2,,,2026-08-07
7044,ピアラ,サービス業,498.0,17.907228,5.5699716,,14.09,35.7,483.9,513.6,53.8,中立,0,,,
7046,ＴＤＳＥ,サービス業,1300.0,15.576324,1.1462116,0.77,8.28,27.2,1309.9,1307.7,49.8,中立,0,,,
7047,ポート,サービス業,2593.0,12.758315,3.2244465,0.5,8.58,340.1,2502.1,2338.1,59.9,中立,1,,,2026-08-04
7048,ベルトラ,サービス業,156.0,40.837696,2.157796,,3.01,57.1,164.1,154.9,45.6,中立,0,,,
7049,識学,サービス業,857.0,25.475624,2.3083181,,42.13,72.1,862.6,826.6,52.7,中立,2,,,2026-08-06
7050,フロンティアインターナショナル,サービス業,1325.0,9.476469,1.1978992,5.51,14.46,118.7,1363.4,1375.7,42.4,中立,0,,,
7057,エヌ・シー・エヌ,サービス業,959.0,19.700083,1.3500007,3.44,7.03,28.6,926.4,914.1,64.7,中立,0,,,
7058,共栄セキュリティーサービス,サービス業,2999.0,6.7712803,0.86522835,4.0,13.47,43.4,3029.9,2954.8,49.3,中立,0,,,
7059,コプロ・ホールディングス,サービス業,806.0,10.794161,3.112582,5.58,31.44,308.9,802.6,791.0,53.2,中立,0,,,
7060,ギークス,サービス業,591.0,9.416826,1.9666764,5.75,21.88,60.0,606.7,582.2,40.7,中立,3,,,2026-08-07
7061,日本ホスピスホールディングス,サービス業,573.0,17.42171,1.3583124,4.36,8.61,48.4,572.8,614.8,51.8,中立,0,,,
7062,フレアス,サービス業,811.0,4.133959,0.9713145,1.3,27.27,21.2,785.4,787.1,61.3,中立,0,,,
7063,Ｂｉｒｄｍａｎ,サービス業,104.0,,1.3832731,,-182.55,35.1,93.6,93.2,56.4,中立,4,,,2026-08-07
7064,ハウテレビジョン,サービス業,860.0,24.599543,1.5274742,,12.17,23.4,859.7,849.6,51.5,中立,0,,,
7065,ユーピーアール,サービス業,1006.0,10.893341,0.79907227,3.68,7.67,77.1,1019.6,997.2,50.5,中立,0,,,
7066,ピアズ,サービス業,468.0,10.444097,1.487504,2.88,15.06,42.1,437.9,430.2,65.0,中立,0,,,
7067,ブランディングテクノロジー,サービス業,1060.0,37.72242,1.346827,0.94,3.58,16.8,998.6,978.9,75.1,買われすぎ,3,,,2026-08-07
7068,フィードフォースグループ,サービス業,557.0,9.410374,3.5163252,3.59,40.67,132.9,549.5,507.2,60.3,中立,0,,,
7069,サイバー・バズ,サービス業,639.0,8.829625,4.8874884,,78.47,52.1,675.6,582.8,46.7,中立,0,,,
7071,アンビスホールディングス,サービス業,394.0,13.410483,1.0188539,1.02,7.85,386.5,375.1,365.3,60.7,中立,0,,,
7072,インティメート・マージャー,サービス業,1103.0,19.967415,2.1004722,,16.64,34.7,1035.6,983.3,59.1,中立,0,,,
7073,ジェイック,サービス業,2221.0,16.387516,2.1381302,2.48,17.53,20.6,2418.8,2293.1,31.7,中立,0,,,
7074,トゥエンティーフォーセブンホールディングス,サービス業,194.0,,31.657965,,-177.12,16.5,183.0,179.0,58.5,中立,0,,,
7075,ＱＬＳホールディングス,サービス業,853.0,12.505498,3.079923,1.29,28.85,63.9,817.8,793.5,72.0,買われすぎ,2,,,2026-08-05
7077,ＡＬｉＮＫインターネット,サービス業,1013.0,,1.3111181,,-16.38,18.3,1013.3,996.7,52.6,中立,0,,,
7078,ＩＮＣＬＵＳＩＶＥ　Ｈｏｌｄｉｎｇｓ,サービス業,337.0,,2.096371,,-11.35,33.9,346.1,364.0,41.9,中立,0,,,
7079,ＷＤＢココ,サービス業,2606.0,9.222168,1.3105488,3.84,14.96,62.7,2595.9,2583.4,52.2,中立,2,,,2026-08-07
7080,スポーツフィールド,サービス業,824.0,7.805248,2.275935,2.79,35.8,60.5,817.2,822.0,52.5,中立,0,,,
7081,コーユーレンティア,サービス業,1310.0,7.651422,1.1409371,2.82,17.7,145.7,1320.4,1308.0,46.2,中立,3,,,2026-08-06
7082,ジモティー,サービス業,1405.0,29.411764,7.5315733,,32.63,137.1,1405.0,1296.8,65.7,中立,2,,,2026-08-06
7083,ＡＨＣグループ,サービス業,1021.0,243.67542,1.8013759,1.18,0.67,21.1,1033.4,877.0,51.8,中立,0,,,
7084,Ｓｍｉｌｅ　Ｈｏｌｄｉｎｇｓ,サービス業,2748.0,40.23426,1.4322765,3.82,3.48,88.1,2753.4,2656.5,54.9,中立,0,,,
7085,カーブスホールディングス,サービス業,938.0,19.509151,3.608303,2.13,22.44,863.8,942.4,886.4,50.9,中立,1,,,2026-08-03
7087,ウイルテック,サービス業,1350.0,9.687141,0.9839356,3.19,10.71,85.4,1349.8,1314.9,54.3,中立,0,,,
7089,フォースタートアップス,サービス業,1572.0,12.668225,3.6872673,,25.48,101.4,1590.3,1512.4,47.2,中立,2,,,2026-08-06
7090,リグア,サービス業,801.0,,7.2396965,,-97.37,12.7,791.7,857.2,47.6,中立,2,,,2026-08-06
7091,リビングプラットフォーム,サービス業,1200.0,13.5455475,2.1578543,0.42,17.42,53.8,1213.4,1218.0,46.1,中立,0,,,
7093,アディッシュ,サービス業,546.0,,2.1080186,,3.21,11.5,520.6,514.7,64.7,中立,0,,,
7094,ＮｅｘＴｏｎｅ,サービス業,1737.0,21.439152,3.0495353,1.27,12.01,169.7,1466.6,1401.3,74.9,買われすぎ,3,,,2026-08-07
7095,Ｍａｃｂｅｅ　Ｐｌａｎｅｔ,サービス業,1229.0,7.251165,1.2136474,4.48,18.89,153.1,1170.9,1170.7,63.3,ゴールデンクロス,0,,,
7096,ステムセル研究所,サービス業,738.0,47.92208,2.771134,,4.59,74.3,741.0,709.4,54.4,中立,2,,,2026-08-06
7097,さくらさくプラス,サービス業,2716.0,15.99058,1.8537314,1.03,10.81,118.1,2905.2,2928.2,29.4,売られすぎ,0,,,
7102,日本車輌製造,輸送用機器,3470.0,4.2937045,0.59296227,1.44,17.3,500.7,3522.6,3407.9,49.7,中立,0,,,
7110,クラシコム,小売業,2016.0,15.676516,2.5282643,2.38,19.19,148.6,1995.7,1974.5,58.0,中立,0,,,
7111,ＩＮＥＳＴ,卸売業,481.0,83.21799,0.68695736,,3.64,35.1,474.5,458.0,52.4,中立,0,,,
7112,キューブ,小売業,717.0,126.67845,4.0302863,,,43.9,704.6,734.7,59.4,中立,1,,,2026-08-05
7114,フーディソン,卸売業,781.0,24.08264,1.4760524,,6.28,34.8,756.2,772.6,59.5,中立,0,,,
7115,アルファパーチェス,卸売業,1650.0,16.16221,2.422879,2.24,16.26,162.0,1647.2,1577.2,56.3,中立,0,,,
7119,ハルメクホールディングス,小売業,1711.0,18.16927,2.125223,2.34,12.3,189.0,1685.8,1612.1,66.8,中立,0,,,
7120,ＳＨＩＮＫＯ,卸売業,1024.0,7.1329064,2.1191351,4.3,33.56,48.2,1060.8,1008.9,42.5,中立,1,,,2026-08-07
7122,近畿車輛,輸送用機器,2335.0,10.230011,0.44682297,2.14,4.51,160.6,2353.2,2345.1,47.3,中立,1,,,2026-08-06
7126,グローバルスタイル,小売業,1410.0,10.645527,1.4515746,6.67,16.72,47.8,1467.8,1476.9,33.0,中立,0,,,
7127,一家ホールディングス,小売業,703.0,65.63959,5.1228237,,8.36,51.7,702.1,691.6,59.0,中立,2,,,2026-08-07
7128,ユニソルホールディングス,卸売業,3035.0,38.06597,1.0138217,3.33,2.84,729.8,2645.9,2259.7,86.9,買われすぎ,0,,,
7129,ミアヘルサホールディングス,小売業,1150.0,16.050243,0.8235386,2.61,,32.2,1152.3,1139.1,50.2,中立,0,,,
7130,ヤマエグループホールディングス,卸売業,2873.0,7.1967134,0.72399986,2.78,15.22,798.8,2953.9,2910.7,45.5,中立,3,,,2026-08-05
7131,のむら産業,卸売業,3590.0,6.695138,1.8242825,2.67,30.8,47.5,3627.0,3653.7,50.7,中立,1,,,2026-08-07
7133,ＨＹＵＧＡ　ＰＲＩＭＡＲＹ　ＣＡＲＥ,小売業,1230.0,17.491468,3.2120838,1.63,19.64,87.7,1201.6,1086.9,63.2,中立,0,,,
7134,アップガレージグループ,小売業,1421.0,14.397163,2.2428887,2.99,18.31,112.6,1374.5,1232.3,59.6,中立,3,,,2026-08-05
7135,ジャパンクラフトホールディングス,小売業,219.0,,2.1994798,1.37,-7.72,81.7,219.3,214.6,51.3,中立,0,,,
7138,ＴＯＲＩＣＯ,小売業,122.0,,1.1650783,,-29.86,19.5,134.7,151.5,43.2,中立,2,,,2026-08-05
7140,ペットゴー,小売業,805.0,,1.502732,,-22.61,17.9,804.2,824.5,47.6,中立,0,,,
7148,ＦＰＧ,証券、商品先物取引業,1614.0,8.760312,2.2529187,5.74,29.49,1351.5,1601.2,1550.6,52.2,中立,0,,,
7150,島根銀行,銀行業,479.0,28.110327,0.35781062,2.09,-4.81,39.4,482.7,489.9,47.7,中立,0,,,
7157,ライフネット生命保険,保険業,1704.0,17.019575,1.4320074,,8.57,1369.0,1680.8,1737.5,54.1,中立,0,,,
7161,じもとホールディングス,銀行業,520.0,5.7809896,0.15861134,0.96,3.03,138.9,512.0,505.1,53.0,中立,1,,,2026-08-07
7162,アストマックス,電気・ガス業,263.0,1.7466958,0.45684308,2.66,30.04,34.6,262.5,280.8,49.7,中立,0,,,
7164,全国保証,その他金融業,3098.0,12.7144375,1.6790081,3.97,14.05,4116.1,3103.2,3027.7,52.3,中立,3,,,2026-08-05
7167,めぶきフィナンシャルグループ,銀行業,1580.0,17.74284,1.3766952,2.78,8.24,14829.1,1520.9,1413.9,59.6,中立,4,,,2026-08-05
7172,ジャパンインベストメントアドバイザー,証券、商品先物取引業,2009.0,9.940623,1.5151024,5.38,14.88,1247.6,2084.0,2028.4,42.1,中立,0,,,
7173,東京きらぼしフィナンシャルグループ,銀行業,1725.0,13.442954,0.14296514,1.74,11.55,4937.9,1738.7,1567.9,51.8,中立,1,,,2026-08-03
7175,今村証券,証券、商品先物取引業,1700.0,8.239628,0.6369603,4.29,11.29,87.0,1584.0,1426.3,62.7,中立,0,,,
7177,ＧＭＯフィナンシャルホールディングス,証券、商品先物取引業,1088.0,11.931132,4.178043,5.31,20.74,1283.7,1061.0,1038.9,58.6,中立,3,,,2026-08-05
7180,九州フィナンシャルグループ,銀行業,1489.5,17.011192,0.82906556,2.55,5.15,6300.0,1532.3,1434.4,46.4,中立,1,,,2026-08-07
7181,かんぽ生命保険,保険業,1788.0,11.726897,0.4664594,2.8,4.57,19375.0,1701.3,1575.9,62.5,中立,3,,,2026-08-07
7182,ゆうちょ銀行,銀行業,3188.0,21.678226,1.2324902,2.92,5.88,113554.9,3263.2,3076.7,48.0,中立,2,,,2026-08-07
7183,あんしん保証,その他金融業,254.0,15.110054,1.6970443,1.18,11.73,44.1,253.8,241.6,56.0,中立,2,,,2026-08-05
7184,富山第一銀行,銀行業,3055.0,12.786707,0.979495,2.45,10.15,1859.0,2893.3,2656.0,58.0,中立,1,,,2026-08-03
7185,ヒロセ通商,証券、商品先物取引業,3895.0,11.650863,1.0746013,1.0,10.95,239.7,3893.6,3811.1,56.9,中立,0,,,
7186,横浜フィナンシャルグループ,銀行業,1839.0,19.572159,1.4559948,2.61,,20440.1,1881.9,1713.3,49.2,中立,2,,,2026-08-05
7187,ジェイリース,その他金融業,1337.0,9.690513,3.22766,4.49,37.14,238.4,1357.8,1329.9,45.9,中立,2,,,2026-08-07
7189,西日本フィナンシャルホールディングス,銀行業,4532.0,0.01573513,0.98603344,3.09,7.81,6312.3,4351.4,4154.0,59.7,中立,1,,,2026-08-03
7191,イントラスト,その他金融業,1135.0,14.586815,3.1347358,4.41,23.91,253.9,1108.6,1095.2,59.9,中立,0,,,
7192,日本モーゲージサービス,その他金融業,635.0,8.567188,0.9783861,4.72,12.04,93.4,595.5,596.6,74.4,買われすぎ,2,,,2026-08-07
7196,Ｃａｓａ,その他金融業,734.0,59.433197,1.0466784,2.72,13.63,66.7,772.7,761.4,21.5,売られすぎ,0,,,
7198,ＳＢＩアルヒ,その他金融業,819.0,20.172415,1.0545685,4.88,15.2,364.1,806.1,811.1,57.4,中立,0,,,
7199,プレミアグループ,その他金融業,2130.0,13.577256,3.2776392,3.0,27.46,826.5,2091.3,1992.7,58.5,中立,1,,,2026-08-03
7201,日産自動車,輸送用機器,340.8,,0.24433154,,-7.65,11915.7,326.4,341.2,55.5,中立,2,,,2026-08-03
7202,いすゞ自動車,輸送用機器,2289.5,11.855324,1.043711,4.11,11.6,15734.3,2342.3,2263.0,47.7,中立,1,,,2026-08-03
7203,トヨタ自動車,輸送用機器,2980.0,8.478917,0.9458528,3.36,12.4,352863.4,2937.7,2924.5,53.0,中立,8,,,2026-08-07
7208,カネミツ,輸送用機器,1282.0,8.824339,0.5239049,3.28,6.17,65.6,1295.5,1206.1,47.6,中立,1,,,2026-08-06
7211,三菱自動車工業,輸送用機器,349.2,46.622166,0.5101512,2.86,2.27,4673.5,360.8,343.3,47.4,中立,1,,,2026-08-03
7212,エフテック,輸送用機器,733.0,2.880044,0.23458844,2.73,7.47,136.1,679.4,680.1,69.3,中立,3,,,2026-08-06
7213,レシップホールディングス,輸送用機器,637.0,8.3464365,0.8977876,4.08,11.17,98.6,619.6,574.1,61.4,中立,3,,,2026-08-07
7214,ＧＭＢ,輸送用機器,1077.0,,0.25172544,5.01,-1.52,57.4,1045.6,977.8,64.8,中立,1,,,2026-08-07
7215,ファルテック,輸送用機器,438.0,,0.21662933,,-3.36,41.1,420.5,417.8,64.9,中立,2,,,2026-08-06
7217,テイン,輸送用機器,426.0,12.540477,0.62067366,4.23,5.2,41.8,424.8,428.4,51.1,中立,1,,,2026-08-07
7218,田中精密工業,輸送用機器,1068.0,8.677988,0.38473496,3.18,7.49,104.2,1035.0,1018.0,58.1,中立,0,,,
7219,エッチ・ケー・エス,輸送用機器,2666.0,9.102393,0.33902556,2.44,4.52,37.7,2495.7,2357.0,64.5,中立,0,,,
7220,武蔵精密工業,輸送用機器,3345.0,172.51161,1.7965751,1.2,2.03,2192.3,3353.4,4780.9,44.5,中立,1,,,2026-08-05
7222,日産車体,輸送用機器,938.0,18.43916,0.6822712,1.92,4.95,1270.5,953.0,969.4,44.8,中立,1,,,2026-08-03
7224,新明和工業,輸送用機器,2019.0,11.604782,1.0693737,2.87,10.59,1335.4,1994.2,2162.2,51.3,中立,0,,,
7226,極東開発工業,輸送用機器,2335.0,24.287498,0.7933924,5.14,3.19,899.1,2307.0,2308.5,57.0,中立,1,,,2026-08-06
7228,デイトナ,輸送用機器,3950.0,8.539802,1.0025347,3.8,13.31,95.9,3833.8,3745.0,67.6,中立,1,,,2026-08-06
7231,トピー工業,輸送用機器,2932.0,6.300092,0.4441967,4.6,6.78,633.8,2877.9,2817.8,57.2,中立,4,,,2026-08-05
7235,東京ラヂエーター製造,輸送用機器,1601.0,7.4530983,0.63344,4.87,8.47,152.4,1532.4,1482.3,65.1,中立,2,,,2026-08-07
7236,ティラド,輸送用機器,1526.0,10.331054,0.16221043,5.37,17.47,863.9,1506.8,1413.2,54.0,中立,3,,,2026-08-03
7238,曙ブレーキ工業,輸送用機器,107.0,31.378298,0.57357585,,4.85,290.4,109.4,115.4,43.5,中立,3,,,2026-08-07
7239,タチエス,輸送用機器,2284.0,8.424935,0.7473646,5.04,10.62,783.9,2196.1,2161.9,62.6,中立,2,,,2026-08-05
7240,ＮＯＫ,輸送用機器,3026.0,10.618289,0.76924175,4.63,7.88,4806.7,2972.6,2919.7,55.7,中立,3,,,2026-08-07
7241,フタバ産業,輸送用機器,1039.0,5.793788,0.6663532,4.43,12.66,927.9,1006.9,986.9,62.6,中立,0,,,
7242,カヤバ,輸送用機器,4545.0,7.1937323,0.7854998,2.38,12.38,1828.5,4310.6,4181.1,66.2,中立,1,,,2026-08-06
7244,市光工業,電気機器,511.0,7.927397,1.5384014,3.52,21.04,491.8,519.0,516.6,45.2,中立,3,,,2026-08-07
7245,大同メタル工業,輸送用機器,1330.0,14.198783,0.7593088,2.71,6.2,616.6,1399.2,1244.0,45.8,中立,3,,,2026-08-07
7246,プレス工業,輸送用機器,948.0,11.04123,0.76941806,5.27,8.86,924.8,843.4,813.2,78.3,買われすぎ,3,,,2026-08-05
7247,ミクニ,輸送用機器,359.0,10.081438,0.30229896,4.18,3.1,120.7,366.8,359.0,45.1,中立,1,,,2026-08-07
7254,ユニバンス,輸送用機器,832.0,18.80226,0.59361154,2.4,3.44,173.6,781.0,758.5,68.3,中立,1,,,2026-08-06
7255,桜井製作所,輸送用機器,525.0,7.4754376,0.35002428,1.33,4.75,16.9,511.7,480.2,55.1,中立,2,,,2026-08-06
7256,河西工業,輸送用機器,430.0,17.717346,0.99485683,,16.63,166.4,427.6,409.3,52.1,中立,0,,,
7259,アイシン,輸送用機器,2258.0,16.395586,0.7450112,3.32,8.43,15840.2,2302.3,2313.8,47.5,中立,1,,,2026-08-06
7261,マツダ,輸送用機器,1168.5,20.997305,0.3842649,4.71,5.88,7372.9,1146.9,1106.7,54.2,中立,3,,,2026-08-06
7264,ムロコーポレーション,輸送用機器,1321.0,11.181649,0.3510193,3.63,3.19,79.8,1358.4,1309.4,41.5,中立,1,,,2026-08-07
7265,エイケン工業,輸送用機器,3855.0,17.421366,1.227465,2.85,7.05,39.5,3827.8,3772.0,57.6,中立,0,,,
7266,今仙電機製作所,輸送用機器,926.0,8.011074,0.3528322,3.46,4.57,196.7,911.6,899.9,58.1,中立,1,,,2026-08-07
7267,本田技研工業,輸送用機器,1683.0,,0.5543648,4.16,-0.76,65512.1,1574.0,1448.5,64.7,中立,2,,,2026-08-05
7269,スズキ,輸送用機器,1956.0,8.593647,1.1157798,2.66,15.32,37736.6,2041.2,1925.3,45.0,中立,2,,,2026-08-05
7270,ＳＵＢＡＲＵ,輸送用機器,2567.5,20.458168,0.66064507,4.52,3.12,18090.0,2581.2,2493.5,49.5,中立,5,,,2026-08-07
7271,安永,輸送用機器,794.0,4.3708024,0.5570507,6.8,14.35,81.8,965.7,1065.3,27.5,売られすぎ,1,,,2026-08-06
7272,ヤマハ発動機,輸送用機器,1842.5,8.250123,1.4291488,2.71,7.72,17885.7,1367.1,1244.7,82.3,買われすぎ,4,,,2026-08-04
7273,イクヨ,輸送用機器,610.0,6.4748964,1.3372296,0.49,26.76,178.5,615.2,630.0,45.8,中立,5,,,2026-08-07
7276,小糸製作所,電気機器,2696.0,44.73204,1.1324509,2.23,3.81,7074.5,2581.1,2661.2,58.8,中立,1,,,2026-08-03
7277,ＴＢＫ,輸送用機器,340.0,,0.34442866,2.35,0.0,108.0,329.2,332.8,64.9,中立,1,,,2026-08-06
7278,エクセディ,輸送用機器,5980.0,19.673641,1.1345667,5.85,8.32,2162.9,5983.2,5953.9,50.8,中立,1,,,2026-08-03
7279,ハイレックスコーポレーション,輸送用機器,2498.0,11.108147,0.4346418,2.12,20.3,923.4,2237.0,2357.6,65.7,中立,4,,,2026-08-07
7280,ミツバ,電気機器,1183.0,4.925267,0.45397627,2.54,,544.0,1179.1,1176.5,51.5,中立,2,,,2026-08-05
7282,豊田合成,輸送用機器,5165.0,10.466483,1.0416483,1.99,12.04,6056.1,5123.4,4851.8,52.1,中立,0,,,
7283,愛三工業,輸送用機器,2249.0,Infinity,0.88454264,3.73,10.49,1288.7,2321.2,1990.7,50.7,中立,0,,,
7284,盟和産業,輸送用機器,1172.0,52.840397,0.3387292,4.27,0.64,41.0,1198.2,1241.7,41.8,中立,1,,,2026-08-05
7287,日本精機,輸送用機器,2599.0,18.182453,0.64501476,3.46,3.84,1493.8,2442.5,2524.7,61.2,中立,2,,,2026-08-07
7291,日本プラスト,輸送用機器,445.0,4.1890235,0.2240122,5.62,5.59,83.8,474.3,458.7,34.1,中立,2,,,2026-08-07
7292,村上開明堂,輸送用機器,6510.0,12.397639,0.7951113,3.69,7.6,754.2,6667.6,6712.9,43.4,中立,1,,,2026-08-06
7294,ヨロズ,輸送用機器,891.0,9.98655,0.33580315,3.7,3.92,183.5,881.8,867.4,54.6,中立,1,,,2026-08-07
7296,エフ・シー・シー,輸送用機器,4155.0,10.729503,0.981616,4.33,10.19,2012.5,3647.2,3484.7,78.5,買われすぎ,2,,,2026-08-04
7297,カーメイト,輸送用機器,864.0,21.67043,0.39712343,3.47,2.15,60.9,871.7,861.2,46.7,中立,0,,,
7299,フジオーゼックス,輸送用機器,1832.0,8.602959,0.5536978,2.95,7.06,180.1,1819.1,1750.0,53.2,中立,1,,,2026-08-07
7305,新家工業,鉄鋼,2624.0,16.45038,0.7270194,7.62,4.67,250.2,2615.5,2539.9,52.8,中立,1,,,2026-08-07
7309,シマノ,輸送用機器,19910.0,29.7555,1.9358673,1.82,6.85,16921.7,18643.4,17258.0,62.9,中立,1,,,2026-08-03
7313,テイ・エス　テック,輸送用機器,1821.5,30.212307,0.6859093,5.05,2.96,2125.4,1787.1,1772.3,56.1,中立,1,,,2026-08-07
7314,小田原機器,輸送用機器,1283.0,42.259552,1.0166128,3.12,1.6,40.5,1260.6,1196.5,56.5,中立,2,,,2026-08-07
7318,セレンディップ・ホールディングス,輸送用機器,1947.0,8.531241,2.6166506,,34.07,353.9,2021.9,2123.5,45.8,中立,2,,,2026-08-07
7320,Ｓｏｌｖｖｙ,その他金融業,1515.0,,3.4341593,0.66,-9.03,161.5,1476.4,1530.6,56.3,中立,0,,,
7322,三十三フィナンシャルグループ,銀行業,1901.0,16.020563,0.84826577,2.31,5.38,1978.2,1877.0,1738.3,53.4,中立,1,,,2026-08-05
7325,アイリックコーポレーション,保険業,709.0,13.198064,1.527326,4.51,11.77,58.0,689.6,721.2,59.5,中立,0,,,
7326,ＳＢＩインシュアランスグループ,保険業,2147.0,18.507025,1.1111214,2.75,45.28,532.9,2100.9,2143.6,55.9,中立,1,,,2026-08-06
7327,第四北越フィナンシャルグループ,銀行業,2372.0,14.7650175,1.0429652,3.37,8.62,6225.2,2300.2,2128.5,59.7,中立,1,,,2026-08-06
7337,ひろぎんホールディングス,銀行業,2268.0,15.561959,1.190465,3.09,8.19,6739.8,2232.4,2083.5,56.8,中立,2,,,2026-08-04
7343,ブロードマインド,保険業,1240.0,17.96841,1.7572376,5.65,9.65,71.2,1215.4,1191.6,59.9,中立,0,,,
7345,アイ・パートナーズフィナンシャル,その他金融業,963.0,35.825893,4.4141912,0.42,13.35,31.8,962.9,982.9,50.2,中立,0,,,
7347,マーキュリアホールディングス,証券、商品先物取引業,780.0,Infinity,0.8720911,2.82,9.75,150.9,776.4,759.3,56.6,中立,0,,,
7350,おきなわフィナンシャルグループ,銀行業,7610.0,14.388082,1.0008992,2.63,7.16,1624.5,7146.8,6440.0,64.8,中立,0,,,
7351,グッドパッチ,サービス業,433.0,9.688969,0.8587215,2.31,7.66,37.8,445.6,458.0,36.5,中立,0,,,
7352,ＴＷＯＳＴＯＮＥ＆Ｓｏｎｓ,サービス業,348.0,62.032085,4.1351285,0.29,,154.3,365.0,374.5,48.2,中立,0,,,
7353,ＫＩＹＯラーニング,サービス業,549.0,12.84511,2.646102,,26.84,37.7,562.3,565.9,36.4,中立,0,,,
7354,ダイレクトマーケティングミックス,サービス業,349.0,12.147581,1.0889372,2.72,9.39,159.0,344.0,314.1,61.3,中立,0,,,
7356,Ｒｅｔｔｙ,サービス業,116.0,331.4286,5.0075545,,1.3,17.3,118.4,122.6,46.0,中立,0,,,
7357,ジオコード,サービス業,1672.0,,4.293311,1.5,-0.59,46.8,1675.6,1590.4,52.3,中立,0,,,
7358,ポピンズ,サービス業,1467.0,12.685922,1.5390038,3.2,11.04,143.3,1481.3,1424.8,49.6,中立,4,,,2026-08-07
7359,東京通信グループ,サービス業,223.0,9.780702,2.804749,,84.38,22.5,223.6,229.7,49.3,中立,0,,,
7360,オンデック,サービス業,635.0,,1.8837643,,-14.67,16.6,647.7,657.7,48.4,中立,0,,,
7361,ヒューマンクリエイションホールディングス,サービス業,1196.0,15.705843,2.4852362,3.76,16.98,37.2,1193.2,1178.3,53.4,中立,0,,,
7362,Ｔ．Ｓ．Ｉ,サービス業,883.0,16.345798,0.94491863,1.13,8.46,13.4,864.1,840.2,56.1,中立,0,,,
7363,ベビーカレンダー,サービス業,1195.0,24.268887,1.3559853,,7.33,10.6,1122.3,1131.3,58.9,中立,0,,,
7366,ＬＩＴＡＬＩＣＯ,サービス業,1774.0,21.422535,4.2877374,0.85,26.49,604.8,1649.2,1540.0,68.9,中立,2,,,2026-08-03
7367,セルム,サービス業,335.0,12.651057,2.3312294,4.63,19.62,71.1,337.7,331.3,49.4,中立,0,,,
7368,表示灯,サービス業,1678.0,9.848574,0.9293016,3.81,9.81,79.2,1682.5,1677.8,51.3,中立,0,,,
7369,メイホーホールディングス,サービス業,364.0,22.033897,0.7026186,,4.67,17.1,357.0,422.3,47.5,中立,0,,,
7370,Ｅｎｊｉｎ,サービス業,702.0,19.603462,1.0876184,5.7,5.61,47.5,713.8,734.7,38.8,中立,1,,,2026-08-03
7371,Ｚｅｎｋｅｎ,サービス業,754.0,25.370121,0.72504526,3.45,3.36,91.8,730.0,701.5,62.7,中立,0,,,
7372,デコルテ・ホールディングス,サービス業,394.0,7.604709,0.38922653,,5.23,20.3,381.4,375.2,62.5,中立,0,,,
7373,アイドマ・ホールディングス,サービス業,912.0,7.3229485,1.7497108,3.29,21.05,135.6,1042.0,1144.2,23.2,売られすぎ,0,,,
7374,コンフィデンス・インターワークス,サービス業,1524.0,11.856232,1.5104333,5.91,13.21,95.3,1532.1,1527.3,45.0,中立,0,,,
7375,リファインバースグループ,サービス業,1136.0,26.548258,8.250896,,61.45,38.0,1191.4,1466.7,42.4,中立,0,,,
7376,ＢＣＣ,サービス業,1099.0,,1.4541538,,-16.95,46.6,1060.5,1089.7,51.6,中立,1,,,2026-08-05
7377,ＤＮホールディングス,サービス業,1736.0,10.708778,0.865073,4.32,12.04,142.5,1749.8,1771.0,42.5,中立,7,,,2026-08-07
7378,アシロ,サービス業,1500.0,12.725884,3.7493064,2.69,29.05,105.4,1564.2,1594.3,46.4,中立,0,,,
7380,十六フィナンシャルグループ,銀行業,2416.0,15.770235,0.8274894,2.32,6.1,4278.9,2452.1,2243.5,50.9,中立,1,,,2026-08-04
7381,ＣＣＩグループ,銀行業,1214.0,21.674702,1.0176078,2.47,5.69,2683.4,1114.1,1037.5,64.8,中立,1,,,2026-08-07
7383,ネットプロテクションズホールディングス,その他金融業,452.0,25.91743,2.1392703,,8.55,449.8,411.7,391.7,68.2,中立,0,,,
7384,プロクレアホールディングス,銀行業,4315.0,32.28824,0.75066686,2.32,2.44,1221.8,4127.4,3797.9,59.7,中立,1,,,2026-08-05
7388,ＦＰパートナー,保険業,2160.0,28.962187,4.503706,4.35,15.51,498.4,2187.2,2161.9,49.5,中立,1,,,2026-08-05
7389,あいちフィナンシャルグループ,銀行業,1622.0,18.226767,0.91726774,1.85,5.56,3953.4,1654.3,1497.8,48.9,中立,0,,,
7399,ナンシン,輸送用機器,603.0,17.327587,0.3321163,3.32,1.94,38.6,596.4,583.4,61.7,中立,1,,,2026-08-07
7409,ＡｅｒｏＥｄｇｅ,輸送用機器,1615.0,41.51671,9.659784,,22.81,383.9,1580.3,1794.9,51.3,中立,0,,,
7412,アトム,小売業,366.0,,6.80601,,3.08,706.9,378.2,519.9,37.8,中立,0,,,
7413,創健社,卸売業,2658.0,109.608246,1.5707186,0.75,1.45,18.6,2619.3,2573.2,57.4,中立,1,,,2026-08-07
7414,小野建,卸売業,1394.0,,0.36695084,4.95,-2.21,340.6,1409.3,1370.5,46.8,中立,1,,,2026-08-07
7416,はるやまホールディングス,小売業,680.0,,0.47024944,2.28,-4.67,106.6,683.0,680.9,47.0,中立,1,,,2026-08-07
7417,南陽,卸売業,1870.0,9.841588,0.8329937,3.48,8.86,226.7,1838.5,1592.9,60.2,中立,2,,,2026-08-07
7419,ノジマ,小売業,1321.0,10.558708,1.4983457,1.51,21.11,3836.2,1355.5,1369.6,44.1,中立,2,,,2026-08-04
7421,カッパ・クリエイト,小売業,1552.0,,7.501933,0.32,-3.81,765.9,1558.0,1479.1,51.0,中立,0,,,
7422,東邦レマック,卸売業,360.0,78.26087,0.3471345,3.17,11.0,18.3,370.9,386.6,43.0,中立,1,,,2026-08-07
7425,初穂商事,卸売業,1175.0,9.31357,0.15785022,6.81,4.38,77.5,1218.0,1230.0,43.2,中立,2,,,2026-08-07
7426,山大,卸売業,600.0,,0.35737452,5.0,-13.93,6.7,600.3,573.1,50.9,中立,2,,,2026-08-07
7427,エコートレーディング,卸売業,829.0,6.442838,0.4192236,3.62,5.36,50.3,828.8,840.4,50.9,中立,0,,,
7433,伯東,卸売業,5360.0,20.133724,1.4755864,3.08,7.4,1009.1,4736.6,4537.4,76.1,買われすぎ,0,,,
7434,オータケ,卸売業,1780.0,7.3911057,0.40910944,2.25,,69.8,1803.3,1812.5,44.2,中立,0,,,
7435,ナ・デックス,卸売業,1263.0,15.565689,0.50072014,4.28,3.85,100.0,1227.2,1149.9,56.9,中立,1,,,2026-08-03
7438,コンドーテック,卸売業,1550.0,12.015504,1.0311192,3.74,8.39,397.3,1540.5,1487.5,54.6,中立,1,,,2026-08-07
7442,中山福,卸売業,487.0,14.161094,0.39675006,2.46,2.97,92.1,487.0,466.5,52.0,中立,0,,,
7443,横浜魚類,卸売業,639.0,21.51515,2.3875444,1.25,-2.68,40.0,640.4,630.5,50.7,中立,1,,,2026-08-07
7444,ハリマ共和物産,卸売業,1999.0,7.111348,0.41031027,3.0,5.93,107.6,1986.4,1969.7,58.3,中立,0,,,
7446,東北化学薬品,卸売業,4395.0,7.122484,0.46913397,2.39,7.17,39.6,4702.0,4624.3,29.4,売られすぎ,0,,,
7447,ナガイレーベン,卸売業,1787.0,21.597776,1.3584447,3.92,6.37,534.7,1763.8,1701.1,58.0,中立,1,,,2026-08-03
7453,良品計画,小売業,4412.0,39.36825,6.408385,0.73,-4.76,23420.1,4135.2,3773.7,64.0,中立,0,,,
7456,松田産業,卸売業,5850.0,9.031402,1.2761596,1.88,15.43,1511.8,5582.4,6208.4,56.4,中立,3,,,2026-08-07
7458,第一興商,卸売業,1840.0,11.999478,1.5327318,3.7,13.23,1902.1,1782.4,1703.0,59.7,中立,3,,,2026-08-06
7459,メディパルホールディングス,卸売業,2833.0,13.705191,0.8892,3.11,7.29,5799.1,2807.6,2744.6,52.2,中立,1,,,2026-08-05
7460,ヤギ,卸売業,1631.0,11.025486,0.8500968,4.9,7.91,397.4,1727.0,1559.3,42.9,中立,4,,,2026-08-05
7461,キムラ,卸売業,468.0,9.81132,0.41201752,2.99,3.85,69.4,474.4,460.8,49.1,中立,0,,,
7462,ＣＡＰＩＴＡ,小売業,418.0,22.766884,1.8517207,2.39,,34.4,389.5,338.7,67.2,中立,2,,,2026-08-05
7463,アドヴァングループ,小売業,927.0,3.9374762,0.5156583,4.31,20.73,311.3,925.3,924.4,52.4,ゴールデンクロス,0,,,
7464,セフテック,卸売業,1540.0,19.02409,0.3771887,3.9,1.42,27.0,1549.0,1571.3,46.6,中立,0,,,
7466,ＳＰＫ,卸売業,1356.0,10.164155,0.93851614,3.1,9.6,273.8,1357.0,1285.5,54.4,中立,1,,,2026-08-07
7472,鳥羽洋行,卸売業,3850.0,13.659748,0.69078255,3.12,5.17,150.6,3911.8,3758.5,48.4,中立,1,,,2026-08-07
7475,アルビス,小売業,2468.0,15.655925,0.62304443,2.84,4.18,206.2,2555.8,2496.8,38.7,中立,0,,,
7476,アズワン,卸売業,2389.0,18.614618,2.325552,2.76,13.86,1702.6,2432.8,2240.0,49.3,中立,3,,,2026-08-07
7477,ムラキ,卸売業,1542.0,33.26861,0.79980123,1.95,2.29,21.9,1731.1,1831.9,35.1,中立,0,,,
7480,スズデン,卸売業,3385.0,26.264742,2.5926142,5.2,12.32,429.2,2583.2,2225.2,74.3,買われすぎ,3,,,2026-08-03
7481,尾家産業,卸売業,2504.0,7.39909,1.2247913,4.15,17.85,207.8,2546.8,2476.5,45.6,中立,1,,,2026-08-07
7482,シモジマ,卸売業,1392.0,11.884232,0.8829529,4.31,7.6,325.6,1375.0,1330.3,58.2,中立,1,,,2026-08-07
7483,ドウシシャ,卸売業,2995.0,12.382173,1.1256893,4.01,9.35,1075.0,2958.9,2990.3,55.2,中立,0,,,
7486,サンリン,卸売業,798.0,19.37834,0.43988103,3.01,2.38,96.6,785.2,756.7,55.7,中立,0,,,
7487,小津産業,卸売業,1779.0,24.504133,0.7850683,1.52,3.28,149.7,1794.2,1797.2,48.1,中立,0,,,
7490,日新商事,卸売業,2190.0,3.993581,0.557091,1.0,15.3,146.2,2188.9,2038.8,71.8,買われすぎ,3,,,2026-08-07
7494,コナカ,小売業,236.0,3.895675,0.45107034,4.24,11.72,79.7,233.4,228.8,63.5,中立,0,,,
7500,西川計測,卸売業,9720.0,12.288087,8.454357,3.6,5.72,329.7,9822.8,9601.8,44.7,中立,2,,,2026-08-07
7501,ティムコ,卸売業,1488.0,,0.8532878,0.81,-2.21,36.8,1480.3,1672.1,48.2,中立,0,,,
7502,プラザホールディングス,サービス業,1668.0,18.813444,1.6791123,1.5,9.09,33.5,1643.5,1640.0,60.2,中立,0,,,
7504,高速,卸売業,4640.0,24.073881,2.1303146,2.59,10.05,910.1,3977.8,3307.8,75.4,買われすぎ,1,,,2026-08-05
7505,扶桑電通,卸売業,2264.0,7.775793,1.6100403,7.2,21.56,264.2,2258.9,2092.3,54.7,中立,0,,,
7506,ハウス　オブ　ローゼ,小売業,1384.0,3375.6099,1.2112546,1.81,6.08,65.1,1385.2,1365.7,52.2,中立,1,,,2026-08-05
7508,Ｇ‐７ホールディングス,小売業,1408.0,12.919802,1.7947508,4.97,13.65,616.0,1416.4,1364.0,50.5,中立,0,,,
7509,アイエーグループ,小売業,4825.0,5.0756884,0.41997144,3.32,8.8,70.4,4738.6,4670.1,65.8,中立,1,,,2026-08-07
7510,たけびし,卸売業,2878.0,15.584557,1.0111288,3.13,7.53,461.3,2486.7,2362.2,77.0,買われすぎ,0,,,
7512,イオン北海道,小売業,826.0,30.820896,1.507979,1.94,13.74,1149.2,844.9,842.3,43.5,中立,0,,,
7513,コジマ,小売業,1366.0,21.060745,1.4326347,4.1,8.26,1059.1,1340.3,1312.3,53.0,中立,1,,,2026-08-04
7514,ヒマラヤ,小売業,877.0,,0.67449814,2.96,-0.99,107.4,871.6,858.3,60.6,中立,0,,,
7515,マルヨシセンター,小売業,4600.0,32.7146,1.3018906,0.65,4.14,43.0,4624.0,4559.2,49.0,中立,0,,,
7516,コーナン商事,小売業,4255.0,9.846802,0.6724905,3.29,8.39,1229.1,4159.6,4100.5,56.3,中立,0,,,
7520,エコス,小売業,2453.0,10.411273,0.93426156,2.85,9.2,273.1,2421.7,2315.1,55.9,中立,1,,,2026-08-03
7521,ムサシ,卸売業,2850.0,6.9290805,0.5257486,1.26,5.55,194.2,2685.8,2718.0,67.3,中立,1,,,2026-08-04
7522,ワタミ,小売業,942.0,10.407689,1.2527645,1.06,14.25,377.8,942.4,935.0,50.6,中立,0,,,
7523,アールビバン,小売業,1898.0,10.256133,1.0691144,1.58,10.69,173.7,1856.2,1710.6,72.3,買われすぎ,1,,,2026-08-07
7524,マルシェ,小売業,179.0,,0.31160566,,4.93,28.7,182.7,175.2,39.9,中立,0,,,
7525,リックス,卸売業,3720.0,9.480605,1.0507754,4.35,11.16,301.5,3573.4,3482.1,67.9,中立,3,,,2026-08-07
7527,システムソフト,情報・通信業,51.0,,1.0209801,,-6.04,54.0,48.3,49.4,61.3,中立,1,,,2026-08-07
7531,清和中央ホールディングス,卸売業,1299.0,14.686264,0.31959438,1.54,2.66,51.1,1309.2,1344.0,43.5,中立,2,,,2026-08-07
7532,パン・パシフィック・インターナショナルホールディングス,小売業,917.7,27.459606,3.998484,0.93,,27434.4,882.8,862.9,58.3,中立,0,,,
7537,丸文,卸売業,1761.0,13.962893,0.80420214,4.43,5.71,462.1,1675.7,1591.7,56.4,中立,0,,,
7538,大水,卸売業,384.0,7.1481757,0.40733066,1.82,6.01,46.8,377.0,371.5,65.7,中立,1,,,2026-08-07
7539,アイナボホールディングス,卸売業,782.0,10.116429,0.6680512,3.32,6.31,181.7,801.3,782.8,44.9,中立,0,,,
7544,スリーエフ,小売業,557.0,11.045012,1.0107609,3.23,21.14,42.2,560.5,557.6,44.2,中立,0,,,
7545,西松屋チェーン,小売業,2016.0,17.460592,1.2101595,1.59,7.21,1204.1,2002.5,1973.1,55.0,中立,0,,,
7550,ゼンショーホールディングス,小売業,10475.0,37.97216,4.8068185,0.76,15.74,16389.4,9442.4,8496.1,71.9,買われすぎ,2,,,2026-08-07
75505,ゼンショーホールディングス第１回社債型種類株式,小売業,4945.0,,2.2691855,,15.74,,4947.4,4958.4,50.9,中立,0,,,
7551,ウェッズ,輸送用機器,715.0,11.752137,0.648489,3.08,5.61,114.7,703.3,684.7,55.5,中立,0,,,
7552,ハピネット,卸売業,3390.0,14.91421,2.4356318,2.8,17.41,1468.3,3175.2,2876.0,64.2,中立,0,,,
7554,幸楽苑,小売業,1123.0,18.565052,3.1227496,1.34,46.77,214.6,1124.3,1095.3,51.5,中立,2,,,2026-08-06
7555,大田花き,卸売業,741.0,45.91078,0.7219394,1.62,1.57,37.7,740.6,749.7,46.4,中立,0,,,
7561,ハークスレイホールディングス,小売業,699.0,8.708111,0.50400865,4.29,7.95,129.3,666.5,652.9,68.8,中立,4,,,2026-08-05
7562,安楽亭,小売業,3785.0,20.563948,2.1149175,0.4,10.83,174.8,3785.2,3734.6,55.8,中立,0,,,
7564,ワークマン,小売業,6160.0,24.39604,3.2595506,1.44,15.65,5027.4,5926.0,6826.0,52.0,中立,5,,,2026-08-03
7565,萬世電機,卸売業,7150.0,10.420311,0.8714466,2.24,9.11,116.1,6774.0,6324.7,64.7,中立,2,,,2026-08-04
7567,栄電子,卸売業,566.0,25.245317,0.5967543,1.94,2.43,28.7,533.5,533.3,67.1,ゴールデンクロス,4,,,2026-08-07
7570,橋本総業ホールディングス,卸売業,1371.0,9.488545,0.70283544,3.79,8.42,266.8,1410.8,1368.2,41.3,中立,0,,,
7571,ヤマノホールディングス,小売業,82.0,13.758389,1.9167389,1.83,14.69,28.6,83.7,87.9,45.6,中立,0,,,
7575,日本ライフライン,卸売業,1512.0,11.338582,1.645675,3.7,15.24,1060.7,1418.0,1348.5,68.2,中立,0,,,
7578,ニチリョク,小売業,65.0,,0.12146354,,-10.46,12.0,70.9,83.5,21.0,売られすぎ,1,,,2026-08-03
7581,サイゼリヤ,小売業,7870.0,31.94901,2.9445395,0.44,9.85,3866.4,6928.8,5794.8,67.0,中立,0,,,
7585,かんなん丸,小売業,408.0,,1.3291547,,-0.68,15.6,407.2,411.9,49.1,中立,0,,,
7590,タカショー,卸売業,393.0,33.36163,0.51819277,1.27,3.12,66.3,394.8,394.8,48.7,中立,0,,,
7593,ＶＴホールディングス,小売業,478.0,11.515298,0.78617513,5.02,7.51,555.7,478.0,462.2,52.5,中立,1,,,2026-08-05
7595,アルゴグラフィックス,情報・通信業,1295.0,4.9133058,1.8817369,3.55,34.46,889.8,1308.3,1296.1,48.7,中立,0,,,
7596,魚力,小売業,2294.0,24.587353,1.7040141,2.27,7.0,320.2,2295.6,2243.5,52.8,中立,0,,,
7599,ＩＤＯＭ,卸売業,1291.0,10.879825,1.4446194,3.29,14.34,1296.3,1330.6,1337.6,45.3,中立,0,,,
7600,日本エム・ディ・エム,精密機器,920.0,91.90809,0.95457464,1.85,-0.89,242.5,914.0,794.4,54.8,中立,0,,,
7601,ポプラ,小売業,167.0,20.415648,2.179872,,15.69,19.7,167.0,165.5,52.6,中立,0,,,
7602,レダックス,卸売業,169.0,30.783243,0.74156636,1.18,2.58,35.0,164.6,164.8,55.1,デッドクロス,0,,,
7603,ジーイエット,小売業,48.0,,0.88803375,,-120.22,35.8,51.1,64.7,41.9,中立,0,,,
7604,梅の花グループ,小売業,896.0,31.41655,3.79452,1.12,13.29,79.6,890.6,870.9,57.8,中立,0,,,
7606,ユナイテッドアローズ,小売業,2568.0,11.604682,1.6833317,3.58,15.29,708.9,2452.7,2455.7,63.8,中立,4,,,2026-08-07
7607,進和,卸売業,3115.0,11.272346,0.90115947,3.98,7.79,417.9,3156.0,3093.2,45.7,中立,0,,,
7608,エスケイジャパン,卸売業,802.0,10.0779085,1.9974595,2.99,22.2,134.6,789.1,774.9,55.3,中立,0,,,
7609,ダイトロン,卸売業,4230.0,18.213133,2.2672358,3.07,16.59,891.0,3561.2,3515.1,66.6,中立,3,,,2026-08-03
7610,テイツー,小売業,141.0,10.329671,1.2782276,2.84,19.49,87.3,146.6,141.0,41.6,中立,1,,,2026-08-07
7611,ハイデイ日高,小売業,2845.0,21.742453,4.0536823,1.83,20.67,1024.3,2799.4,2708.3,56.2,中立,1,,,2026-08-05
7613,シークス,卸売業,1599.0,30.249716,0.7115572,3.13,2.82,753.7,1400.0,1356.3,79.1,買われすぎ,2,,,2026-08-07
7614,オーエムツーネットワーク,小売業,1521.0,10.726375,0.55804104,2.37,5.73,101.3,1544.6,1544.0,40.8,中立,0,,,
7615,京都きもの友禅ホールディングス,小売業,98.0,7.3408237,0.65500575,1.53,8.71,20.3,97.8,102.0,50.0,中立,0,,,
7616,コロワイド,小売業,2039.5,129.90446,2.5739691,0.25,1.9,2168.1,1973.5,1871.6,57.7,中立,0,,,
7619,田中商事,卸売業,954.0,8.276221,0.49678007,4.4,6.12,77.7,908.1,884.7,71.8,買われすぎ,1,,,2026-08-06
7621,うかい,小売業,3405.0,64.844795,3.9590814,0.44,-16.14,191.2,3388.8,3337.7,55.4,中立,2,,,2026-08-07
7624,ＮａＩＴＯ,卸売業,140.0,26.97495,0.58292043,2.86,3.6,76.7,140.9,136.8,50.7,中立,0,,,
7625,グローバルダイニング,小売業,486.0,16.536238,0.82134277,1.03,14.21,50.6,464.8,468.2,62.1,中立,2,,,2026-08-07
7628,オーハシテクニカ,卸売業,1181.0,14.501473,0.7453018,3.81,5.19,302.1,1144.7,1110.7,61.9,中立,3,,,2026-08-07
7630,壱番屋,小売業,917.0,57.240948,4.6059337,1.74,7.54,1463.6,915.6,886.7,51.8,中立,0,,,
7634,星医療酸器,卸売業,5200.0,11.83432,0.8122709,1.73,7.07,162.5,5122.4,5003.2,60.3,中立,1,,,2026-08-07
7636,ハンズマン,小売業,785.0,11.737441,0.58709013,3.82,5.51,108.0,783.3,776.3,50.8,中立,0,,,
7637,白銅,卸売業,3610.0,19.089418,1.6078373,3.55,8.72,409.4,3417.4,3261.6,57.3,中立,3,,,2026-08-07
7638,ＮＥＷ　ＡＲＴ　ＨＯＬＤＩＮＧＳ,小売業,1407.0,10.270823,2.1636634,5.69,20.81,241.4,1376.0,1359.8,65.3,中立,0,,,
7640,トップカルチャー,小売業,175.0,88.83249,1.8409039,,25.2,27.3,171.0,179.0,53.8,中立,1,,,2026-08-04
7643,ダイイチ,小売業,1712.0,17.423162,2.06549,2.34,9.45,192.4,1707.7,1695.2,54.6,中立,1,,,2026-08-03
7646,ＰＬＡＮＴ,小売業,1830.0,10.090984,0.807972,5.19,6.75,126.3,1795.3,1783.8,64.3,中立,0,,,
7649,スギホールディングス,小売業,2817.5,11.329822,1.734854,0.62,10.9,5242.1,2950.7,3007.4,43.2,中立,0,,,
7670,オーウエル,卸売業,1210.0,6.7669597,0.5374152,4.55,8.09,121.7,1074.2,1042.2,78.6,買われすぎ,3,,,2026-08-06
7673,ダイコー通産,卸売業,1653.0,9.626696,0.977557,4.36,10.5,88.1,1647.4,1672.4,53.0,中立,0,,,
7674,ＮＡＴＴＹ　ＳＷＡＮＫＹホールディングス,小売業,2567.0,,4.82831,,-49.32,62.8,2745.1,2674.3,26.0,売られすぎ,2,,,2026-08-06
7677,ヤシマキザイ,卸売業,2778.0,15.874286,0.77528596,0.9,5.11,79.8,2692.2,2621.6,64.9,中立,0,,,
7678,あさくま,小売業,3145.0,102.9797,11.68628,,,165.1,3196.9,3108.8,50.0,中立,1,,,2026-08-06
7679,薬王堂ホールディングス,小売業,1725.0,8.354725,0.825208,1.74,9.99,335.5,1715.3,1712.7,51.6,ゴールデンクロス,1,,,2026-08-05
7681,レオクラン,卸売業,968.0,131.52174,0.9996974,1.76,1.02,57.3,945.9,885.7,57.8,中立,2,,,2026-08-07
7682,浜木綿,小売業,3905.0,102.7091,4.9708433,0.44,3.64,84.7,4020.1,4031.6,31.3,中立,0,,,
7683,ダブルエー,小売業,1369.0,38.123085,2.4567158,1.24,3.86,261.2,1402.2,1392.0,38.4,中立,1,,,2026-08-03
7685,ＢｕｙＳｅｌｌ　Ｔｅｃｈｎｏｌｏｇｉｅｓ,卸売業,3060.0,35.253456,7.8257866,0.72,39.26,1892.0,3280.8,3458.8,40.0,中立,0,,,
7686,ひとまいる,小売業,423.0,10.39312,2.4652362,4.73,25.46,123.5,418.6,415.4,59.2,中立,1,,,2026-08-03
7687,ミクリード,卸売業,433.0,10.275273,1.7219371,2.12,17.41,28.6,424.4,421.1,57.4,中立,0,,,
7689,コパ・コーポレーション,卸売業,307.0,,1.2209429,,-23.67,9.1,302.6,355.5,47.4,中立,0,,,
7692,アースインフィニティ,電気・ガス業,76.0,10.951009,6.6907296,3.42,44.64,83.7,77.3,83.6,41.0,中立,0,,,
7694,いつも,小売業,440.0,16.7364,1.0306357,,6.41,26.2,434.0,496.9,50.5,中立,0,,,
7695,交換できるくん,小売業,735.0,57.73763,2.6467316,,4.83,54.9,737.4,739.6,51.0,中立,0,,,
7698,アイスコ,卸売業,2628.0,28.42925,2.4728832,0.76,9.37,103.3,2602.0,2505.7,67.4,中立,0,,,
7701,島津製作所,精密機器,4078.0,19.457035,2.0849075,2.11,11.38,11783.0,4121.3,3897.9,49.7,中立,1,,,2026-08-06
7702,ＪＭＳ,精密機器,449.0,,0.2639394,3.79,-1.98,110.1,458.7,441.7,46.9,中立,2,,,2026-08-07
7707,プレシジョン・システム・サイエンス,精密機器,211.0,,1.4895134,,3.47,57.9,204.9,217.4,54.9,中立,0,,,
7709,クボテック,精密機器,42.0,,10.327023,,-120.93,5.8,44.7,65.2,42.3,中立,2,,,2026-08-07
7711,助川電気工業,精密機器,4505.0,28.850466,8.471644,1.15,3.17,248.4,4638.0,5164.6,46.3,中立,1,,,2026-08-06
7713,シグマ光機,精密機器,2160.0,15.868352,0.8218712,1.16,4.59,153.0,1994.5,2102.8,57.0,中立,0,,,
7715,長野計器,精密機器,3930.0,13.758096,1.5183383,1.53,11.82,729.9,3863.6,3676.9,51.0,中立,0,,,
7716,ナカニシ,精密機器,3245.0,,2.315084,1.85,0.99,2695.0,3057.6,2957.1,66.0,中立,5,,,2026-08-07
7717,ブイ・テクノロジー,精密機器,5460.0,22.435898,1.4271678,1.47,6.78,516.1,6384.6,6213.6,39.6,中立,1,,,2026-08-07
7719,東京衡機,精密機器,426.0,24.0,1.6487472,,10.9,30.5,442.0,485.1,46.4,中立,0,,,
7721,東京計器,精密機器,7210.0,29.585556,2.602795,0.67,9.35,1184.8,6726.8,6562.9,58.2,中立,0,,,
7722,国際計測器,精密機器,815.0,7.3443274,0.87914884,4.91,12.69,109.8,796.8,783.3,58.9,中立,1,,,2026-08-07
7723,愛知時計電機,精密機器,2757.0,Infinity,0.8296917,4.35,7.42,423.0,2967.2,2945.7,30.9,中立,0,,,
7725,インターアクション,精密機器,1796.0,34.772507,1.6883872,2.51,4.7,182.2,1748.7,1852.6,51.7,中立,1,,,2026-08-05
7726,黒田精工,機械,1384.0,,0.67558926,1.45,-0.8,77.4,1342.6,1289.7,54.9,中立,0,,,
7727,オーバル,精密機器,779.0,11.991995,1.0075469,3.59,8.83,158.6,742.8,747.3,58.1,中立,1,,,2026-08-07
7729,東京精密,精密機器,17375.0,28.65932,3.678791,1.75,14.4,7052.5,17828.2,17951.5,47.9,中立,4,,,2026-08-04
7730,マニー,精密機器,1524.0,26.78854,2.622513,2.69,10.97,1501.2,1604.5,1679.3,36.3,中立,0,,,
7731,ニコン,精密機器,2001.5,,1.1236012,1.0,-14.02,6593.3,2119.6,2036.2,45.3,中立,2,,,2026-08-06
7733,オリンパス,精密機器,1906.0,31.138702,2.5844803,1.57,8.72,20257.3,1789.1,1732.5,66.1,中立,3,,,2026-08-07
7734,理研計器,精密機器,3640.0,16.75489,1.9379587,1.65,12.23,1654.6,3481.6,3543.8,57.3,中立,0,,,
7735,ＳＣＲＥＥＮホールディングス,電気機器,13085.0,26.924423,4.977172,1.88,18.87,24742.1,15802.0,13840.5,40.1,中立,0,,,
7740,タムロン,精密機器,1447.0,19.870914,2.7493458,3.52,14.55,2333.2,1217.2,1117.5,80.8,買われすぎ,2,,,2026-08-07
7741,ＨＯＹＡ,精密機器,25640.0,34.468388,8.448161,1.15,26.53,85770.5,25049.8,26394.6,53.6,中立,0,,,
7743,シード,精密機器,522.0,13.908874,0.81981885,2.87,5.97,158.0,519.6,511.9,53.1,中立,0,,,
7744,ノーリツ鋼機,精密機器,2048.0,14.348771,0.6918765,3.66,7.39,2171.1,1996.5,2006.5,58.3,中立,1,,,2026-08-03
7745,Ａ＆Ｄホロンホールディングス,精密機器,2902.0,13.4171715,1.6062657,2.07,11.99,794.8,2941.3,2850.2,47.8,中立,2,,,2026-08-05
7746,岡本硝子,精密機器,748.0,,8.27086,,-6.72,217.6,766.2,820.3,46.4,中立,4,,,2026-08-07
7747,朝日インテック,精密機器,3689.0,55.683018,5.888296,1.09,19.24,9787.8,3593.0,3543.5,56.6,中立,0,,,
7749,メディキット,精密機器,2827.0,13.702681,0.87493694,3.54,6.54,409.3,2803.1,2855.9,58.7,中立,1,,,2026-08-07
7751,キヤノン,電気機器,4635.0,11.714603,1.1299826,3.45,10.37,39366.9,4449.5,4259.6,60.8,中立,1,,,2026-08-05
7752,リコー,電気機器,1616.0,16.553984,0.7783623,2.72,7.45,9127.4,1540.3,1462.5,60.5,中立,2,,,2026-08-06
7760,ＩＭＶ,精密機器,1945.0,14.049407,2.3791583,1.54,18.24,310.0,2428.1,2633.7,37.4,中立,1,,,2026-08-05
7762,シチズン時計,精密機器,2393.0,18.75833,1.9915047,2.09,11.02,5838.8,2258.0,2207.0,57.0,中立,0,,,
7769,リズム,精密機器,3950.0,13.716229,0.92670053,4.24,7.08,314.5,3873.4,3684.0,62.3,中立,1,,,2026-08-07
7771,日本精密,精密機器,301.0,19.026548,3.54026,,19.95,72.2,291.1,331.9,53.0,中立,1,,,2026-08-07
7774,ジャパン・ティッシュエンジニアリング,精密機器,820.0,,6.475456,,-8.21,333.0,664.6,622.4,78.9,買われすぎ,0,,,
7775,大研医器,精密機器,424.0,13.204609,1.597071,4.72,11.68,121.8,424.0,427.1,50.9,中立,0,,,
7776,セルシード,精密機器,228.0,,3.9464803,,-71.66,88.6,220.7,235.8,55.6,中立,1,,,2026-08-03
7777,スリー・ディー・マトリックス,精密機器,337.0,10.372422,6.270351,,92.21,431.3,346.6,404.8,45.7,中立,0,,,
7779,ＣＹＢＥＲＤＹＮＥ,精密機器,229.0,318.05554,1.2202595,,0.37,483.5,225.8,263.6,48.9,中立,0,,,
7780,メニコン,精密機器,2086.0,26.482164,1.6284444,1.34,6.53,1547.9,1729.1,1663.2,79.3,買われすぎ,3,,,2026-08-07
7781,平山ホールディングス,精密機器,773.0,11.392778,2.12101,3.62,22.06,118.5,787.0,734.2,49.4,中立,0,,,
7782,シンシア,精密機器,473.0,11.615913,1.117844,7.61,9.11,30.9,465.2,453.9,58.7,中立,0,,,
7791,ドリームベッド,その他製品,790.0,6.758491,0.66700894,4.81,10.24,32.1,826.8,807.3,32.4,中立,3,,,2026-08-07
7792,コラントッテ,その他製品,1485.0,10.0121355,2.4322731,2.96,26.7,135.1,1455.8,1440.3,63.3,中立,3,,,2026-08-07
7793,イメージ・マジック,その他製品,1350.0,10.355144,1.7822417,2.59,17.9,33.1,1349.8,1466.9,45.6,中立,0,,,
7794,イーディーピー,その他製品,870.0,,7.872804,,-94.19,138.7,966.0,1117.5,37.9,中立,1,,,2026-08-03
7795,ＫＹＯＲＩＴＳＵ,その他製品,210.0,7.6363635,0.49634594,3.81,4.71,88.2,205.3,202.6,66.3,中立,0,,,
7800,アミファ,その他製品,988.0,6.211883,1.2465131,3.04,21.54,31.8,941.0,978.8,60.4,中立,0,,,
7803,ブシロード,その他製品,383.0,11.136959,1.8494463,1.31,21.19,520.2,371.9,296.1,59.5,中立,1,,,2026-08-03
7804,ビーアンドピー,その他製品,2260.0,10.991149,1.3608415,3.85,,52.7,2243.2,2219.0,53.6,中立,2,,,2026-08-03
7805,プリントネット,その他製品,742.0,8.608887,0.7995035,1.75,8.85,35.9,761.6,748.9,41.4,中立,0,,,
7806,ＭＴＧ,その他製品,8170.0,29.353647,5.4939437,0.91,21.54,3213.6,7691.2,7153.3,59.3,中立,4,,,2026-08-04
7807,幸和製作所,その他製品,848.0,8.245017,0.97102827,1.53,15.47,35.2,847.8,830.6,49.9,中立,0,,,
7808,シー・エス・ランバー,その他製品,2732.0,7.2938914,1.8053954,2.93,,50.5,2649.0,2686.1,64.2,中立,0,,,
7809,壽屋,その他製品,1315.0,7.8437223,1.3095444,3.42,12.28,106.3,1318.2,1301.8,49.8,中立,0,,,
7810,クロスフォー,その他製品,146.0,89.02439,1.3099222,0.86,6.97,24.9,153.9,163.5,35.1,中立,0,,,
7811,中本パックス,その他製品,1904.0,7.7711115,0.79306597,3.89,10.58,168.5,1924.8,1911.3,48.2,中立,0,,,
7812,クレステック,その他製品,2150.0,7.662699,0.6668708,5.86,10.66,63.7,2169.8,2035.3,51.5,中立,0,,,
7813,プラッツ,その他製品,824.0,15.579505,0.8272943,2.91,7.25,27.9,828.7,852.6,44.7,中立,5,,,2026-08-07
7814,日本創発グループ,その他製品,660.0,5.686224,1.4954423,2.27,25.18,313.3,632.7,596.1,64.5,中立,0,,,
7815,東京ボード工業,その他製品,311.0,,1.3257794,,,8.1,349.5,316.8,45.5,中立,0,,,
7818,トランザクション,その他製品,1175.0,15.829179,3.0425754,2.64,21.14,664.4,1286.6,1266.5,33.6,中立,0,,,
7819,粧美堂,その他製品,987.0,10.913312,1.7247074,3.34,17.41,124.7,921.0,921.3,64.7,中立,0,,,
7820,ニホンフラッシュ,その他製品,721.0,0.543118,0.5160118,4.99,4.12,164.1,719.7,732.5,51.9,中立,0,,,
7821,前田工繊,その他製品,1949.0,13.199242,1.7448008,1.44,13.68,1299.7,1894.2,1820.1,58.2,中立,5,,,2026-08-07
7822,永大産業,その他製品,245.0,,0.2587489,4.08,-13.21,108.3,241.4,238.2,57.0,中立,1,,,2026-08-07
7823,アートネイチャー,その他製品,854.0,14.885829,0.9825115,3.28,6.86,278.2,864.6,838.5,47.6,中立,3,,,2026-08-06
7826,フルヤ金属,その他製品,7920.0,25.777054,2.6343212,4.36,5.69,1948.3,6912.0,8002.0,59.0,中立,4,,,2026-08-06
7827,オービス,その他製品,1645.0,14.821156,0.5191012,3.77,3.53,29.3,1625.6,1638.4,56.0,中立,0,,,
7831,ウイルコホールディングス,その他製品,67.0,,0.54592717,2.99,-21.86,10.4,67.6,73.3,44.9,中立,0,,,
7832,バンダイナムコホールディングス,その他製品,5398.0,24.83209,4.0220428,0.89,17.03,34620.9,4316.6,3916.1,80.3,買われすぎ,3,,,2026-08-06
7833,アイフィスジャパン,その他製品,637.0,11.034124,1.0467849,4.71,9.51,61.4,639.9,643.1,47.4,中立,0,,,
7836,アビックス,その他製品,80.0,12.048193,1.425847,,12.64,28.1,80.9,82.1,45.5,中立,0,,,
7837,アールシーコア,その他製品,346.0,,0.9001509,,-40.93,14.3,345.2,320.5,53.1,中立,0,,,
7839,ＳＨＯＥＩ,その他製品,2018.0,16.418518,3.1835127,2.97,22.01,1033.3,1905.5,1818.8,65.3,中立,0,,,
7840,フランスベッドホールディングス,その他製品,1251.0,17.027357,1.0395166,4.0,6.8,417.5,1262.3,1252.3,47.7,中立,1,,,2026-08-07
7841,遠藤製作所,その他製品,1101.0,16.094137,0.6467701,3.63,1.48,96.7,1092.4,1085.2,54.8,中立,2,,,2026-08-06
7844,マーベラス,情報・通信業,484.0,14.688922,1.0526888,3.1,9.94,293.2,455.9,453.4,63.7,中立,3,,,2026-08-06
7846,パイロットコーポレーション,その他製品,2004.5,18.958668,1.539668,2.39,9.35,2109.5,1794.2,1669.5,77.7,買われすぎ,2,,,2026-08-06
7847,グラファイトデザイン,その他製品,665.0,29.847395,2.0693498,4.51,34.51,43.1,636.3,622.6,70.4,買われすぎ,0,,,
7849,スターツ出版,情報・通信業,3040.0,8.475048,1.0990434,4.28,12.35,115.6,3370.4,3456.5,27.1,売られすぎ,2,,,2026-08-06
7850,総合商研,その他製品,808.0,11.152519,0.67244905,2.48,4.41,24.2,851.6,847.6,33.5,中立,0,,,
7851,カワセコンピュータサプライ,その他製品,188.0,9.442492,0.35470158,3.19,2.71,8.8,,,,,0,,,
7856,萩原工業,その他製品,1828.0,19.039682,0.81190026,4.38,4.44,257.6,1780.8,1715.3,61.3,中立,0,,,
7857,セキ,その他製品,1286.0,21.158276,0.33037868,2.02,1.6,53.6,1291.6,1309.3,46.6,中立,1,,,2026-08-06
7859,アルメディオ,その他製品,223.0,,0.5684396,,-6.06,44.7,221.8,259.0,48.8,中立,1,,,2026-08-04
7860,エイベックス,情報・通信業,1236.0,14.759972,1.0187789,4.05,7.64,527.5,1270.8,1215.3,43.4,中立,2,,,2026-08-06
7863,平賀,その他製品,980.0,14.948139,2.6139536,4.08,21.54,28.2,963.0,962.0,60.5,ゴールデンクロス,1,,,2026-08-07
7864,フジシールインターナショナル,その他製品,3220.0,8.310106,1.0651375,2.73,13.48,1717.7,3035.6,2778.4,72.5,買われすぎ,1,,,2026-08-06
7865,ピープル,その他製品,337.0,,0.65691245,,15.43,12.9,336.1,361.7,45.2,中立,0,,,
7867,タカラトミー,その他製品,3602.0,27.44381,2.8439417,1.94,11.72,3103.6,3475.2,3088.4,57.3,中立,2,,,2026-08-04
7868,広済堂ホールディングス,その他製品,522.0,16.281971,1.563141,2.56,9.79,771.9,532.6,560.3,47.3,中立,2,,,2026-08-07
7871,フクビ化学工業,化学,993.0,11.697491,0.49251702,3.12,4.43,196.5,939.8,934.8,66.1,中立,3,,,2026-08-07
7872,エステールホールディングス,その他製品,608.0,136.93694,0.5466245,4.44,0.4,63.7,606.3,598.0,57.0,中立,0,,,
7874,レック,化学,971.0,10.725726,0.84374624,2.88,8.05,324.9,961.4,965.4,55.4,中立,2,,,2026-08-07
7875,竹田ｉＰホールディングス,その他製品,808.0,12.1357765,0.68052363,2.91,5.83,135.1,816.0,774.1,49.3,中立,0,,,
7877,永大化工,化学,2164.0,8.16111,0.35927364,3.23,4.57,26.6,2130.6,2035.7,59.3,中立,1,,,2026-08-07
7878,光・彩,その他製品,1234.0,16.718603,1.6344501,2.43,-15.7,18.5,1442.7,1189.8,37.7,中立,0,,,
7879,ノダ,その他製品,647.0,,0.28114444,4.64,-0.3,94.8,652.4,650.9,47.6,中立,0,,,
7883,サンメッセ,その他製品,400.0,13.454423,0.33988318,2.5,2.57,62.1,393.4,380.8,61.6,中立,2,,,2026-08-03
7885,タカノ,その他製品,1069.0,26.388548,0.50050354,1.87,2.35,162.7,1104.0,1094.4,43.8,中立,0,,,
7886,ヤマト　モビリティ　＆　Ｍｆｇ．,化学,705.0,,2.0010502,,-83.62,11.6,709.7,641.3,51.0,中立,0,,,
7887,南海プライウッド,その他製品,1603.0,4.2371535,0.29358876,2.5,7.17,77.7,1512.8,1626.8,61.5,中立,2,,,2026-08-07
7888,三光合成,化学,946.0,37.99197,0.830314,1.69,2.38,288.4,882.0,829.0,63.2,中立,0,,,
7893,プロネクサス,その他製品,1102.0,13.248377,1.0787117,3.99,8.18,271.7,1142.8,1092.6,42.0,中立,0,,,
7896,セブン工業,その他製品,504.0,,0.46637216,3.97,-0.12,22.5,507.6,501.0,47.8,中立,0,,,
7897,ホクシン,その他製品,103.0,,0.534951,1.94,,29.2,101.8,101.1,58.6,中立,0,,,
7898,ウッドワン,その他製品,914.0,,0.19169766,2.63,-3.37,85.1,895.5,894.1,64.4,ゴールデンクロス,1,,,2026-08-07
7901,マツモト,その他製品,801.0,5.8144603,0.9102314,,17.03,9.1,800.2,858.0,47.8,中立,0,,,
7902,ソノコム,その他製品,1140.0,13.621698,0.4438338,1.14,3.33,41.5,1112.2,1116.1,56.5,中立,0,,,
7906,ヨネックス,その他製品,2587.0,18.307268,2.749612,1.08,16.12,2213.2,2541.5,2497.1,55.9,中立,1,,,2026-08-07
7908,きもと,化学,238.0,18.888887,0.54271734,2.94,3.02,103.9,236.1,235.0,54.4,中立,0,,,
7911,ＴＯＰＰＡＮホールディングス,その他製品,4698.0,20.699682,0.9905486,1.23,5.03,13177.0,4824.1,4752.1,49.2,中立,1,,,2026-08-03
7912,大日本印刷,その他製品,3030.0,12.872801,1.0980564,1.35,8.63,12994.4,3082.6,2917.7,52.2,中立,3,,,2026-08-07
7914,共同印刷,その他製品,1651.0,11.697605,0.69969666,4.85,6.19,456.4,1627.2,1563.4,59.1,中立,3,,,2026-08-07
7915,ＮＩＳＳＨＡ,その他製品,1253.0,59.131664,0.66605717,3.99,3.29,594.1,1328.0,1391.5,33.9,中立,2,,,2026-08-06
7916,光村印刷,その他製品,1936.0,16.777884,0.32366332,2.58,1.99,59.3,1840.9,1854.2,72.4,買われすぎ,1,,,2026-08-07
7917,ＺＡＣＲＯＳ,化学,1278.0,12.151754,0.9616115,2.82,8.52,912.1,1360.8,1332.6,40.0,中立,2,,,2026-08-06
7918,ヴィア・ホールディングス,小売業,103.0,,3.7929003,,-42.72,47.0,107.2,106.1,34.6,中立,0,,,
7919,野崎印刷紙業,その他製品,208.0,9.382048,0.7043541,4.81,9.67,33.6,200.2,195.3,65.0,中立,0,,,
7921,ＴＡＫＡＲＡ　＆　ＣＯＭＰＡＮＹ,その他製品,4220.0,16.101954,1.6798533,4.27,10.73,544.7,4184.4,3506.6,57.2,中立,0,,,
7927,ムトー精工,化学,2193.0,7.670782,0.72705597,5.34,9.95,152.3,2278.0,2197.9,41.6,中立,1,,,2026-08-06
7928,旭化学工業,化学,638.0,26.716919,0.34401897,1.57,0.89,19.4,629.0,614.8,63.7,中立,0,,,
7931,未来工業,化学,3705.0,12.741153,1.0825748,4.59,9.41,598.8,3327.6,3140.1,76.0,買われすぎ,0,,,
7932,ニッピ,その他製品,12160.0,12.242022,0.8281764,5.76,7.05,340.5,12176.8,11848.8,52.8,中立,1,,,2026-08-07
7936,アシックス,その他製品,4977.0,36.052155,11.153466,0.76,40.86,35282.5,4807.4,4589.5,60.4,中立,0,,,
7937,ツツミ,その他製品,2531.0,10.711867,0.56417656,4.54,5.35,395.5,2604.7,2715.3,40.4,中立,1,,,2026-08-07
7938,リーガルコーポレーション,その他製品,2215.0,27.711748,0.48275107,6.77,1.85,66.0,2183.5,2140.5,57.3,中立,4,,,2026-08-06
7939,研創,その他製品,600.0,10.993037,2.719029,3.83,21.93,22.8,595.4,579.7,53.0,中立,0,,,
7942,ＪＳＰ,化学,2980.0,11.822113,0.7025515,3.36,7.46,781.0,2557.6,2534.5,79.7,買われすぎ,1,,,2026-08-07
7943,ニチハ,ガラス・土石製品,3200.0,43.17323,0.86759895,3.56,3.48,1062.5,3061.8,3038.8,59.7,中立,1,,,2026-08-03
7944,ローランド,その他製品,4285.0,52.686584,2.7510483,3.97,4.48,1130.2,4158.6,4239.0,53.4,中立,1,,,2026-08-07
7946,光陽社,その他製品,325.0,9.9297285,0.45974737,3.38,4.66,8.2,350.6,364.9,34.3,中立,1,,,2026-08-03
7947,エフピコ,化学,2709.0,14.738847,1.3361908,2.69,9.43,2191.0,2584.3,2482.9,63.1,中立,0,,,
7949,小松ウオール工業,その他製品,2727.0,15.7266445,1.2509134,5.13,8.18,480.0,2666.8,2542.4,59.2,中立,0,,,
7951,ヤマハ,その他製品,1377.0,26.099318,1.2283555,1.89,6.84,6057.4,1231.0,1162.2,75.4,買われすぎ,3,,,2026-08-04
7952,河合楽器製作所,その他製品,3560.0,26.821367,0.65514195,2.67,2.5,306.2,3324.2,3160.8,66.6,中立,1,,,2026-08-07
7953,菊水化学工業,その他製品,389.0,18.042671,0.4769618,5.14,2.83,48.8,387.3,385.6,55.2,中立,3,,,2026-08-07
7955,クリナップ,その他製品,923.0,9.545972,0.538513,4.33,5.91,325.5,932.9,908.2,50.1,中立,1,,,2026-08-06
7956,ピジョン,その他製品,2092.5,29.163763,3.0679839,3.63,10.8,2503.6,2033.2,1900.1,60.4,中立,1,,,2026-08-06
7957,フジコピアン,その他製品,1958.0,,0.37449974,6.03,-26.82,30.0,1919.3,1684.2,56.9,中立,1,,,2026-08-03
7962,キングジム,その他製品,810.0,43.361885,0.8695148,1.85,3.98,228.1,787.4,788.6,64.1,中立,0,,,
7963,興研,その他製品,1804.0,10.544774,0.6441923,1.94,6.24,87.3,1804.8,1804.5,52.3,ゴールデンクロス,1,,,2026-08-05
7965,象印マホービン,電気機器,1432.0,14.908901,0.9983728,3.21,6.85,909.3,1414.3,1464.8,52.6,中立,0,,,
7966,リンテック,その他製品,6070.0,22.968935,1.5437016,1.98,6.89,3974.7,6519.6,5993.1,43.9,中立,2,,,2026-08-06
7970,信越ポリマー,化学,2264.0,18.498243,1.3944167,2.92,7.3,1819.6,2344.0,2292.3,47.0,中立,0,,,
7971,東リ,化学,663.0,8.626073,0.72180396,5.13,9.43,376.2,660.6,639.8,51.2,中立,0,,,
7972,イトーキ,その他製品,2553.0,12.406453,2.2243462,3.53,18.1,1263.0,2841.8,2755.7,33.4,中立,2,,,2026-08-06
7974,任天堂,その他製品,8043.0,22.067053,3.1388369,2.72,14.93,92725.6,7328.7,7334.0,63.7,中立,1,,,2026-08-06
7975,リヒトラブ,その他製品,1111.0,56.338745,0.34160188,2.25,1.25,37.7,1106.2,1113.4,54.1,中立,0,,,
7976,三菱鉛筆,その他製品,2934.0,21.34439,1.0678982,1.81,5.61,1467.3,2700.7,2576.2,72.0,買われすぎ,0,,,
7979,松風,精密機器,2277.0,16.614374,1.6675968,2.42,13.17,810.4,2138.8,1941.7,66.8,中立,4,,,2026-08-05
7980,重松製作所,その他製品,849.0,8.6000805,0.63977885,1.77,7.8,60.4,822.1,839.2,61.3,中立,2,,,2026-08-07
7981,タカラスタンダード,その他製品,3065.0,13.218615,0.9900609,4.05,7.52,1938.0,3092.8,3004.7,49.0,中立,1,,,2026-08-03
7983,ミロク,その他製品,1040.0,,0.26531398,0.96,-20.32,30.5,1039.8,1072.0,47.4,中立,0,,,
7984,コクヨ,その他製品,875.4,16.808756,1.4471838,2.8,8.6,3657.7,864.8,823.6,56.3,中立,1,,,2026-08-06
7985,ネポン,金属製品,799.0,,0.31315172,1.13,1.55,7.7,,,,,1,,,2026-08-06
7986,日本アイ・エス・ケイ,その他製品,1914.0,7.051542,0.6191303,1.57,10.22,29.4,1885.0,1864.7,59.0,中立,0,,,
7987,ナカバヤシ,その他製品,577.0,8.1531725,0.5084009,3.81,4.77,156.5,573.9,565.9,53.3,中立,1,,,2026-08-07
7988,ニフコ,化学,5073.0,14.032806,1.5935807,1.66,11.88,4724.3,5106.6,4699.0,52.7,中立,0,,,
7989,立川ブラインド工業,金属製品,2588.0,15.863675,0.9177757,5.41,5.87,520.2,2568.4,2487.3,54.7,中立,2,,,2026-08-04
7990,グローブライド,その他製品,2715.0,11.3063755,0.91514313,3.68,8.58,575.5,2488.6,2396.0,75.5,買われすぎ,2,,,2026-08-07
7991,マミヤ・オーピー,機械,1069.0,6.4479165,0.42292416,4.68,3.1,110.4,1090.7,1117.5,44.6,中立,2,,,2026-08-05
7992,セーラー万年筆,その他製品,103.0,,2.8535018,,-13.36,30.5,102.6,104.8,50.5,中立,2,,,2026-08-06
7994,オカムラ,その他製品,2320.0,9.793162,1.0760044,4.53,11.52,2196.4,2294.8,2316.4,53.8,中立,2,,,2026-08-07
7995,バルカー,化学,6940.0,23.8316,2.2866054,2.45,13.52,1223.8,6664.4,6980.3,52.2,中立,0,,,
7997,くろがね工作所,その他製品,1041.0,4.301653,0.36712506,1.92,8.74,17.4,1038.2,1005.4,52.8,中立,1,,,2026-08-06
8001,伊藤忠商事,卸売業,2080.0,16.25762,2.14827,2.12,14.09,145390.2,1954.0,1928.2,70.3,買われすぎ,5,,,2026-08-06
8002,丸紅,卸売業,5024.0,15.2141,1.8317863,2.29,14.21,81733.6,5087.5,5198.2,47.8,中立,3,,,2026-08-05
8005,スクロール,小売業,1879.0,23.301092,1.6566727,5.16,8.42,637.7,1739.2,1629.6,75.8,買われすぎ,0,,,
8006,ユアサ・フナショク,卸売業,1575.0,12.282618,0.6398857,2.1,5.46,278.2,1610.5,1540.1,45.8,中立,1,,,2026-08-07
8007,高島,卸売業,795.0,22.114046,1.1691004,5.79,5.2,270.9,788.8,765.8,54.8,中立,2,,,2026-08-06
8008,ヨンドシーホールディングス,小売業,2055.0,24.640287,1.0995885,4.14,5.45,441.3,2058.7,1920.2,53.3,中立,0,,,
8011,三陽商会,繊維製品,5120.0,13.054896,1.3122169,2.19,10.85,506.1,4572.8,4070.0,78.3,買われすぎ,1,,,2026-08-03
8012,長瀬産業,卸売業,1254.5,15.891816,1.2025659,2.23,9.65,5116.3,1178.4,1165.3,62.5,中立,3,,,2026-08-04
8013,ナイガイ,繊維製品,348.0,54.20561,0.39842507,,3.59,27.2,357.6,347.8,40.7,中立,0,,,
8014,蝶理,卸売業,4080.0,8.374041,0.96394736,4.22,12.89,1005.5,3931.0,4028.1,63.3,中立,0,,,
8015,豊田通商,卸売業,7424.0,21.173922,2.6903844,1.68,16.06,78380.8,6488.6,6493.3,74.8,買われすぎ,0,,,
8016,オンワードホールディングス,繊維製品,776.0,10.456812,1.1176982,4.25,12.15,1057.5,747.6,738.5,63.7,中立,1,,,2026-08-05
8018,三共生興,卸売業,823.0,14.979979,0.55522835,3.28,3.89,306.7,808.0,841.4,53.7,中立,3,,,2026-08-07
8020,兼松,卸売業,2208.5,11.334942,1.7625867,3.17,18.01,3675.2,2108.7,2121.4,66.2,中立,2,,,2026-08-04
8022,美津濃,その他製品,3995.0,16.656939,1.7523489,1.65,11.21,3037.9,3638.0,3441.1,72.8,買われすぎ,1,,,2026-08-07
8023,ＤＡＩＫＯ　ＸＴＥＣＨ,情報・通信業,1024.0,8.982456,0.9434353,3.71,10.9,129.7,991.0,968.1,64.5,中立,0,,,
8025,ツカモトコーポレーション,卸売業,1278.0,29.098362,0.31911084,2.35,1.17,51.6,1290.4,1249.5,46.9,中立,1,,,2026-08-07
8029,ルックホールディングス,繊維製品,2550.0,12.901594,0.47459537,3.92,4.7,191.0,2636.0,2636.7,34.5,デッドクロス,2,,,2026-08-06
8030,中央魚類,卸売業,3605.0,4.8882685,0.37832606,3.33,8.32,144.0,3641.2,3599.6,47.6,中立,0,,,
8031,三井物産,卸売業,4933.0,16.950726,1.5571319,2.84,11.38,139810.5,4786.8,5101.0,55.9,中立,3,,,2026-08-04
8032,日本紙パルプ商事,卸売業,1204.0,30.566133,1.0508556,2.99,4.17,1327.2,1121.5,1116.7,71.5,買われすぎ,2,,,2026-08-07
8035,東京エレクトロン,電気機器,54500.0,43.58396,11.563063,1.37,30.93,247784.9,63866.8,60133.5,38.7,中立,1,,,2026-08-03
8037,カメイ,卸売業,4150.0,10.668929,0.73172575,3.28,7.32,1269.9,3743.2,3521.7,75.9,買われすぎ,4,,,2026-08-06
8039,築地魚市場,卸売業,3555.0,20.494638,1.1147269,0.98,5.66,79.0,3475.4,3705.0,55.7,中立,0,,,
8040,東京ソワール,繊維製品,1033.0,15.080292,0.3329999,4.36,,35.8,1029.8,1037.6,51.8,中立,2,,,2026-08-06
8041,ＯＵＧホールディングス,卸売業,4430.0,4.4451137,0.57708,3.88,13.97,239.1,4453.2,4231.9,51.7,中立,0,,,
8043,スターゼン,卸売業,1365.0,9.360214,0.8148412,3.66,9.04,780.0,1309.2,1208.2,63.7,中立,1,,,2026-08-04
8045,横浜丸魚,卸売業,2050.0,20.882143,0.5889764,1.66,3.4,123.5,1979.4,1771.3,59.4,中立,3,,,2026-08-06
8046,丸藤シートパイル,卸売業,958.0,8.661061,0.5082816,3.97,6.73,165.2,904.4,879.7,68.2,中立,0,,,
8050,セイコーグループ,精密機器,9170.0,34.118393,4.264192,0.98,13.16,7495.7,7837.6,7170.0,65.3,中立,3,,,2026-08-07
8051,山善,卸売業,1812.0,18.154493,1.1236861,3.97,7.18,1601.7,1761.7,1702.6,59.9,中立,1,,,2026-08-03
8052,椿本興業,卸売業,2736.0,9.999635,1.006854,4.39,10.24,502.6,2810.4,2741.0,45.3,中立,0,,,
8053,住友商事,卸売業,1788.0,14.341863,1.8428886,2.24,13.61,84730.6,1612.8,1646.1,71.9,買われすぎ,1,,,2026-08-03
8056,ＢＩＰＲＯＧＹ,情報・通信業,4305.0,13.448922,2.3228536,3.25,17.88,4159.3,4659.9,4556.1,39.2,中立,2,,,2026-08-05
8057,内田洋行,卸売業,2085.0,8.577423,1.2567312,3.45,17.96,1028.3,2083.1,1982.3,52.7,中立,0,,,
8058,三菱商事,卸売業,4868.0,23.196417,1.8880409,2.57,10.08,178241.8,4656.4,4850.6,59.1,中立,2,,,2026-08-06
8059,第一実業,卸売業,3490.0,11.225835,1.2023637,3.61,11.6,1110.1,3376.0,3167.5,59.1,中立,1,,,2026-08-03
8060,キヤノンマーケティングジャパン,卸売業,3666.0,17.315323,1.9392669,2.59,11.55,7551.8,3564.9,3533.8,63.2,中立,0,,,
8061,西華産業,卸売業,3015.0,14.584241,1.9967483,3.08,14.8,1073.0,2702.2,2897.2,65.0,中立,4,,,2026-08-07
8065,佐藤商事,卸売業,3595.0,11.587429,0.9483564,3.06,8.71,744.5,3098.2,3070.5,73.5,買われすぎ,0,,,
8066,三谷商事,卸売業,3145.0,11.21612,1.4046412,2.93,13.0,2630.0,2833.6,2635.7,73.7,買われすぎ,0,,,
8070,東京産業,卸売業,852.0,8.855628,0.8816846,4.69,10.86,222.5,835.1,828.8,58.9,中立,0,,,
8074,ＹＵＡＳＡ,卸売業,6110.0,10.727579,1.0716971,3.83,10.5,1286.4,5614.8,5569.9,76.9,買われすぎ,1,,,2026-08-07
8075,神鋼商事,卸売業,3005.0,9.584104,0.8021984,3.73,8.6,794.0,2545.4,2431.8,87.3,買われすぎ,3,,,2026-08-06
8076,カノークス,卸売業,2074.0,9.438857,0.6087606,5.11,6.61,203.4,2058.1,2010.6,57.2,中立,0,,,
8077,トルク,卸売業,207.0,6.1698956,0.32384434,2.9,5.46,46.8,209.2,207.4,44.7,中立,0,,,
8078,阪和興業,卸売業,1821.0,9.427418,0.82861996,3.62,9.1,3521.8,1719.3,1716.5,64.3,中立,3,,,2026-08-07
8079,正栄食品工業,卸売業,4340.0,18.703672,1.2229766,2.07,6.85,719.3,4321.6,4151.0,51.9,中立,0,,,
8081,カナデン,卸売業,2394.0,13.448683,1.0485789,4.18,,533.8,2493.7,2475.4,40.6,中立,2,,,2026-08-03
8084,ＲＹＯＤＥＮ,卸売業,4560.0,18.68393,1.0400444,2.8,6.23,981.8,4087.2,3851.1,72.2,買われすぎ,0,,,
8085,ナラサキ産業,卸売業,4330.0,9.832865,0.7306859,3.23,10.03,216.7,4218.0,4156.1,59.6,中立,2,,,2026-08-04
8086,ニプロ,精密機器,1610.0,21.931616,0.95793074,1.99,4.87,2625.8,1592.6,1618.2,50.4,中立,0,,,
8088,岩谷産業,卸売業,2227.0,10.756376,1.1727422,2.11,11.62,5126.0,2010.6,1964.4,72.3,買われすぎ,1,,,2026-08-06
8089,ナイス,卸売業,1908.0,8.74307,0.37276617,5.03,4.4,221.9,1904.5,1881.7,52.0,中立,3,,,2026-08-07
8091,ニチモウ,卸売業,2392.0,9.194695,0.5868278,4.18,6.77,201.0,2333.5,2273.8,61.8,中立,2,,,2026-08-07
8093,極東貿易,卸売業,1822.0,12.0153,0.68907225,4.06,5.98,217.5,1764.3,1785.8,67.8,中立,2,,,2026-08-07
8095,アステナホールディングス,卸売業,521.0,9.082985,0.74091876,3.45,8.45,210.2,513.7,494.2,60.1,中立,1,,,2026-08-04
8097,三愛オブリ,卸売業,2343.0,15.855721,1.2506185,4.27,7.92,1449.9,2245.0,2187.3,65.4,中立,2,,,2026-08-06
8098,稲畑産業,卸売業,4050.0,10.518388,0.9169505,3.53,9.49,2162.0,3979.8,3909.9,61.4,中立,1,,,2026-08-05
8101,ＧＳＩクレオス,卸売業,2748.0,13.263188,1.0442694,3.86,8.17,333.5,2588.7,2433.7,66.7,中立,1,,,2026-08-03
8103,明和産業,卸売業,911.0,10.8491125,0.8620069,5.16,8.87,345.9,908.2,879.8,54.2,中立,1,,,2026-08-04
8104,クワザワホールディングス,卸売業,675.0,9.354213,0.58160377,4.44,6.41,99.9,684.2,638.0,48.9,中立,1,,,2026-08-07
8105,Ｂｉｔｃｏｉｎ　Ｊａｐａｎ,卸売業,90.0,,1.4505835,,-16.09,58.0,112.4,148.4,33.0,中立,1,,,2026-08-03
8107,キムラタン,繊維製品,31.0,,5.185681,,-7.77,85.4,31.7,32.3,40.7,中立,1,,,2026-08-05
8111,ゴールドウイン,繊維製品,2075.0,11.798488,2.193052,3.37,19.98,2838.0,2283.1,2207.1,33.3,中立,2,,,2026-08-06
8113,ユニ・チャーム,化学,1023.0,27.5,2.246727,2.15,8.29,17603.8,983.0,942.7,60.3,中立,2,,,2026-08-05
8115,ムーンバット,卸売業,1338.0,10.565382,1.0310677,5.08,10.12,60.3,1596.7,1608.0,25.2,売られすぎ,1,,,2026-08-06
8117,中央自動車工業,卸売業,2184.0,12.514325,1.9173081,3.02,16.26,1207.0,2108.8,2012.8,64.2,中立,2,,,2026-08-05
8118,キング,繊維製品,1241.0,31.666243,0.8556785,1.45,2.74,197.8,1235.2,1174.9,53.7,中立,2,,,2026-08-07
8119,三栄コーポレーション,卸売業,764.0,12.771648,0.48744416,4.06,1.65,72.6,781.6,773.4,38.0,中立,0,,,
8123,川辺,卸売業,1387.0,13.547568,0.34004664,3.6,2.56,25.3,1343.1,1339.6,70.7,買われすぎ,2,,,2026-08-07
8125,ワキタ,卸売業,1944.0,27.866972,0.9940749,5.14,3.54,966.7,1874.2,1779.0,69.0,中立,0,,,
8127,ヤマトインターナショナル,繊維製品,582.0,81.5126,0.68197155,2.41,1.05,118.5,593.2,592.7,40.2,中立,0,,,
8129,東邦ホールディングス,卸売業,3798.0,14.5573015,0.90533465,4.74,6.56,2457.4,4000.7,4092.3,41.2,中立,2,,,2026-08-07
8130,サンゲツ,卸売業,3110.0,12.485949,1.5042176,4.98,12.32,1828.4,3039.0,2969.2,59.2,中立,2,,,2026-08-06
8131,ミツウロコグループホールディングス,卸売業,2106.0,12.792322,1.0933955,3.13,9.01,1150.8,2100.8,1954.5,55.0,中立,1,,,2026-08-07
8132,シナネンホールディングス,卸売業,6390.0,15.671368,1.1543137,1.88,7.7,692.7,6768.4,7246.7,40.8,中立,0,,,
8133,伊藤忠エネクス,卸売業,2111.0,14.831729,1.2738885,3.22,11.74,2383.6,2062.7,2005.2,57.4,中立,1,,,2026-08-06
8135,ゼット,卸売業,425.0,8.523867,0.5426435,4.24,6.53,83.2,426.9,424.0,48.9,中立,1,,,2026-08-07
8136,サンリオ,卸売業,1397.0,31.23882,10.87261,1.15,41.67,16937.6,1218.3,1021.7,69.8,中立,0,,,
8137,サンワテクノス,卸売業,3970.0,18.680593,1.096071,3.27,7.53,620.4,3812.4,3683.6,57.8,中立,0,,,
8138,三京化成,卸売業,4195.0,5.0133247,0.4107486,2.38,5.42,37.8,4080.8,4105.5,58.2,中立,1,,,2026-08-05
8139,ナガホリ,卸売業,2138.0,29.810373,2.3214831,0.7,8.11,327.9,2127.3,2268.3,51.8,中立,1,,,2026-08-07
8141,新光商事,卸売業,1566.0,40.48604,0.8492246,1.18,2.15,447.1,1583.0,1587.1,44.2,中立,1,,,2026-08-04
8142,トーホー,卸売業,1355.0,9.480828,1.2345791,4.5,14.63,432.0,1342.9,1319.7,54.0,中立,0,,,
8143,ラピーヌ,繊維製品,145.0,,0.47935945,,-23.25,3.4,144.0,161.9,47.5,中立,0,,,
8144,デンキョーグループホールディングス,卸売業,1262.0,24.097767,0.28842813,3.17,1.22,79.3,1279.7,1310.6,33.7,中立,2,,,2026-08-07
8147,トミタ,卸売業,1390.0,10.807029,0.5578409,1.8,5.04,72.1,1387.6,1284.1,53.3,中立,1,,,2026-08-07
8150,三信電気,卸売業,3055.0,7.543582,0.814291,4.58,11.36,374.0,2891.9,2797.6,61.9,中立,3,,,2026-08-05
8151,東陽テクニカ,卸売業,1992.0,17.084047,1.4468658,3.51,9.46,430.4,1960.4,1945.5,52.7,中立,3,,,2026-08-05
8152,ソマール,卸売業,7730.0,10.063925,0.67065525,1.29,7.0,149.8,7670.4,7088.3,54.9,中立,0,,,
8153,モスフードサービス,卸売業,3740.0,25.134409,1.9538116,0.91,8.03,1149.7,3797.2,3733.9,47.9,中立,2,,,2026-08-07
8154,加賀電子,卸売業,4845.0,7.720131,1.2583337,2.89,17.81,2309.1,4398.0,4371.8,64.9,中立,1,,,2026-08-04
8157,都築電気,情報・通信業,4045.0,11.36236,1.5743061,4.7,13.67,736.9,4006.8,3913.9,52.4,中立,0,,,
8158,ソーダニッカ,卸売業,1327.0,12.801466,0.83046347,3.32,8.46,302.9,1187.1,1115.4,81.3,買われすぎ,2,,,2026-08-03
8159,立花エレテック,卸売業,4105.0,12.444297,0.85939217,2.92,8.41,902.1,3442.4,3193.1,76.6,買われすぎ,2,,,2026-08-05
8160,木曽路,小売業,2425.0,39.475826,2.1619549,1.24,5.58,682.9,2412.8,2343.7,52.9,中立,0,,,
8163,ＳＲＳホールディングス,小売業,1515.0,41.11262,3.5114639,0.66,9.98,626.5,1356.1,1244.4,71.4,買われすぎ,4,,,2026-08-07
8165,千趣会,小売業,110.0,1.3059479,0.32008287,,29.0,51.5,110.4,117.4,46.2,中立,3,,,2026-08-07
8166,タカキュー,小売業,77.0,6.3531356,0.3139628,,9.96,32.1,78.2,78.6,37.4,中立,1,,,2026-08-05
8167,リテールパートナーズ,小売業,1389.0,11.603041,0.6544321,2.88,5.42,588.8,1357.7,1323.0,57.2,中立,1,,,2026-08-05
8173,Ｊｏｓｈｉｎ,小売業,4050.0,31.909864,0.9835838,2.47,4.91,1048.1,3752.2,3455.8,63.1,中立,3,,,2026-08-04
8174,日本瓦斯,小売業,2782.0,20.363052,4.611962,3.95,22.86,2963.6,2863.7,2808.8,42.0,中立,1,,,2026-08-03
8179,ロイヤルホールディングス,小売業,1323.0,23.008696,2.4010713,1.32,11.1,1303.5,1282.6,1285.9,57.9,中立,2,,,2026-08-07
8181,東天紅,小売業,1002.0,4.1625123,0.27526543,1.5,-1.36,25.7,1022.2,1013.9,43.5,中立,0,,,
8185,チヨダ,小売業,1018.0,148.3965,0.69359,5.3,-0.5,345.6,998.1,972.2,62.0,中立,0,,,
8194,ライフコーポレーション,小売業,2623.0,12.049798,1.4399018,2.67,12.26,2269.4,2511.4,2535.4,59.4,中立,0,,,
8198,マックスバリュ東海,小売業,3170.0,9.8581915,1.052263,2.68,10.73,1010.8,3220.2,3296.1,45.1,中立,0,,,
8200,リンガーハット,小売業,2289.0,34.36937,3.8625937,0.57,12.01,593.2,2293.8,2190.5,51.3,中立,1,,,2026-08-05
8202,ラオックスホールディングス,小売業,146.0,,0.6171352,2.74,1.58,133.5,146.7,147.7,47.3,中立,0,,,
8203,ＭｒＭａｘＨＤ,小売業,779.0,9.561802,0.6759589,3.72,7.79,259.6,780.6,744.0,50.9,中立,2,,,2026-08-06
8207,テンアライド,小売業,293.0,,4.285631,,-16.42,117.3,292.4,286.3,58.9,中立,2,,,2026-08-07
8214,ＡＯＫＩホールディングス,小売業,1745.0,15.515248,1.0134902,6.88,6.59,1468.6,1707.4,1637.6,61.4,中立,2,,,2026-08-07
8217,オークワ,小売業,806.0,124.38271,0.44626397,3.23,0.01,327.9,795.8,785.5,56.4,中立,0,,,
8218,コメリ,小売業,3905.0,12.612234,0.69772315,1.49,5.83,1833.7,3628.6,3529.1,63.5,中立,1,,,2026-08-03
8219,青山商事,小売業,737.0,15.363769,0.59073424,5.16,3.86,1046.2,726.4,719.2,56.4,中立,1,,,2026-08-07
8225,タカチホ,卸売業,3650.0,7.774062,0.99014115,3.01,13.58,25.5,3492.6,3397.0,61.8,中立,0,,,
8226,理経,卸売業,372.0,7.5349402,0.93351233,1.88,13.26,56.2,369.4,402.4,50.4,中立,3,,,2026-08-07
8227,しまむら,小売業,3419.0,16.908165,1.4410539,2.34,9.33,7098.5,3383.6,3304.7,53.6,中立,0,,,
8230,はせがわ,小売業,317.0,19.800125,0.45106,4.73,2.3,57.7,313.9,313.0,60.1,中立,0,,,
8233,高島屋,小売業,2299.5,,1.4825451,1.74,-0.54,6737.9,2324.0,2157.3,49.7,中立,0,,,
8237,松屋,小売業,2174.0,51.897827,4.2231717,0.55,8.63,1103.1,1821.4,1652.0,73.4,買われすぎ,1,,,2026-08-03
8242,エイチ・ツー・オー　リテイリング,小売業,2791.0,11.072761,1.0522438,1.72,11.7,3170.7,2839.0,2638.7,47.9,中立,4,,,2026-08-04
8244,近鉄百貨店,小売業,1818.0,19.45009,1.5790557,1.1,13.35,733.2,1847.3,1767.9,48.1,中立,0,,,
8247,大和,小売業,294.0,,0.2975856,,-20.33,16.5,296.9,288.3,50.3,中立,0,,,
8252,丸井グループ,小売業,2964.5,18.728285,2.2463286,4.52,12.44,5297.9,2959.9,2886.1,53.3,中立,4,,,2026-08-04
8253,クレディセゾン,その他金融業,4734.0,11.150892,0.89388216,3.38,8.37,6799.2,4626.3,4391.5,59.9,中立,0,,,
8254,さいか屋,小売業,360.0,54.380665,1.5980397,1.39,6.46,25.0,304.0,266.1,63.6,中立,1,,,2026-08-07
8255,アクシアル　リテイリング,小売業,1189.0,11.967791,1.1062142,2.44,9.39,1044.8,1201.8,1115.4,49.4,中立,3,,,2026-08-05
8260,井筒屋,小売業,373.0,8.475347,0.34126508,1.88,3.23,41.4,377.6,395.4,43.8,中立,0,,,
8267,イオン,小売業,1391.0,51.84495,3.1815958,1.01,7.21,38483.8,1388.1,1419.8,52.0,中立,0,,,
8273,イズミ,小売業,995.0,12.533065,0.70765924,3.02,5.75,2091.5,997.3,960.1,51.5,中立,0,,,
8275,フォーバル,卸売業,998.0,17.629395,1.3779544,3.21,9.44,260.6,1007.5,1021.5,46.5,中立,0,,,
8276,平和堂,小売業,2689.0,14.206467,0.6789478,2.45,4.38,1329.8,2608.8,2588.1,58.2,中立,0,,,
8278,フジ,小売業,2013.0,21.337715,0.77460796,1.49,3.21,1744.2,2002.2,2005.8,51.8,中立,0,,,
8281,ゼビオホールディングス,小売業,1110.0,,0.38875008,3.15,-2.02,459.3,1099.9,1051.2,55.8,中立,0,,,
8282,ケーズホールディングス,小売業,1897.5,20.821903,1.1780403,2.53,5.73,2931.8,1851.8,1924.0,52.4,中立,1,,,2026-08-06
8283,ＰＡＬＴＡＣ,卸売業,6630.0,18.478262,1.335827,1.9,,4019.8,6622.6,6290.8,58.3,中立,3,,,2026-08-07
8285,三谷産業,卸売業,737.0,12.506364,0.79239386,2.17,8.21,453.8,697.2,687.2,66.9,中立,0,,,
8291,日産東京販売ホールディングス,小売業,552.0,12.239469,0.5601826,4.89,4.66,328.2,552.3,553.2,48.8,中立,0,,,
8303,ＳＢＩ新生銀行,銀行業,1551.0,11.278359,1.1229326,1.29,,13757.4,1460.0,1499.4,61.1,中立,0,,,
8304,あおぞら銀行,銀行業,3259.0,17.56684,0.90330654,2.88,6.56,4509.8,3026.2,2786.8,74.3,買われすぎ,3,,,2026-08-07
8306,三菱ＵＦＪフィナンシャル・グループ,銀行業,3564.0,16.787565,1.767219,2.69,9.46,401907.7,3562.4,3226.6,53.1,中立,2,,,2026-08-06
8308,りそなホールディングス,銀行業,2313.0,20.32156,1.7242665,1.6,9.23,51975.8,2303.0,2142.1,54.2,中立,3,,,2026-08-07
8309,三井住友トラストグループ,銀行業,1680.5,12.733954,0.31849125,2.83,10.78,11567.5,1664.7,1503.6,57.6,中立,0,,,
8316,三井住友フィナンシャルグループ,銀行業,6782.0,16.476763,1.6000298,1.99,8.57,258529.9,6868.1,6295.4,51.0,中立,2,,,2026-08-03
8331,千葉銀行,銀行業,2666.0,18.255274,1.4797226,2.4,8.3,18429.1,2697.0,2450.5,52.5,中立,2,,,2026-08-04
8334,群馬銀行,銀行業,2595.0,16.75707,1.5531332,2.7,10.3,9822.1,2536.2,2345.1,58.0,中立,2,,,2026-08-03
8336,武蔵野銀行,銀行業,2654.0,17.074112,0.9359871,3.09,5.8,2575.0,2636.5,2508.9,53.3,中立,1,,,2026-08-04
8337,千葉興業銀行,銀行業,2575.0,24.414526,0.7667625,0.78,4.86,1478.4,2650.5,2399.8,48.5,中立,1,,,2026-08-06
8338,筑波銀行,銀行業,657.0,8.213527,0.5115109,0.76,6.75,541.4,644.2,630.2,52.1,中立,2,,,2026-08-06
8341,七十七銀行,銀行業,3661.0,15.119977,1.0780156,2.84,9.39,8167.6,3540.0,3305.0,59.4,中立,0,,,
8343,秋田銀行,銀行業,8030.0,18.25581,0.7611767,2.49,4.99,1429.2,7322.8,6451.5,69.1,中立,0,,,
8344,山形銀行,銀行業,4230.0,20.342405,0.8415492,2.32,5.05,1312.8,3894.6,3314.1,64.6,中立,2,,,2026-08-04
8345,岩手銀行,銀行業,2358.0,18.266327,0.8174727,2.46,5.22,1627.8,2193.2,2035.8,62.5,中立,1,,,2026-08-07
8346,東邦銀行,銀行業,942.0,19.057253,1.0424563,2.23,6.57,2353.9,866.2,780.1,64.7,中立,1,,,2026-08-07
8349,東北銀行,銀行業,1479.0,14.151755,0.41951126,3.38,4.92,139.9,1450.6,1426.1,58.1,中立,0,,,
8354,ふくおかフィナンシャルグループ,銀行業,7544.0,16.677351,1.3244919,2.78,8.52,14255.3,7452.3,6916.4,55.7,中立,1,,,2026-08-07
8358,スルガ銀行,銀行業,2735.0,13.775562,1.441912,2.19,11.21,4651.7,2655.1,2437.3,60.8,中立,1,,,2026-08-05
8359,八十二長野銀行,銀行業,2607.0,18.48805,0.9872408,2.49,6.51,11876.6,2571.5,2384.8,56.6,中立,2,,,2026-08-07
8360,山梨中央銀行,銀行業,7070.0,21.712425,0.9042379,0.46,4.99,2169.4,6680.4,6114.8,59.0,中立,1,,,2026-08-03
8361,大垣共立銀行,銀行業,7560.0,16.243044,0.8521426,0.4,5.68,3105.9,7704.4,7407.9,50.2,中立,1,,,2026-08-07
8362,福井銀行,銀行業,6180.0,16.993895,0.95624095,2.43,7.48,1461.9,5924.0,5128.5,58.1,中立,2,,,2026-08-07
8364,清水銀行,銀行業,2793.0,15.760072,0.3908571,2.15,3.09,316.1,2669.8,2556.6,58.0,中立,2,,,2026-08-07
8365,富山銀行,銀行業,2371.0,12.077836,0.40761378,2.32,3.31,126.5,2342.3,2188.8,56.9,中立,1,,,2026-08-04
8366,滋賀銀行,銀行業,2553.0,27.64483,0.9089226,1.96,4.44,5868.8,2655.2,2304.8,49.7,中立,0,,,
8367,南都銀行,銀行業,1808.0,16.645185,0.9287378,3.1,6.1,2839.7,1837.9,1726.8,50.1,中立,0,,,
8368,百五銀行,銀行業,2121.0,19.257309,0.97750854,1.98,6.42,5119.9,2060.0,1953.7,55.7,中立,0,,,
8370,紀陽銀行,銀行業,4845.0,14.258806,1.2607545,2.15,9.36,3120.8,4721.4,4456.8,57.4,中立,1,,,2026-08-03
8377,ほくほくフィナンシャルグループ,銀行業,8053.0,16.657703,1.2792091,0.19,9.72,9615.4,7578.0,6795.3,63.5,中立,2,,,2026-08-07
8381,山陰合同銀行,銀行業,2504.0,16.686659,1.1545289,2.72,8.11,3738.7,2440.2,2186.7,60.7,中立,1,,,2026-08-03
8383,鳥取銀行,銀行業,1861.0,10.994269,0.3363133,2.69,3.7,174.2,1702.4,1604.0,76.0,買われすぎ,1,,,2026-08-07
8386,百十四銀行,銀行業,2872.0,17.29912,0.84486544,2.44,5.57,3247.9,2781.4,2566.7,56.8,中立,3,,,2026-08-05
8387,四国銀行,銀行業,3515.0,8.415936,0.7709493,2.45,9.94,1472.2,3305.6,2933.1,61.4,中立,1,,,2026-08-07
8388,阿波銀行,銀行業,8930.0,22.498236,0.83779466,2.02,4.66,3471.7,8138.8,7184.7,69.3,中立,0,,,
8392,大分銀行,銀行業,2712.0,19.552992,0.83544713,1.84,4.66,2048.2,2614.4,2367.2,57.2,中立,2,,,2026-08-07
8393,宮崎銀行,銀行業,2389.0,14.338875,0.90158087,2.34,6.84,2004.7,2327.3,2116.7,55.0,中立,2,,,2026-08-06
8395,佐賀銀行,銀行業,5880.0,11.646332,0.7856487,1.87,8.17,993.8,5668.4,5379.0,58.5,中立,2,,,2026-08-05
8399,琉球銀行,銀行業,3095.0,13.974174,0.8721147,3.17,6.37,1269.1,2877.3,2644.3,66.6,中立,0,,,
8410,セブン銀行,銀行業,325.0,26.771004,1.353287,3.38,4.76,3796.0,309.1,286.2,64.8,中立,4,,,2026-08-07
8411,みずほフィナンシャルグループ,銀行業,8446.0,16.78658,1.7853738,1.78,12.49,205781.6,8319.6,7640.1,55.4,中立,1,,,2026-08-03
8416,高知銀行,銀行業,1050.0,22.231632,0.23194139,2.38,1.36,106.5,1167.4,1191.6,33.0,中立,2,,,2026-08-07
8418,山口フィナンシャルグループ,銀行業,3075.0,19.576012,0.9481771,3.12,5.14,6221.7,3028.9,2873.9,56.0,中立,2,,,2026-08-07
8424,芙蓉総合リース,その他金融業,4475.0,18.74424,0.78980345,3.84,4.66,4036.5,4385.0,4296.3,57.5,中立,0,,,
8425,みずほリース,その他金融業,1356.0,7.974125,0.84261805,3.83,13.15,3799.3,1320.8,1322.0,59.3,中立,0,,,
8439,東京センチュリー,その他金融業,2523.0,11.116007,1.0624387,3.57,10.88,12331.5,2595.0,2430.0,45.7,中立,6,,,2026-08-03
8473,ＳＢＩホールディングス,証券、商品先物取引業,3003.0,4.808031,1.040679,3.5,23.42,19411.1,2851.2,2908.7,57.1,中立,0,,,
8508,Ｊトラスト,その他金融業,885.0,12.240664,0.93690455,1.92,-6.19,1169.8,832.1,762.8,63.7,中立,4,,,2026-08-07
8511,日本証券金融,その他金融業,2550.0,19.66682,1.5017244,3.69,7.81,2064.5,2412.9,2318.2,67.5,中立,2,,,2026-08-06
8518,日本アジア投資,証券、商品先物取引業,131.0,,0.45038542,,-1.24,36.0,128.1,135.5,52.2,中立,1,,,2026-08-03
8522,名古屋銀行,銀行業,6450.0,15.649642,1.0109295,3.1,7.3,3173.2,6539.6,6115.7,50.2,中立,1,,,2026-08-05
8524,北洋銀行,銀行業,1221.0,17.950603,1.1788161,2.62,7.03,4568.0,1183.9,1063.1,58.2,中立,2,,,2026-08-07
8537,大光銀行,銀行業,2695.0,9.174155,0.31623057,3.93,2.85,256.8,2732.8,2729.0,48.2,中立,0,,,
8541,愛媛銀行,銀行業,2853.0,15.459225,0.7702234,1.68,5.1,1114.8,2527.4,2136.4,66.6,中立,1,,,2026-08-03
8542,トマト銀行,銀行業,1759.0,17.561901,0.34760153,2.84,4.42,203.0,1602.2,1542.8,73.2,買われすぎ,1,,,2026-08-04
8544,京葉銀行,銀行業,2643.0,20.06072,0.9615602,2.5,5.61,3124.3,2678.2,2479.9,49.4,中立,2,,,2026-08-07
8550,栃木銀行,銀行業,1028.0,12.891899,0.6494265,2.92,5.5,1070.5,989.9,961.8,56.4,中立,0,,,
8551,北日本銀行,銀行業,6710.0,12.706889,0.57854104,0.95,5.46,549.7,6341.6,5576.6,61.4,中立,1,,,2026-08-03
8558,東和銀行,銀行業,1385.0,,0.57385635,3.61,-32.92,490.8,1382.8,1321.8,50.7,中立,4,,,2026-08-07
8562,福島銀行,銀行業,349.0,16.516802,0.5117685,1.43,3.09,121.7,345.2,349.0,52.8,中立,1,,,2026-08-06
8563,大東銀行,銀行業,1049.0,7.9092207,0.4561871,3.81,5.39,132.9,1016.0,987.1,61.0,中立,0,,,
8566,リコーリース,その他金融業,6630.0,15.942099,0.84748167,2.81,5.3,2043.7,6580.4,6265.9,54.9,中立,0,,,
8570,イオンフィナンシャルサービス,その他金融業,1618.0,16.554123,0.7325291,3.28,6.05,3493.0,1553.0,1526.7,65.5,中立,0,,,
8572,アコム,その他金融業,483.2,9.502459,1.0575479,4.55,9.35,7569.9,483.7,471.9,53.8,中立,0,,,
8584,ジャックス,その他金融業,3745.0,9.862011,0.5651067,5.34,4.98,1676.9,3713.2,3684.9,55.0,中立,2,,,2026-08-06
8585,オリエントコーポレーション,その他金融業,872.0,11.574198,0.611469,4.59,4.63,1492.7,890.9,900.5,46.6,中立,0,,,
8591,オリックス,その他金融業,6336.0,11.259597,1.552849,2.68,10.42,69203.9,6446.6,6091.7,47.9,中立,3,,,2026-08-07
8593,三菱ＨＣキャピタル,その他金融業,1446.5,12.826993,1.0435838,3.59,8.54,20770.6,1420.9,1370.7,56.8,中立,1,,,2026-08-07
8595,ジャフコ　グループ,証券、商品先物取引業,2246.0,18.164173,0.88275963,5.92,4.63,1181.8,2298.5,2264.3,40.4,中立,1,,,2026-08-06
8596,九州リースサービス,その他金融業,1590.0,9.141609,0.79339457,3.9,8.97,359.7,1504.6,1452.6,66.6,中立,1,,,2026-08-06
8600,トモニホールディングス,銀行業,1078.0,13.054008,0.70233047,2.78,5.6,2072.1,972.2,909.9,72.0,買われすぎ,2,,,2026-08-07
8601,大和証券グループ本社,証券、商品先物取引業,1818.5,14.649964,1.4000869,3.85,10.96,25251.1,1806.4,1622.6,56.2,中立,5,,,2026-08-06
8604,野村ホールディングス,証券、商品先物取引業,1562.0,11.721447,1.1906005,3.27,11.16,45656.8,1553.2,1405.1,54.7,中立,2,,,2026-08-06
8609,岡三証券グループ,証券、商品先物取引業,1115.0,10.47637,0.9497049,3.59,12.67,2238.9,1055.6,971.4,62.6,中立,1,,,2026-08-05
8613,丸三証券,証券、商品先物取引業,1219.0,16.147835,1.5712731,3.77,9.98,808.3,1148.0,1082.0,71.1,買われすぎ,0,,,
8614,東洋証券,証券、商品先物取引業,671.0,11.578947,1.5958104,7.45,18.45,455.7,659.9,637.7,56.7,中立,0,,,
8616,東海東京フィナンシャル・ホールディングス,証券、商品先物取引業,822.0,12.551535,1.0652043,4.87,12.92,2085.4,794.7,744.3,64.1,中立,1,,,2026-08-07
8617,光世証券,証券、商品先物取引業,555.0,24.910233,0.31492275,1.8,2.72,52.4,560.3,543.6,50.1,中立,0,,,
8622,水戸証券,証券、商品先物取引業,849.0,16.546482,1.1740661,5.89,10.34,511.4,754.8,688.1,73.9,買われすぎ,1,,,2026-08-07
8624,いちよし証券,証券、商品先物取引業,1561.0,11.408317,1.6306006,4.42,20.18,502.0,1520.3,1391.8,56.9,中立,1,,,2026-08-06
8628,松井証券,証券、商品先物取引業,1074.0,17.91792,3.0626736,4.66,,2766.6,1059.2,986.1,57.2,中立,2,,,2026-08-03
8630,ＳＯＭＰＯホールディングス,保険業,7068.0,28.138063,1.2203153,2.83,13.51,62950.8,6865.7,6298.5,59.3,中立,1,,,2026-08-05
8697,日本取引所グループ,その他金融業,2264.0,38.549294,7.1925306,3.45,,23098.1,2215.4,2054.7,55.5,中立,0,,,
8698,マネックスグループ,証券、商品先物取引業,690.0,15.8803215,1.3721923,4.46,8.31,1734.4,719.2,675.1,45.4,中立,3,,,2026-08-06
8699,ＨＳホールディングス,証券、商品先物取引業,1116.0,2.2866979,0.3243196,0.9,14.81,335.9,1152.5,1150.3,40.2,中立,0,,,
8700,丸八証券,証券、商品先物取引業,1952.0,11.389229,0.93222326,5.12,12.3,77.9,1909.7,1802.1,57.6,中立,1,,,2026-08-03
8704,トレイダーズホールディングス,証券、商品先物取引業,1297.0,8.252211,1.6524503,3.55,24.25,342.2,1267.1,1186.5,55.4,中立,2,,,2026-08-07
8705,日産証券グループ,証券、商品先物取引業,210.0,11.111112,0.8160347,11.43,-1.54,103.3,226.3,235.1,33.0,中立,2,,,2026-08-06
8706,極東証券,証券、商品先物取引業,1803.0,11.991221,1.0858581,6.1,10.41,567.9,1730.4,1615.0,63.8,中立,0,,,
8707,岩井コスモホールディングス,証券、商品先物取引業,4305.0,9.680248,1.358669,5.23,16.56,1011.2,4220.4,3957.7,57.3,中立,1,,,2026-08-06
8708,アイザワ証券グループ,証券、商品先物取引業,1699.0,19.217283,1.1070589,4.0,7.39,529.6,1626.2,1516.4,62.3,中立,0,,,
8713,フィデアホールディングス,銀行業,2454.0,10.730214,0.51702034,3.06,5.08,440.6,2122.0,2016.2,80.3,買われすぎ,1,,,2026-08-07
8714,池田泉州ホールディングス,銀行業,1031.0,16.594238,1.142414,2.67,7.97,2870.8,1019.1,980.8,53.7,中立,1,,,2026-08-06
8715,アニコム　ホールディングス,保険業,1212.0,40.657497,3.0836399,1.11,7.73,887.7,1218.2,1282.5,48.7,中立,3,,,2026-08-07
8725,ＭＳ＆ＡＤインシュアランスグループホールディングス,保険業,4850.0,14.151494,1.0961437,2.89,9.8,69901.6,4716.3,4439.9,57.9,中立,1,,,2026-08-05
8729,ソニーフィナンシャルグループ,保険業,152.6,19.66495,1.6268483,5.24,8.54,10237.1,154.5,145.8,49.2,中立,1,,,2026-08-04
8737,あかつき本社,証券、商品先物取引業,608.0,4.5413804,0.8756593,4.93,20.84,184.0,603.4,608.9,55.5,中立,0,,,
8739,スパークス・グループ,証券、商品先物取引業,2472.0,15.32548,2.4919105,4.45,20.83,976.9,2301.1,2170.3,72.3,買われすぎ,1,,,2026-08-07
8742,小林洋行,証券、商品先物取引業,562.0,23.986341,0.6666706,1.07,2.82,66.1,549.5,547.5,66.3,中立,3,,,2026-08-07
8746,ｕｎｂａｎｋｅｄ,証券、商品先物取引業,93.0,,0.4140584,,-1.01,16.9,102.1,182.2,32.9,中立,0,,,
8747,豊トラスティ証券,証券、商品先物取引業,1995.0,2.5605483,0.62422204,10.53,7.58,113.5,2357.9,2331.2,29.6,売られすぎ,5,,,2026-08-07
8750,第一ライフグループ,保険業,1932.5,15.942088,1.6357532,3.73,11.31,69588.4,1885.6,1716.4,59.3,中立,6,,,2026-08-07
8766,東京海上ホールディングス,保険業,7939.0,28.44806,1.874604,3.09,8.7,150822.7,7868.7,7461.7,54.2,中立,2,,,2026-08-04
8769,アドバンテッジリスクマネジメント,サービス業,492.0,11.248285,1.7643641,3.86,16.46,77.3,507.6,493.5,44.6,中立,0,,,
8771,イー・ギャランティ,その他金融業,1860.0,24.121386,4.0539303,4.52,15.04,826.2,1841.9,1749.8,57.5,中立,2,,,2026-08-07
8772,アサックス,その他金融業,880.0,7.346189,0.54972476,2.5,7.75,290.2,835.3,822.8,68.4,中立,2,,,2026-08-06
8783,ａｂｃ,その他金融業,59.0,,0.26639816,,,24.5,70.3,109.5,28.8,売られすぎ,2,,,2026-08-03
8789,フィンテック　グローバル,その他金融業,134.0,6.4547205,1.8768557,3.73,31.66,258.0,131.2,128.3,61.0,中立,0,,,
8793,ＮＥＣキャピタルソリューション,その他金融業,4070.0,9.549955,0.6681866,3.69,5.73,876.9,4096.4,4062.7,48.4,中立,0,,,
8795,Ｔ＆Ｄホールディングス,保険業,5006.0,17.91953,1.4900889,3.28,9.57,23957.7,4998.8,4525.3,53.2,中立,6,,,2026-08-07
8798,アドバンスクリエイト,保険業,127.0,,8.665984,,,46.9,127.4,138.3,49.4,中立,1,,,2026-08-04
8801,三井不動産,不動産業,1525.0,15.093032,1.2642235,2.43,8.17,41042.1,1544.6,1556.5,48.2,中立,3,,,2026-08-07
8802,三菱地所,不動産業,3833.0,21.103342,1.7194324,1.3,8.38,46115.9,4079.6,4140.5,41.1,中立,4,,,2026-08-07
8803,平和不動産,不動産業,2314.0,13.961626,1.235977,3.8,8.58,1528.9,2354.4,2370.7,42.7,中立,0,,,
8804,東京建物,不動産業,3432.0,12.120356,1.2051857,3.79,8.88,7125.5,3405.7,3324.4,54.2,中立,4,,,2026-08-06
8818,京阪神ビルディング,不動産業,1062.0,21.942148,0.59983057,2.82,5.96,1013.2,1112.5,1065.7,41.7,中立,0,,,
8830,住友不動産,不動産業,3502.0,15.335435,1.3091393,1.48,9.16,32345.0,3726.4,3895.9,38.0,中立,2,,,2026-08-06
8835,太平洋興発,卸売業,795.0,18.006794,0.38477713,5.09,2.08,61.8,791.8,802.4,52.9,中立,0,,,
8836,ＲＩＳＥ,不動産業,26.0,,1.4693416,,2.99,25.0,26.3,26.4,48.9,中立,0,,,
8841,テーオーシー,不動産業,971.0,36.850094,0.8229336,1.03,2.75,856.6,929.2,981.3,58.8,中立,1,,,2026-08-04
8844,コスモスイニシア,不動産業,1209.0,4.975718,0.7208623,4.38,10.74,409.1,1356.9,1258.1,30.7,中立,1,,,2026-08-05
8848,レオパレス２１,不動産業,674.0,16.093601,5.2638154,2.23,23.61,2141.3,668.1,647.7,54.5,中立,2,,,2026-08-07
8850,スターツコーポレーション,不動産業,4595.0,8.722806,1.1525642,3.26,13.89,2175.5,4726.0,4660.7,43.4,中立,2,,,2026-08-07
8860,フジ住宅,不動産業,753.0,5.695915,0.45645106,4.25,7.43,270.1,764.0,758.9,47.0,中立,0,,,
8864,空港施設,不動産業,925.0,13.305524,0.7416851,4.54,4.54,456.8,966.6,932.6,42.8,中立,0,,,
8869,明和地所,不動産業,823.0,5.043201,0.5230651,4.86,10.8,193.0,824.9,827.9,50.7,中立,0,,,
8871,ゴールドクレスト,不動産業,3220.0,18.263287,0.7636481,4.97,6.69,1070.2,3323.6,3353.5,40.5,中立,0,,,
8876,リログループ,サービス業,2132.5,16.333487,3.8192344,3.52,26.77,3229.8,2049.6,1946.2,63.3,中立,4,,,2026-08-06
8877,エスリード,不動産業,5090.0,7.031358,0.94737226,4.72,14.63,785.4,5129.2,5172.5,48.5,中立,0,,,
8881,日神グループホールディングス,不動産業,652.0,7.2589626,0.42459333,5.67,5.92,304.5,667.4,661.1,42.7,中立,1,,,2026-08-07
8887,シーラホールディングス,不動産業,379.0,2.132208,0.010472786,3.69,10.43,142.5,370.2,362.4,62.0,中立,2,,,2026-08-06
8891,ＡＭＧホールディングス,不動産業,2054.0,4.9638705,0.4801036,3.89,10.09,57.5,2056.2,1988.2,52.6,中立,2,,,2026-08-07
8892,エスコン,不動産業,1075.0,8.445946,1.2513518,4.93,13.3,1030.8,1100.1,1107.5,41.2,中立,0,,,
8894,ＲＥＶＯＬＵＴＩＯＮ,不動産業,22.0,,3.8340886,,-87.4,33.2,24.3,28.7,40.6,中立,2,,,2026-08-07
8897,ＭＩＲＡＲＴＨホールディングス,不動産業,411.0,11.840968,0.6644303,5.6,5.42,549.2,411.1,408.7,51.3,中立,3,,,2026-08-07
8898,センチュリー２１・ジャパン,不動産業,1126.0,13.54994,1.6870632,4.97,13.1,115.5,1126.7,1124.3,49.5,中立,0,,,
8904,ＡＶＡＮＴＩＡ,不動産業,861.0,9.339408,0.4488019,4.41,4.11,124.9,852.8,831.8,60.9,中立,0,,,
8908,毎日コムネット,不動産業,868.0,8.0229225,1.0633606,4.49,13.86,148.6,864.8,858.7,53.9,中立,0,,,
8912,エリアクエスト,不動産業,153.0,13.444639,1.5892305,2.61,10.31,23.7,151.6,164.1,46.5,中立,0,,,
8914,エリアリンク,不動産業,900.0,11.462049,0.62754416,3.22,,457.5,903.1,919.3,46.8,中立,1,,,2026-08-06
8917,ファースト住建,不動産業,1158.0,10.673795,0.39044905,3.71,8.57,161.1,1135.7,1088.1,63.9,中立,0,,,
8918,ランド,不動産業,10.0,34.48276,1.6131635,1.0,10.21,153.8,10.2,10.1,47.5,中立,0,,,
8919,カチタス,不動産業,3350.0,21.033464,4.939939,2.69,25.25,2621.1,3303.2,3344.9,52.6,中立,2,,,2026-08-07
8920,東祥,サービス業,691.0,7.267564,0.6606611,1.45,10.98,243.8,758.0,768.6,31.2,中立,2,,,2026-08-03
8923,トーセイ,不動産業,1762.0,10.562916,1.5371972,3.12,15.54,1709.2,1776.2,1671.3,51.1,中立,0,,,
8927,明豊エンタープライズ,不動産業,457.0,5.937378,1.2479008,3.72,24.26,139.6,452.2,440.2,60.8,中立,1,,,2026-08-03
8928,穴吹興産,不動産業,2283.0,4.5201654,0.5034616,3.15,12.84,243.5,2261.4,2352.1,52.7,中立,0,,,
8929,青山財産ネットワークス,不動産業,1261.0,11.0063715,2.6186872,5.55,27.72,303.4,1278.0,1301.5,45.8,中立,3,,,2026-08-07
8931,和田興産,不動産業,1398.0,5.839599,0.43857682,5.01,6.22,153.2,1379.9,1310.3,57.6,中立,0,,,
8934,サンフロンティア不動産,不動産業,2458.0,8.458944,1.0607785,3.25,14.34,1405.6,2502.4,2461.2,47.4,中立,2,,,2026-08-06
8935,ＦＪネクストホールディングス,不動産業,1922.0,6.2847424,0.75159335,4.16,15.04,629.5,1846.8,1753.4,61.0,中立,0,,,
8938,グローム・ホールディングス,不動産業,321.0,,0.39950016,0.93,-7.12,33.4,350.9,333.6,41.9,中立,0,,,
8944,ランドビジネス,不動産業,247.0,35.90116,0.27621529,2.43,10.63,49.0,243.5,244.4,54.4,中立,0,,,
8945,サンネクスタグループ,不動産業,1089.0,30.684698,1.2596964,3.86,6.12,101.1,1093.8,1118.6,44.4,中立,0,,,
8946,ＡＳＩＡＮ　ＳＴＡＲ,不動産業,79.0,16.596638,0.8274937,,2.53,21.1,77.9,77.5,53.9,中立,0,,,
8995,誠建設工業,不動産業,986.0,78.75399,0.48133016,2.54,0.62,19.8,894.4,937.5,54.0,中立,1,,,2026-08-07
8996,ハウスフリーダム,不動産業,1040.0,6.049677,1.0844573,5.29,21.63,39.9,1025.4,1005.1,57.2,中立,2,,,2026-08-07
8999,グランディハウス,不動産業,547.0,17.239206,0.6300442,5.85,3.66,158.6,539.2,527.6,58.6,中立,0,,,
9001,東武鉄道,陸運業,2950.5,10.429849,0.91983604,2.54,9.38,5769.2,3001.5,2887.7,46.4,中立,2,,,2026-08-04
9003,相鉄ホールディングス,陸運業,2472.5,9.561098,1.1332475,2.83,13.1,2372.8,2563.3,2552.2,43.8,中立,0,,,
9005,東急,陸運業,1670.0,10.9716835,1.042665,1.92,9.72,9419.5,1734.4,1687.9,40.7,中立,3,,,2026-08-07
9006,京浜急行電鉄,陸運業,1505.0,14.772282,1.0399249,3.06,7.07,3995.1,1560.9,1524.6,42.0,中立,4,,,2026-08-05
9007,小田急電鉄,陸運業,1707.0,15.7763405,1.1609395,3.51,7.61,5875.5,1730.0,1670.8,48.0,中立,4,,,2026-08-07
9008,京王電鉄,陸運業,754.4,10.337078,0.9839355,2.92,10.02,4391.3,779.2,756.5,43.5,中立,2,,,2026-08-06
9009,京成電鉄,陸運業,1287.5,12.931901,1.103484,1.71,9.42,6208.8,1261.3,1153.6,60.5,中立,0,,,
9010,富士急行,陸運業,2750.0,4.092323,3.4931147,1.2,14.84,1460.2,2653.3,2398.2,61.8,中立,2,,,2026-08-05
9012,秩父鉄道,陸運業,2110.0,8.178294,0.5676994,,7.28,31.3,2100.4,2120.9,52.5,中立,2,,,2026-08-06
9017,新潟交通,陸運業,1992.0,6.658867,0.37901786,0.5,5.85,76.5,1997.0,1983.3,47.7,中立,0,,,
9020,東日本旅客鉄道,陸運業,3461.0,15.775559,1.2824309,2.43,7.95,39077.1,3580.8,3518.4,44.9,中立,0,,,
9021,西日本旅客鉄道,陸運業,2926.0,10.5338955,1.1025665,3.33,9.34,13315.8,2966.5,2790.7,49.9,中立,3,,,2026-08-05
9022,東海旅客鉄道,陸運業,3903.0,6.8366933,0.71530837,0.82,11.16,37120.2,3817.1,3643.8,55.8,中立,0,,,
9023,東京地下鉄,陸運業,1469.0,14.457238,1.1541774,3.0,7.38,8529.0,1461.3,1459.4,53.4,ゴールデンクロス,0,,,
9024,西武ホールディングス,陸運業,3341.0,22.156643,1.479472,1.26,7.51,8492.1,3531.6,3334.2,44.6,中立,0,,,
9025,鴻池運輸,陸運業,2862.0,10.653267,0.9553426,3.84,9.48,1519.7,2869.2,2781.9,50.2,中立,1,,,2026-08-06
9028,ゼロ,陸運業,3495.0,8.829548,1.2756563,4.05,15.5,587.3,3616.6,3532.4,39.1,中立,2,,,2026-08-06
9029,ヒガシホールディングス,陸運業,1958.0,9.830304,1.5684842,3.17,18.22,256.0,1942.9,1915.8,53.3,中立,0,,,
9031,西日本鉄道,陸運業,2993.0,7.0805044,0.7955796,3.01,11.97,2260.1,3062.2,2921.6,46.4,中立,3,,,2026-08-06
9033,広島電鉄,陸運業,624.0,16.365067,0.42735863,1.28,2.91,189.6,624.1,619.3,51.0,中立,0,,,
9034,南総通運,陸運業,1624.0,11.33445,0.66980094,4.93,6.02,153.5,1613.1,1585.8,54.2,中立,2,,,2026-08-07
9036,東部ネットワーク,陸運業,1342.0,24.976736,0.35483092,1.49,1.47,73.7,1324.8,1284.7,53.3,中立,1,,,2026-08-03
9037,ハマキョウレックス,陸運業,1840.0,12.710694,1.3726826,2.5,11.45,1362.4,1822.8,1822.0,54.9,ゴールデンクロス,0,,,
9039,サカイ引越センター,陸運業,2898.0,13.586497,1.1743957,6.0,8.86,1166.7,2945.3,2886.3,45.8,中立,1,,,2026-08-03
9041,近鉄グループホールディングス,陸運業,3500.0,12.378864,1.0879742,2.0,9.58,6655.2,3483.1,3474.0,52.4,中立,0,,,
9042,阪急阪神ホールディングス,陸運業,4605.0,13.944405,0.96626586,2.17,7.35,10622.0,4695.4,4574.2,48.2,中立,0,,,
9044,ＮＡＮＫＡＩ,陸運業,2872.0,12.616966,0.90322787,1.92,7.57,3107.5,2955.1,2873.5,45.8,中立,0,,,
9045,京阪ホールディングス,陸運業,3136.0,9.426759,0.9273886,2.74,10.46,3164.2,3225.5,3200.0,43.8,中立,2,,,2026-08-07
9046,神戸電鉄,陸運業,2413.0,13.05524,0.74107677,1.04,5.57,190.9,2452.0,2413.5,44.0,中立,0,,,
9048,名古屋鉄道,陸運業,1847.5,17.766132,0.7470146,3.25,3.71,3623.5,1892.2,1837.5,44.6,中立,0,,,
9049,京福電気鉄道,陸運業,6650.0,7.2089844,0.9222277,0.3,13.63,132.1,6778.4,6989.6,37.3,中立,1,,,2026-08-07
9051,センコン物流,陸運業,1310.0,39.52927,1.0643544,1.15,4.14,64.7,1312.4,1306.7,49.6,中立,0,,,
9052,山陽電気鉄道,陸運業,1947.0,10.6889925,0.69521236,2.57,6.75,432.6,1988.0,1950.2,42.3,中立,1,,,2026-08-07
9057,遠州トラック,陸運業,3215.0,10.642524,0.9719037,2.99,9.42,240.3,3195.4,3199.1,53.3,中立,1,,,2026-08-07
9059,カンダホールディングス,陸運業,892.0,7.7802005,0.68037224,2.91,9.12,191.1,897.2,884.0,49.7,中立,0,,,
9060,日本ロジテム,陸運業,4240.0,8.382263,0.3470449,1.89,4.3,57.4,4260.4,4278.0,49.5,中立,0,,,
9063,岡山県貨物運送,陸運業,4250.0,3.167765,0.32079467,1.65,10.83,86.1,4018.4,4023.5,71.1,買われすぎ,1,,,2026-08-07
9064,ヤマトホールディングス,陸運業,1935.5,44.855156,1.0733678,2.38,2.33,6129.3,1999.3,1858.7,46.2,中立,1,,,2026-08-03
9065,山九,陸運業,8549.0,13.916427,1.4005861,1.82,11.42,4287.0,8949.4,8781.3,36.4,中立,1,,,2026-08-04
9068,丸全昭和運輸,陸運業,7630.0,11.71827,1.035593,3.15,9.29,1471.0,7596.8,7632.9,51.6,中立,0,,,
9069,センコーグループホールディングス,陸運業,2248.0,19.856903,1.654077,2.49,8.26,3763.6,2149.6,1993.8,67.6,中立,0,,,
9072,ニッコンホールディングス,陸運業,5338.0,34.8661,2.6177433,2.1,7.46,6227.2,5291.6,5572.6,50.0,中立,4,,,2026-08-07
9073,京極運輸商事,陸運業,1270.0,21.131449,0.7622898,0.94,3.9,36.5,1252.1,1239.0,57.1,中立,0,,,
9074,日本石油輸送,陸運業,5040.0,11.033033,0.55297625,2.38,5.41,164.6,5397.2,5345.2,34.9,中立,1,,,2026-08-07
9075,福山通運,陸運業,6090.0,16.481285,0.7604028,1.64,4.8,2145.0,5912.4,5908.5,55.1,ゴールデンクロス,3,,,2026-08-06
9076,セイノーホールディングス,陸運業,2692.0,18.516989,0.98518234,4.53,5.68,4370.4,2675.8,2612.1,54.2,中立,2,,,2026-08-06
9081,神奈川中央交通,陸運業,3765.0,12.759684,0.6938341,2.39,6.51,462.0,3777.4,3519.0,50.7,中立,0,,,
9082,大和自動車交通,陸運業,2016.0,40.30388,0.9424696,0.5,2.36,89.8,1639.6,1427.1,79.4,買われすぎ,1,,,2026-08-07
9083,神姫バス,陸運業,1985.0,7.585311,0.4472248,2.52,6.12,239.7,1952.4,1944.4,61.4,中立,1,,,2026-08-06
9087,タカセ,陸運業,2000.0,25.062656,0.5079175,1.75,2.12,38.9,1991.4,2002.9,52.4,中立,0,,,
9090,ＡＺ－ＣＯＭ丸和ホールディングス,陸運業,845.0,16.197048,1.8241006,3.79,11.74,1138.1,870.8,833.5,44.7,中立,3,,,2026-08-05
9101,日本郵船,海運業,6115.0,12.115388,0.8071569,3.92,7.7,24677.5,5730.5,5553.6,63.3,中立,2,,,2026-08-05
9104,商船三井,海運業,6186.0,9.979029,0.73946065,3.31,7.57,21256.1,5695.6,5659.8,68.1,ゴールデンクロス,2,,,2026-08-07
9107,川崎汽船,海運業,2855.0,13.568102,1.0274204,4.2,7.56,17292.0,2720.2,2601.0,60.3,中立,3,,,2026-08-04
9110,ＮＳユナイテッド海運,海運業,10450.0,10.224249,1.3022566,2.97,13.71,2462.6,7778.0,7486.0,90.6,買われすぎ,0,,,
9115,明海グループ,海運業,854.0,6.73183,0.5251736,0.59,4.0,290.8,840.0,975.3,50.4,中立,0,,,
9119,飯野海運,海運業,1579.0,10.853726,0.9960204,3.29,14.92,1670.6,1503.8,1506.7,63.8,中立,2,,,2026-08-04
9127,玉井商船,海運業,3010.0,7.4368734,0.56889564,3.65,13.69,46.1,2782.4,2879.6,69.3,中立,2,,,2026-08-05
9130,共栄タンカー,海運業,1445.0,26.690063,0.42355123,2.77,6.98,110.5,1456.0,1452.5,49.5,ゴールデンクロス,2,,,2026-08-05
9142,九州旅客鉄道,陸運業,3462.0,11.722877,1.0671141,3.5,9.34,5325.7,3597.1,3564.0,41.1,中立,2,,,2026-08-04
9143,ＳＧホールディングス,陸運業,1541.0,15.692465,1.683579,3.5,10.51,9195.7,1586.7,1509.1,45.8,中立,2,,,2026-08-07
9145,ビーイングホールディングス,陸運業,580.0,9.974204,1.7220136,2.59,17.66,139.8,557.6,558.1,57.4,中立,0,,,
9147,ＮＩＰＰＯＮ　ＥＸＰＲＥＳＳホールディングス,陸運業,5200.0,487.3477,1.5267032,1.92,0.92,12552.2,5379.6,4949.9,46.3,中立,4,,,2026-08-07
9158,シーユーシー,サービス業,735.0,7.5524044,0.64460963,,6.89,215.5,789.7,806.3,39.2,中立,0,,,
9159,Ｗ　ＴＯＫＹＯ,サービス業,1897.0,33.838745,2.5566244,,20.85,49.4,1892.2,1958.1,50.2,中立,0,,,
9160,オンザページ,サービス業,302.0,11.366202,0.7580664,,13.4,75.7,300.2,294.9,54.2,中立,0,,,
9162,ブリーチ,サービス業,228.0,29.268293,0.6249983,,-1.03,58.7,232.3,239.8,39.3,中立,0,,,
9163,ナレルグループ,サービス業,2299.0,10.468558,1.3514951,5.0,13.37,201.3,2291.0,2233.3,55.4,中立,0,,,
9165,クオルテック,サービス業,1733.0,15.541206,1.1679236,2.71,8.81,40.7,1732.2,1701.7,50.9,中立,3,,,2026-08-07
9166,ＧＥＮＤＡ,サービス業,661.0,31.04744,1.8484753,1.21,5.52,1202.2,591.4,565.6,65.3,中立,1,,,2026-08-05
9168,ライズ・コンサルティング・グループ,サービス業,396.0,7.966204,1.3993773,5.3,16.68,94.8,399.0,397.9,48.6,中立,0,,,
9171,栗林商船,海運業,1569.0,5.214357,0.54786754,1.91,11.68,186.4,1727.8,1764.8,33.2,中立,2,,,2026-08-07
9173,東海汽船,海運業,2827.0,16.848442,1.2037615,0.35,6.44,62.0,2898.2,2961.1,34.6,中立,0,,,
9193,東京汽船,倉庫・運輸関連業,882.0,1.7393706,0.31102565,2.27,18.98,87.8,864.4,922.1,55.7,中立,0,,,
9201,日本航空,空運業,3050.0,9.936795,1.0165436,3.15,9.07,13109.7,2966.7,2757.9,60.9,中立,1,,,2026-08-03
92015,日本航空株式会社第１回社債型種類株式,空運業,10255.0,,3.04551,,9.07,,,,,,0,,,
9202,ＡＮＡホールディングス,空運業,3140.0,9.777363,0.9797045,1.91,13.21,13586.9,3086.7,2929.8,56.4,中立,1,,,2026-08-05
92025,ＡＮＡホールディングス第１回社債型種類株式,空運業,4800.0,,1.4976374,,13.21,,4793.2,4780.1,52.7,中立,0,,,
9204,スカイマーク,空運業,415.0,15.246143,0.7355039,1.69,5.37,249.7,420.7,391.7,49.6,中立,1,,,2026-08-07
9206,スターフライヤー,空運業,1935.0,57.26546,2.019677,,-11.98,73.2,1928.8,1929.7,52.9,中立,0,,,
9211,エフ・コード,サービス業,1496.0,13.29896,2.2906,,23.96,183.1,1397.0,1437.7,63.1,中立,0,,,
9212,Ｇｒｅｅｎ　Ｅａｒｔｈ　Ｉｎｓｔｉｔｕｔｅ,サービス業,265.0,42.673107,1.5729711,,3.68,30.1,283.5,308.8,43.4,中立,1,,,2026-08-03
9213,セイファート,サービス業,1039.0,,1.9032825,1.15,-29.66,13.7,1054.2,1030.7,46.3,中立,0,,,
9214,Ｒｅｃｏｖｅｒｙ　Ｉｎｔｅｒｎａｔｉｏｎａｌ,サービス業,1299.0,14.025048,2.3159292,,17.14,16.9,1273.8,1296.0,58.2,中立,0,,,
9215,ＣａＳｙ,サービス業,944.0,56.425583,6.5725346,,,17.7,926.6,900.9,60.0,中立,0,,,
9216,ビーウィズ,サービス業,1626.0,40.38748,2.6891768,4.74,6.47,230.6,1607.4,1641.7,56.2,中立,0,,,
9218,メンタルヘルステクノロジーズ,サービス業,752.0,31.24221,5.156937,1.33,16.45,79.0,739.4,719.5,62.3,中立,0,,,
9219,ギックス,サービス業,875.0,,2.8207607,6.11,0.99,49.0,866.8,875.9,52.9,中立,0,,,
9220,エフビー介護サービス,サービス業,1234.0,6.5806313,0.7655011,4.05,12.26,30.1,1225.0,1230.9,53.6,中立,0,,,
9221,フルハシＥＰＯ,サービス業,1241.0,16.14204,2.3159854,2.58,15.08,143.9,1220.6,1182.5,58.0,中立,0,,,
9223,ＡＳＮＯＶＡ,サービス業,436.0,,1.8234363,0.46,-4.91,54.2,416.5,410.1,68.1,中立,0,,,
9225,ブリッジコンサルティンググループ,サービス業,960.0,21.011164,1.4988477,,,19.9,970.1,1003.7,40.9,中立,1,,,2026-08-06
9227,マイクロ波化学,サービス業,910.0,,13.555586,,-120.27,144.7,862.5,921.7,56.1,中立,0,,,
9229,サンウェルズ,サービス業,118.0,,0.548993,,-21.25,38.3,136.6,159.6,32.0,中立,0,,,
9233,アジア航測,空運業,1133.0,14.189105,0.87673,3.88,6.32,206.2,1133.6,1129.7,51.5,中立,1,,,2026-08-07
9235,売れるネット広告社グループ,サービス業,497.0,,6.625871,,-32.42,40.3,503.1,543.0,46.3,中立,0,,,
9236,ジャパンＭ＆Ａソリューション,サービス業,1172.0,34.020317,2.4934154,1.71,7.14,17.3,1091.3,1100.6,58.1,中立,0,,,
9237,笑美面,サービス業,860.0,45.989304,4.355092,,,33.5,822.4,722.3,66.0,中立,1,,,2026-08-06
9238,バリュークリエーション,サービス業,393.0,,1.4445343,3.18,30.56,9.0,411.0,464.1,45.1,中立,0,,,
9240,デリバリーコンサルティング,サービス業,395.0,13.088138,1.5313816,,12.55,19.1,398.6,427.9,44.9,中立,0,,,
9241,フューチャーリンクネットワーク,サービス業,1476.0,27.047829,6.4705343,,-37.66,12.8,1413.4,1330.6,65.2,中立,0,,,
9242,メディア総研,サービス業,1841.0,10.805259,1.2852134,1.36,15.68,22.7,1938.3,1893.2,36.7,中立,0,,,
9244,デジタリフト,サービス業,1283.0,10.427504,2.3181438,,25.02,18.4,1243.3,1121.8,68.3,中立,0,,,
9245,リベロ,サービス業,2129.0,23.46264,3.9338725,1.97,27.91,113.0,2008.3,1963.4,69.9,中立,4,,,2026-08-07
9246,プロジェクトホールディングス,サービス業,1099.0,46.72619,2.527192,,5.97,58.5,1039.8,1023.2,67.6,中立,1,,,2026-08-03
9247,ＴＲＥホールディングス,サービス業,1958.0,6.415045,1.1107808,2.55,18.54,920.7,2094.1,1863.3,41.5,中立,0,,,
9248,人・夢・技術グループ,サービス業,1564.0,5.6930695,0.6043389,3.84,10.93,139.1,1559.1,1548.2,51.5,中立,0,,,
9249,日本エコシステム,サービス業,1649.0,31.172022,2.3207016,1.09,7.93,143.7,1631.2,1592.5,59.7,中立,2,,,2026-08-07
9250,ＧＲＣＳ,サービス業,874.0,,327.09583,,-288.18,13.1,889.1,924.7,45.1,中立,0,,,
9251,ＡＢ＆Ｃｏｍｐａｎｙ,サービス業,1383.0,17.229351,2.219975,4.34,13.13,197.0,1346.0,1264.5,69.9,中立,1,,,2026-08-05
9252,ラストワンマイル,サービス業,3785.0,10.344357,1.9414458,0.79,23.05,103.2,3716.6,3666.5,57.3,中立,1,,,2026-08-04
9253,スローガン,サービス業,715.0,9.832233,0.9763518,,12.3,17.8,712.7,741.7,46.0,中立,0,,,
9254,ラバブルマーケティンググループ,サービス業,1148.0,10.862983,1.9381415,,,18.4,1150.1,1140.9,51.1,中立,0,,,
9256,サクシード,サービス業,1336.0,19.523602,1.8346055,1.2,9.24,47.8,3030.8,2626.5,31.2,中立,2,,,2026-08-07
9258,ＣＳ－Ｃ,サービス業,288.0,,0.9405556,,-4.52,19.2,305.2,308.4,43.0,中立,0,,,
9259,タカヨシホールディングス,サービス業,879.0,10.174788,1.4712307,3.41,,49.3,861.2,844.5,56.5,中立,0,,,
9262,シルバーライフ,小売業,658.0,9.012464,0.9765321,2.74,11.18,71.9,646.6,685.9,54.8,中立,0,,,
9264,ポエック,卸売業,1731.0,26.62258,1.7933103,4.33,14.01,78.3,1713.6,1669.2,58.6,中立,0,,,
9265,ヤマシタヘルスケアホールディングス,卸売業,3360.0,12.987013,0.91305166,1.93,7.05,85.5,3443.0,3303.8,47.0,中立,0,,,
9267,Ｇｅｎｋｙ　ＤｒｕｇＳｔｏｒｅｓ,小売業,3610.0,14.006364,1.7944361,0.36,13.72,1100.3,3751.8,3597.7,45.9,中立,0,,,
9268,オプティマスグループ,卸売業,447.0,13.707452,0.7287109,4.03,7.92,305.9,414.0,410.8,70.2,買われすぎ,3,,,2026-08-07
9270,バリュエンスホールディングス,卸売業,1981.0,9.889671,2.4218018,2.27,37.89,261.0,2005.5,2257.2,46.9,中立,0,,,
9271,和心,小売業,1032.0,11.534593,4.804693,1.16,75.22,77.7,995.9,959.1,57.6,中立,0,,,
9272,ブティックス,サービス業,1412.0,22.29239,6.208777,,6.24,138.3,1496.8,1491.3,42.9,中立,5,,,2026-08-07
9273,コーア商事ホールディングス,卸売業,759.0,8.699141,1.0483323,2.37,12.87,319.7,776.5,777.4,43.6,中立,2,,,2026-08-07
9274,ＫＰＰグループホールディングス,卸売業,1118.0,12.790298,0.77905005,3.58,6.4,696.8,1077.1,1015.1,61.2,中立,2,,,2026-08-07
9278,ブックオフグループホールディングス,小売業,2959.0,18.793268,2.45604,1.35,14.21,519.4,2507.9,2153.9,72.4,買われすぎ,1,,,2026-08-06
9279,ギフトホールディングス,小売業,5370.0,36.831276,8.929225,0.24,27.08,1076.5,4840.2,4404.8,69.2,中立,1,,,2026-08-05
9301,三菱倉庫,倉庫・運輸関連業,1530.0,9.817131,1.3728288,2.88,11.23,5213.9,1578.1,1497.6,45.9,中立,1,,,2026-08-04
9302,三井倉庫ホールディングス,倉庫・運輸関連業,3248.0,21.920767,1.7990294,1.54,10.53,2434.5,3537.8,3728.9,31.9,中立,1,,,2026-08-04
9303,住友倉庫,倉庫・運輸関連業,4170.0,18.07699,1.0124849,2.47,6.24,3163.1,3973.6,3884.3,65.0,中立,2,,,2026-08-07
9304,澁澤倉庫,倉庫・運輸関連業,1901.0,17.027946,1.5830243,4.21,9.57,1095.8,1875.6,1578.2,57.9,中立,2,,,2026-08-07
9305,ヤマタネ,卸売業,2103.0,8.245119,0.69929004,4.04,9.02,444.3,2100.9,2040.1,53.3,中立,1,,,2026-08-07
9306,東陽倉庫,倉庫・運輸関連業,2014.0,9.116835,0.52008766,3.97,5.96,151.4,2022.1,2028.7,49.1,中立,0,,,
9307,杉村倉庫,倉庫・運輸関連業,989.0,16.711727,0.9111974,2.02,5.71,161.2,998.0,990.4,49.7,中立,0,,,
9308,乾汽船,海運業,1936.0,58.436462,1.3029886,1.79,2.24,487.5,1733.8,1594.8,76.2,買われすぎ,2,,,2026-08-07
9310,日本トランスシティ,倉庫・運輸関連業,1419.0,13.451512,0.8675201,3.07,6.79,876.2,1289.3,1191.5,74.5,買われすぎ,2,,,2026-08-07
9311,アサガミ,倉庫・運輸関連業,7810.0,6.1996427,0.46478552,1.79,7.78,110.5,8043.2,7878.1,36.9,中立,0,,,
9312,ケイヒン,倉庫・運輸関連業,2830.0,7.281803,0.54673344,3.89,7.92,184.8,2865.9,2875.9,45.7,中立,1,,,2026-08-07
9313,丸八倉庫,倉庫・運輸関連業,1053.0,14.946772,0.47697496,5.32,3.27,62.4,1055.7,1049.7,49.4,中立,0,,,
9319,中央倉庫,倉庫・運輸関連業,1691.0,14.924977,0.6209025,2.48,4.37,300.6,1827.8,1854.5,31.2,中立,1,,,2026-08-07
9322,川西倉庫,倉庫・運輸関連業,2424.0,29.275362,0.8427523,1.32,2.6,186.3,2411.6,2330.4,59.2,中立,0,,,
9324,安田倉庫,倉庫・運輸関連業,2474.0,10.64773,0.6616962,2.99,10.19,710.3,2505.8,2362.0,49.6,中立,2,,,2026-08-04
9325,ファイズホールディングス,倉庫・運輸関連業,1069.0,11.224276,2.4443169,3.55,4.97,114.9,1118.3,1168.8,39.4,中立,0,,,
9326,関通ホールディングス,倉庫・運輸関連業,498.0,25.062908,2.3861432,2.01,11.38,50.5,477.7,435.5,66.4,中立,0,,,
9327,イー・ロジット,倉庫・運輸関連業,187.0,,-0.65607584,,-3288.0,29.6,194.8,201.5,44.2,中立,1,,,2026-08-05
9330,揚羽,サービス業,877.0,,,,,12.6,867.8,853.0,57.1,中立,3,,,2026-08-07
9331,キャスター,サービス業,745.0,,2.0984378,,,14.6,749.7,799.1,46.4,中立,0,,,
9332,ＮＩＳＳＯホールディングス,サービス業,620.0,10.981226,1.136168,4.03,10.89,208.8,616.4,594.1,54.6,中立,3,,,2026-08-06
9336,大栄環境,サービス業,3685.0,23.041332,3.3500211,1.49,15.51,3680.4,3812.4,3845.3,42.3,中立,0,,,
9337,トリドリ,サービス業,1702.0,13.134743,2.918972,,29.75,56.2,1619.7,1639.3,56.4,中立,0,,,
9339,コーチ・エィ,サービス業,1385.0,33.05489,1.0450938,1.44,4.46,32.7,1346.6,1282.0,66.4,中立,2,,,2026-08-07
9340,アソインターナショナル,サービス業,711.0,14.962121,2.2642808,3.66,16.94,69.8,708.2,681.5,52.8,中立,4,,,2026-08-07
9341,ＧＥＮＯＶＡ,サービス業,627.0,39.433964,1.5761411,4.78,3.96,108.7,618.6,585.3,57.9,中立,0,,,
9342,スマサポ,サービス業,919.0,30.735786,3.629456,,12.58,22.1,856.2,840.1,66.7,中立,3,,,2026-08-07
9343,アイビス,サービス業,820.0,18.585676,5.0714645,1.46,,151.0,782.8,765.4,66.3,中立,0,,,
9344,アクシスコンサルティング,サービス業,944.0,33.274586,1.4861485,3.71,17.25,46.9,929.4,913.1,67.9,中立,0,,,
9345,ビズメイツ,サービス業,630.0,10.48253,1.0713412,2.38,11.36,20.5,618.6,588.9,58.9,中立,0,,,
9346,ココルポート,サービス業,1700.0,10.625664,1.997448,3.59,21.44,62.5,1633.8,1613.1,69.7,中立,0,,,
9347,日本管財ホールディングス,サービス業,2784.0,14.197562,1.3515134,2.16,10.64,1011.2,2761.4,2759.2,53.9,ゴールデンクロス,1,,,2026-08-05
9348,ｉｓｐａｃｅ,サービス業,415.0,,3.9989977,,-73.51,607.2,425.9,484.5,44.3,中立,4,,,2026-08-07
9351,東洋埠頭,倉庫・運輸関連業,1856.0,9.216865,0.4210619,4.31,4.93,133.1,1833.6,1851.9,56.6,中立,1,,,2026-08-03
9353,櫻島埠頭,倉庫・運輸関連業,2900.0,15.1912,0.49175262,1.86,3.66,44.1,2900.0,2656.7,51.8,中立,0,,,
9355,リンコーコーポレーション,倉庫・運輸関連業,2200.0,5.3899107,0.28994164,1.82,5.61,57.8,2238.6,2194.1,43.4,中立,2,,,2026-08-06
9360,鈴与シンワート,情報・通信業,2941.0,7.7466087,1.5245942,4.08,21.59,83.7,2935.2,2880.4,52.3,中立,2,,,2026-08-07
9361,伏木海陸運送,倉庫・運輸関連業,2089.0,7.007715,0.41982678,2.39,7.55,54.1,2063.3,2096.6,57.3,中立,0,,,
9362,兵機海運,倉庫・運輸関連業,3675.0,11.098696,0.93964297,2.99,8.99,44.1,3547.4,3687.1,65.3,中立,1,,,2026-08-03
9363,大運,倉庫・運輸関連業,537.0,7.783737,1.9246209,2.98,4.65,26.0,522.3,516.6,61.8,中立,0,,,
9364,上組,倉庫・運輸関連業,5061.0,16.270174,1.2632083,4.15,8.02,4996.9,5173.4,5023.7,46.6,中立,2,,,2026-08-03
9365,トレーディア,倉庫・運輸関連業,1660.0,6.7222805,0.41151917,3.01,6.85,24.3,1630.8,1552.2,58.6,中立,0,,,
9366,サンリツ,倉庫・運輸関連業,1034.0,8.657791,0.47814167,3.68,5.72,58.3,1035.2,992.1,53.3,中立,1,,,2026-08-07
9367,大東港運,倉庫・運輸関連業,1890.0,18.776077,1.5436195,1.69,8.94,163.4,1885.4,1900.0,53.7,中立,0,,,
9368,キムラユニティー,倉庫・運輸関連業,915.0,11.736788,0.84575933,4.15,8.57,376.3,908.4,886.9,57.5,中立,0,,,
9369,キユーソー流通システム,倉庫・運輸関連業,2955.0,30.021336,1.5712435,0.81,5.38,734.5,3054.5,3089.3,43.5,中立,0,,,
9376,ユーラシア旅行社,サービス業,807.0,52.7451,1.7222724,6.2,-0.35,29.8,803.6,796.1,54.8,中立,3,,,2026-08-04
9380,東海運,倉庫・運輸関連業,417.0,16.050808,0.6271365,2.16,4.04,116.0,416.6,407.1,54.0,中立,0,,,
9381,エーアイテイー,倉庫・運輸関連業,2298.0,16.998299,2.677061,4.79,15.92,539.9,2337.5,2256.2,46.6,中立,1,,,2026-08-07
9385,ショーエイコーポレーション,化学,762.0,6.8953032,1.1464509,4.59,18.13,58.9,767.0,719.0,52.0,中立,0,,,
9401,ＴＢＳホールディングス,情報・通信業,5833.0,17.596308,0.81102145,1.71,5.07,9151.3,6223.0,5998.9,36.4,中立,3,,,2026-08-06
9404,日本テレビホールディングス,情報・通信業,2920.5,12.9254265,0.67600864,1.54,6.53,7150.3,2894.8,2890.4,53.2,ゴールデンクロス,1,,,2026-08-03
9405,朝日放送グループホールディングス,情報・通信業,805.0,7.5438104,0.40725243,2.98,3.03,335.0,827.6,812.7,42.4,中立,3,,,2026-08-05
9408,ＢＳＮメディアホールディングス,情報・通信業,2590.0,11.173426,0.5798023,0.69,5.66,154.1,2595.6,2737.5,42.5,中立,0,,,
9409,テレビ朝日ホールディングス,情報・通信業,3070.0,10.4304695,0.66338634,3.26,6.53,3086.6,3158.2,3185.2,43.0,中立,2,,,2026-08-07
9412,スカパーＪＳＡＴ,情報・通信業,2335.0,28.378708,2.180291,2.06,8.83,6619.5,2354.4,3134.4,46.4,中立,4,,,2026-08-05
9413,テレビ東京ホールディングス,情報・通信業,3340.0,11.5495,0.83970594,2.99,6.44,892.4,3578.8,3693.7,37.1,中立,0,,,
9414,日本ＢＳ放送,情報・通信業,929.0,14.556565,0.6677597,3.23,11.43,165.7,916.2,910.7,60.2,中立,0,,,
9416,ビジョン,情報・通信業,1016.0,11.045879,2.3989422,5.71,22.58,483.2,1013.8,1019.5,51.1,中立,0,,,
9417,スマートバリュー,情報・通信業,343.0,7.639198,2.4298153,2.92,13.71,34.1,327.6,316.0,60.1,中立,0,,,
9418,Ｕ－ＮＥＸＴ　ＨＯＬＤＩＮＧＳ,情報・通信業,1720.0,16.45618,2.90122,0.99,16.73,3102.4,1708.9,1625.2,54.0,中立,0,,,
9419,ワイヤレスゲート,情報・通信業,287.0,11.124031,1.8687816,,,31.2,287.2,291.4,48.3,中立,0,,,
9421,エヌジェイホールディングス,情報・通信業,509.0,44.531933,1.6806169,,4.56,26.9,500.4,578.7,46.8,中立,2,,,2026-08-07
9423,フォーバル・リアルストレート,情報・通信業,103.0,14.756447,3.3515553,2.91,,25.0,103.7,102.6,47.3,中立,1,,,2026-08-07
9424,日本通信,情報・通信業,106.0,23.144106,3.8272676,,15.32,177.8,113.2,116.2,36.6,中立,1,,,2026-08-06
9425,ＲｅＹｕｕ　Ｊａｐａｎ,情報・通信業,208.0,,0.88302845,,2.53,14.2,214.2,218.8,51.7,中立,0,,,
9428,クロップス,情報・通信業,1395.0,14.243414,0.99078184,2.29,10.33,131.9,1321.6,1297.2,74.5,買われすぎ,0,,,
9432,ＮＴＴ,情報・通信業,158.5,12.569389,1.3272151,3.41,10.71,128706.8,151.7,149.9,62.8,中立,5,,,2026-08-06
9433,ＫＤＤＩ,情報・通信業,2981.0,16.23373,2.2354705,2.82,14.01,110209.0,2876.9,2734.6,60.1,中立,6,,,2026-08-07
9434,ソフトバンク,情報・通信業,230.9,20.877033,3.793579,3.81,16.71,110448.1,221.3,217.9,60.2,中立,1,,,2026-08-04
94345,ソフトバンク第１回社債型種類株式,情報・通信業,3800.0,,62.432228,2.63,16.71,,3795.1,3789.5,56.9,中立,0,,,
94346,ソフトバンク第２回社債型種類株式,情報・通信業,7583.0,,122.5476,3.38,16.71,,7584.8,7586.5,48.6,中立,0,,,
9435,光通信,情報・通信業,40140.0,11.6776,1.4835802,1.94,14.46,17561.8,38121.6,37186.6,64.6,中立,1,,,2026-08-03
9436,沖縄セルラー電話,情報・通信業,4135.0,29.099224,3.8407521,1.69,14.25,3799.9,3851.2,3647.2,71.9,買われすぎ,1,,,2026-08-03
9438,エムティーアイ,情報・通信業,553.0,8.738938,1.5510398,3.62,16.71,307.1,607.0,585.5,34.5,中立,3,,,2026-08-07
9439,エム・エイチ・グループ,サービス業,224.0,,5.2443047,0.45,-8.88,25.9,232.2,241.6,39.3,中立,0,,,
9441,ベルパーク,情報・通信業,2845.0,6.826962,1.2411283,6.54,13.63,348.2,2650.2,2714.2,63.0,中立,1,,,2026-08-06
9444,トーシンホールディングス,情報・通信業,315.0,,1.9156506,,-75.64,20.4,252.3,248.4,67.1,ゴールデンクロス,3,,,2026-08-07
9445,フォーバルテレコム,情報・通信業,535.0,9.092454,2.2746599,5.23,27.13,89.6,535.5,538.9,49.7,中立,0,,,
9446,サカイホールディングス,情報・通信業,698.0,6.457582,1.0859402,5.16,19.21,52.7,688.6,684.4,59.3,中立,2,,,2026-08-07
9449,ＧＭＯインターネットグループ,情報・通信業,4179.0,25.734343,3.6807966,2.03,18.71,3986.6,4009.8,3490.8,64.6,中立,1,,,2026-08-05
9450,ファイバーゲート,情報・通信業,796.0,12.486275,2.3202398,3.39,19.11,160.2,772.1,729.7,68.9,中立,0,,,
9466,アイドママーケティングコミュニケーション,情報・通信業,223.0,16.289263,0.8662818,4.48,5.37,29.2,223.9,225.5,47.2,中立,0,,,
9467,アルファポリス,情報・通信業,1033.0,12.957852,1.922168,2.61,15.8,300.2,1032.7,1053.0,49.8,中立,0,,,
9468,ＫＡＤＯＫＡＷＡ,情報・通信業,3587.0,463.4367,2.125447,0.84,1.47,5271.9,3616.4,3446.6,53.9,中立,0,,,
9470,学研ホールディングス,情報・通信業,1003.0,12.887061,0.7818846,2.89,7.39,417.5,1016.5,988.1,47.6,中立,1,,,2026-08-07
9474,ゼンリン,情報・通信業,874.0,17.037037,0.97193617,4.81,5.36,466.6,908.6,886.1,40.6,中立,0,,,
9475,昭文社ホールディングス,情報・通信業,508.0,7.6025143,0.6406982,1.97,8.88,91.4,507.9,490.7,50.0,中立,2,,,2026-08-07
9476,中央経済社ホールディングス,情報・通信業,985.0,12.045983,0.8596554,1.32,7.26,38.1,1026.0,1009.3,38.7,中立,1,,,2026-08-06
9478,ＳＥホールディングス・アンド・インキュベーションズ,情報・通信業,525.0,13.187641,0.66659045,0.76,6.66,79.4,519.2,513.3,51.5,中立,0,,,
9501,東京電力ホールディングス,電気・ガス業,521.3,,0.24603803,,12.52,8354.9,506.2,535.5,53.2,中立,0,,,
9502,中部電力,電気・ガス業,2708.0,8.979672,0.6455583,2.58,6.04,20456.1,2953.4,2853.3,37.1,中立,1,,,2026-08-07
9503,関西電力,電気・ガス業,2384.5,6.9922585,0.74466944,3.36,12.51,26564.7,2351.9,2347.8,52.7,ゴールデンクロス,0,,,
9504,中国電力,電気・ガス業,908.3,4.7652273,0.42130974,3.3,5.08,3266.0,929.4,907.0,44.2,中立,1,,,2026-08-05
9505,北陸電力,電気・ガス業,922.7,3.5382316,0.4092099,2.71,10.92,1927.6,928.6,896.6,49.5,中立,0,,,
9506,東北電力,電気・ガス業,1217.0,7.1630373,0.5355123,3.29,7.69,6094.7,1142.4,1079.1,74.5,買われすぎ,0,,,
9507,四国電力,電気・ガス業,1720.5,6.9574184,0.7193463,3.2,11.83,3516.2,1571.1,1528.9,73.4,買われすぎ,1,,,2026-08-07
9508,九州電力,電気・ガス業,1794.5,5.7017126,0.6833977,2.79,14.63,8484.0,1773.8,1712.0,54.6,中立,0,,,
9509,北海道電力,電気・ガス業,1022.5,4.9897523,0.45950633,3.23,6.37,2099.7,1004.9,969.3,57.3,中立,1,,,2026-08-07
9511,沖縄電力,電気・ガス業,1069.0,9.311036,0.47237742,4.68,0.56,580.6,958.7,939.4,72.1,買われすぎ,0,,,
9513,電源開発,電気・ガス業,3912.0,12.023974,0.4807713,2.81,3.39,6885.4,3745.9,3866.8,62.2,中立,0,,,
9514,エフオン,電気・ガス業,323.0,11.883738,0.32982203,2.48,12.11,68.3,328.5,342.1,43.5,中立,0,,,
9517,イーレックス,電気・ガス業,865.0,12.648048,0.9588716,2.54,6.91,676.3,838.5,846.4,59.0,中立,0,,,
9519,レノバ,電気・ガス業,884.0,24.192665,0.6504615,,2.89,799.1,961.3,1036.2,38.5,中立,4,,,2026-08-06
9531,東京瓦斯,電気・ガス業,5966.0,9.114241,1.1421367,2.01,9.63,19716.5,6108.2,6301.8,38.3,中立,1,,,2026-08-04
9532,大阪瓦斯,電気・ガス業,5410.0,13.82253,1.125499,2.4,7.9,20573.7,5438.8,5538.1,47.4,中立,1,,,2026-08-06
9533,東邦瓦斯,電気・ガス業,1128.5,13.469802,0.8161851,1.99,5.14,4040.7,1193.9,1224.9,32.4,中立,1,,,2026-08-05
9534,北海道瓦斯,電気・ガス業,773.0,5.9429536,0.69032466,3.49,10.15,682.4,774.3,781.2,49.3,中立,0,,,
9535,広島ガス,電気・ガス業,405.0,13.213703,0.38931414,2.96,2.93,278.4,417.3,403.4,41.4,中立,1,,,2026-08-07
9536,西部ガスホールディングス,電気・ガス業,2357.0,12.008967,0.6933852,2.97,7.1,848.3,2344.6,2286.2,53.2,中立,0,,,
9537,北陸瓦斯,電気・ガス業,4550.0,6.6665688,0.39635488,1.76,5.93,212.3,4409.6,4479.7,60.4,中立,1,,,2026-08-06
9539,京葉瓦斯,電気・ガス業,1372.0,13.739235,0.40700415,1.9,4.09,441.2,1453.8,1396.6,35.1,中立,0,,,
9543,静岡ガス,電気・ガス業,1237.0,9.277037,0.7098161,3.72,7.41,932.1,1247.4,1268.1,46.4,中立,3,,,2026-08-05
9551,メタウォーター,電気・ガス業,3225.0,15.412923,1.599293,2.48,11.18,1410.8,3200.6,3321.9,50.1,中立,0,,,
9552,クオンツ総研ホールディングス,サービス業,977.0,17.307352,7.8087535,0.51,35.47,495.3,901.0,873.7,61.5,中立,0,,,
9553,マイクロアド,サービス業,629.0,23.176125,4.339547,,20.14,166.8,601.6,612.8,57.9,中立,0,,,
9554,ＡＶｉＣ,サービス業,1572.0,16.36818,3.7381935,,27.22,100.0,1604.4,1574.5,48.8,中立,0,,,
9556,ＩＮＴＬＯＯＰ,サービス業,1883.0,32.583492,2.8044956,,13.56,177.3,1861.1,1824.4,50.9,中立,4,,,2026-08-03
9557,エアークローゼット,サービス業,195.0,,5.5322285,,-75.7,16.2,185.9,188.5,65.6,中立,0,,,
9558,ジャパニアス,サービス業,1953.0,11.3672085,2.2944133,5.22,21.25,77.4,1934.6,1984.9,53.2,中立,1,,,2026-08-03
9560,プログリット,サービス業,817.0,13.061551,3.9646914,2.69,34.83,102.2,801.9,746.7,58.3,中立,0,,,
9561,グラッドキューブ,サービス業,411.0,,4.5729165,,-4.22,34.7,408.8,418.3,51.7,中立,1,,,2026-08-07
9562,ビジネスコーチ,サービス業,515.0,67.76316,1.6180823,3.3,3.56,21.8,503.7,542.4,54.7,中立,2,,,2026-08-07
9563,Ａｔｌａｓ　Ｔｅｃｈｎｏｌｏｇｉｅｓ,サービス業,310.0,101.97369,1.3524834,,3.95,23.0,300.1,294.9,63.1,中立,0,,,
9564,ＦＣＥ,サービス業,545.0,17.197853,2.852104,1.83,19.09,120.3,527.4,487.5,60.3,中立,0,,,
9565,ＧＬＯＥ,サービス業,686.0,17.63496,3.831482,,22.29,19.0,675.8,685.0,54.3,中立,0,,,
9601,松竹,情報・通信業,10890.0,28.600693,1.4180509,0.28,3.45,1496.7,11099.2,10570.1,47.0,中立,0,,,
9602,東宝,情報・通信業,1501.0,24.502123,2.491158,1.47,9.71,12486.1,1428.4,1350.4,57.9,中立,0,,,
9603,エイチ・アイ・エス,サービス業,1117.0,21.27619,1.3852236,2.24,7.24,835.1,1032.3,1026.0,63.9,中立,0,,,
9605,東映,情報・通信業,5990.0,16.01176,1.2862341,0.2,10.1,3743.0,5867.2,5790.8,54.2,中立,0,,,
9610,ウィルソン・ラーニング　ワールドワイド,サービス業,103.0,,1.4806296,,-19.02,11.5,111.2,121.2,39.5,中立,0,,,
9612,ラックランド,サービス業,1279.0,6.33231,1.1010315,3.13,17.79,145.4,1268.3,1281.8,54.0,中立,1,,,2026-08-07
9616,共立メンテナンス,サービス業,3452.0,16.780905,2.1566482,1.33,15.28,3138.5,3179.6,2791.6,71.2,買われすぎ,2,,,2026-08-07
9619,イチネンホールディングス,サービス業,2599.0,8.036984,0.8601927,3.46,17.37,615.4,2346.4,2219.0,75.2,買われすぎ,4,,,2026-08-05
9621,建設技術研究所,サービス業,3165.0,14.752494,1.2705923,6.95,10.02,864.2,2997.5,2841.5,66.8,中立,0,,,
9622,スペース,サービス業,1417.0,9.031806,0.99408877,5.08,7.73,347.6,1443.4,1425.9,44.3,中立,2,,,2026-08-06
9625,セレスポ,サービス業,898.0,6.4156604,0.5035354,5.57,8.09,49.2,1048.2,1069.3,23.3,売られすぎ,1,,,2026-08-03
9627,アインホールディングス,小売業,5918.0,12.516921,1.308301,1.69,11.46,2078.3,5799.5,5686.6,54.7,中立,0,,,
9628,燦ホールディングス,サービス業,1390.0,6.512979,0.736409,4.1,10.95,328.8,1428.5,1380.9,45.3,中立,1,,,2026-08-03
9629,ピー・シー・エー,情報・通信業,1529.0,19.048214,1.7722194,2.62,12.7,306.6,1427.1,1351.9,74.5,買われすぎ,1,,,2026-08-07
9632,スバル興業,サービス業,3635.0,19.345398,1.250986,2.2,6.14,469.1,3578.7,3541.8,54.4,中立,0,,,
9633,東京テアトル,不動産業,1646.0,13.499549,0.6657706,1.22,5.12,111.5,1637.4,1622.0,58.1,中立,0,,,
9635,武蔵野興業,サービス業,2566.0,7.44826,0.67511034,,9.49,26.8,2543.6,2535.2,48.3,中立,1,,,2026-08-07
9636,きんえい,サービス業,4175.0,58.212494,6.132383,0.24,3.91,116.4,4218.6,4199.9,43.5,中立,0,,,
9639,三協フロンテア,サービス業,2363.0,9.443689,0.9999772,4.23,10.98,525.2,2293.0,2217.9,67.5,中立,2,,,2026-08-06
9640,セゾンテクノロジー,情報・通信業,2016.0,30.062632,2.4116044,4.46,6.55,326.6,2110.1,2137.3,34.2,中立,0,,,
9644,タナベコンサルティンググループ,サービス業,750.0,22.16312,0.6055913,4.27,5.95,240.8,757.4,736.1,48.9,中立,0,,,
9647,協和コンサルタンツ,サービス業,6170.0,5.5482616,0.7364504,0.49,13.61,36.1,6586.0,7068.8,36.3,中立,0,,,
9651,日本プロセス,情報・通信業,2095.0,17.817656,1.7470826,4.01,10.02,203.1,1966.0,1812.2,66.0,中立,0,,,
9656,グリーンランドリゾート,サービス業,597.0,12.675159,0.58314675,2.51,5.1,61.7,600.6,603.4,41.1,中立,0,,,
9658,ビジネスブレイン太田昭和,情報・通信業,1041.0,11.313988,1.100003,4.51,9.96,337.9,1034.6,996.7,53.8,中立,0,,,
9661,歌舞伎座,サービス業,4470.0,189.32655,4.881053,0.11,2.65,541.7,4469.0,4464.1,51.0,中立,0,,,
9663,ナガワ,サービス業,5090.0,17.902363,1.3283086,1.18,5.59,788.9,5103.6,5063.3,49.7,中立,0,,,
9672,東京都競馬,サービス業,5000.0,12.7538,1.3697921,2.92,11.11,1301.8,4914.6,4944.8,57.4,中立,1,,,2026-08-07
9678,カナモト,サービス業,5400.0,14.694676,1.2110769,2.04,8.6,1850.1,5171.6,5069.8,62.2,中立,1,,,2026-08-03
9679,ホウライ,サービス業,2330.0,16.24033,1.3978093,1.03,6.54,97.7,2342.4,2301.9,47.4,中立,0,,,
9682,ＤＴＳ,情報・通信業,1048.0,14.367973,2.7744832,3.63,19.13,1642.1,1081.8,1034.1,44.7,中立,1,,,2026-08-03
9684,スクウェア・エニックス・ホールディングス,情報・通信業,2769.5,33.74147,2.8627098,1.55,8.65,9987.3,2625.7,2554.0,60.1,中立,0,,,
9685,ＫＹＣＯＭホールディングス,情報・通信業,577.0,5.501001,0.55142754,1.73,10.85,29.3,578.5,586.0,50.1,中立,1,,,2026-08-07
9686,東洋テック,サービス業,1624.0,8.59032,0.7381271,4.43,7.04,171.3,1633.3,1600.9,48.3,中立,0,,,
9687,ＫＳＫ,情報・通信業,4400.0,12.498579,1.467961,4.32,12.56,266.8,4428.6,4372.3,47.2,中立,1,,,2026-08-03
9691,両毛システムズ,情報・通信業,5150.0,8.359033,1.1012963,0.85,13.33,180.2,5161.6,4906.3,60.9,中立,2,,,2026-08-04
9692,シーイーシー,情報・通信業,2235.0,13.495562,1.6359915,3.8,13.5,692.1,2190.6,2050.9,59.6,中立,1,,,2026-08-04
9697,カプコン,情報・通信業,4149.0,31.797977,6.0498333,1.11,,17355.6,3559.3,3265.0,71.9,買われすぎ,0,,,
9698,クレオ,情報・通信業,1274.0,12.207743,1.3391623,4.4,11.73,97.8,1247.8,1214.4,58.7,中立,1,,,2026-08-05
9699,ニシオホールディングス,サービス業,4490.0,10.805477,0.8605083,2.94,7.74,1246.6,4186.4,4058.6,68.8,中立,3,,,2026-08-03
9701,東京會舘,サービス業,4250.0,14.1709175,1.8938737,1.18,-4.7,140.2,4219.4,4179.5,56.8,中立,0,,,
9702,アイ・エス・ビー,情報・通信業,2379.0,18.978859,1.8711716,2.94,10.15,272.7,2281.2,2268.3,64.3,中立,2,,,2026-08-07
9704,アゴーラ　ホスピタリティー　グループ,サービス業,31.0,6.4315352,1.4576573,,19.11,82.7,32.9,33.0,43.8,中立,0,,,
9706,日本空港ビルデング,不動産業,5728.0,18.235651,2.528136,1.66,17.61,5317.0,5495.4,5106.3,65.9,中立,1,,,2026-08-07
9708,帝国ホテル,サービス業,979.0,27.066631,2.3681092,0.82,7.92,1158.4,996.6,1057.3,40.3,中立,0,,,
9709,ＮＣＳ＆Ａ,情報・通信業,1386.0,10.456431,1.5106267,4.18,15.29,206.3,1308.1,1337.9,67.0,中立,1,,,2026-08-03
9713,ロイヤルホテル,サービス業,902.0,14.5766,0.57762086,0.67,4.31,137.8,904.8,904.8,48.1,中立,2,,,2026-08-05
9715,トランス・コスモス,サービス業,3610.0,11.036043,1.072352,4.02,10.28,1352.8,3682.4,3750.7,43.7,中立,1,,,2026-08-05
9716,乃村工藝社,サービス業,1176.0,14.367746,2.2504938,3.74,13.46,1312.3,1167.6,1132.8,54.1,中立,0,,,
9720,ホテル、ニューグランド,サービス業,6280.0,20.343374,1.7466375,0.4,8.95,74.1,5902.4,5665.1,67.5,中立,0,,,
9722,藤田観光,サービス業,2235.0,10.48459,3.3846712,0.89,38.97,1339.2,1955.8,1920.2,73.3,買われすぎ,3,,,2026-08-06
9723,京都ホテル,サービス業,637.0,8.791058,3.434018,0.47,-2.17,76.9,635.5,635.8,52.2,中立,1,,,2026-08-07
9726,ＫＮＴ－ＣＴホールディングス,サービス業,1867.0,5.8241825,0.82238364,0.54,17.09,510.1,1898.7,1918.1,45.2,中立,2,,,2026-08-06
9729,トーカイ,サービス業,2430.0,13.086327,0.8964484,3.29,7.19,750.5,2424.9,2418.5,52.1,中立,2,,,2026-08-07
9731,白洋舎,サービス業,3440.0,6.1134906,0.9820934,2.91,25.47,129.0,3447.8,3443.1,49.2,中立,0,,,
9733,ナガセ,サービス業,2303.0,15.231482,2.0488193,5.21,12.52,549.9,2339.7,2293.9,47.2,中立,0,,,
9735,セコム,サービス業,6839.0,24.761938,2.1042113,1.75,8.69,27420.3,6753.3,6400.6,55.3,中立,2,,,2026-08-07
9739,ＮＳＷ,情報・通信業,2521.0,10.128566,1.0095506,4.96,,375.6,2527.0,2523.4,49.5,中立,1,,,2026-08-03
9740,セントラル警備保障,サービス業,2698.0,15.428604,0.91027516,3.04,5.75,377.8,2762.6,2689.1,46.7,中立,0,,,
9742,アイネス,情報・通信業,2295.0,,1.3075068,2.18,-3.5,477.9,2176.3,2110.0,64.2,中立,0,,,
9743,丹青社,サービス業,1413.0,11.127736,1.7756811,5.1,12.48,668.6,1380.7,1356.7,61.5,中立,0,,,
9744,メイテックグループホールディングス,サービス業,3286.0,16.855604,5.7501235,5.51,34.87,2537.0,3252.4,3124.0,56.3,中立,0,,,
9746,ＴＫＣ,情報・通信業,3775.0,14.038154,1.7393036,2.91,12.96,1879.7,3690.6,3544.9,56.4,中立,3,,,2026-08-07
9753,アイエックス・ナレッジ,情報・通信業,1331.0,7.4291134,1.1001173,3.76,15.84,127.4,1297.9,1279.7,60.8,中立,3,,,2026-08-07
9755,応用地質,サービス業,2809.0,14.851433,0.81418353,3.92,4.86,640.1,2790.1,2765.9,53.2,中立,0,,,
9757,船井総研ホールディングス,サービス業,1107.0,15.868692,3.969905,4.34,32.14,1033.6,1113.2,1079.2,51.1,中立,2,,,2026-08-07
9759,ＮＳＤ,情報・通信業,2753.0,16.139055,3.0465977,3.52,20.26,2085.8,2720.2,2626.6,54.1,中立,1,,,2026-08-03
9760,進学会ホールディングス,サービス業,119.0,,0.27006114,2.1,-21.5,19.8,119.2,120.6,51.9,中立,0,,,
9761,東海リース,サービス業,2389.0,11.438284,0.47282663,5.02,4.18,82.7,2354.4,2283.7,60.6,中立,1,,,2026-08-06
9763,丸建リース,卸売業,1276.0,8.933698,0.66701204,4.23,7.68,121.4,1252.6,1245.6,56.6,中立,0,,,
9765,オオバ,サービス業,1129.0,14.0178795,1.211558,3.9,10.52,178.4,1125.3,1133.2,53.0,中立,1,,,2026-08-03
9766,コナミグループ,情報・通信業,21045.0,25.31638,4.9204717,1.06,21.16,28527.9,19364.6,19240.2,61.1,中立,0,,,
9767,日建工学,サービス業,1547.0,10.03568,0.572271,1.94,5.96,28.2,1490.5,1506.5,64.2,中立,0,,,
9768,いであ,サービス業,3660.0,10.495225,0.82955647,3.22,8.16,261.3,3477.8,3396.5,67.7,中立,1,,,2026-08-03
9769,学究社,サービス業,2664.0,15.657694,3.5433683,4.88,23.83,289.5,2610.5,2502.2,57.0,中立,0,,,
9778,昴,サービス業,5630.0,81.96244,0.97431815,2.13,0.85,33.3,5675.6,5583.3,47.8,中立,0,,,
9780,ハリマビステム,サービス業,948.0,8.400532,0.84816045,3.8,12.35,84.5,926.2,918.7,63.5,中立,1,,,2026-08-03
9782,ディーエムエス,サービス業,3395.0,16.938583,1.3711991,6.83,7.44,184.2,3454.0,3315.7,46.7,中立,0,,,
9788,ナック,サービス業,525.0,13.444303,0.9499735,6.48,7.17,213.4,530.2,512.3,48.7,中立,0,,,
9790,福井コンピュータホールディングス,情報・通信業,2992.0,14.351497,2.0566585,2.57,15.09,618.6,3144.9,3155.8,35.9,中立,1,,,2026-08-07
9791,ビケンテクノ,サービス業,1213.0,6.4353547,0.4000951,2.97,6.38,91.5,1207.7,1201.3,53.2,中立,0,,,
9793,ダイセキ,サービス業,3760.0,19.465727,2.145231,2.29,11.48,1777.9,3829.2,3999.8,41.6,中立,0,,,
9795,ステップ,サービス業,2226.0,12.745491,1.2435337,3.95,9.97,344.9,2235.0,2247.4,49.0,中立,0,,,
9799,旭情報サービス,情報・通信業,926.0,11.246054,1.1641356,3.67,10.69,141.2,936.5,931.8,48.6,中立,2,,,2026-08-07
9812,テーオーホールディングス,小売業,239.0,,4.0627604,0.21,-5.7,15.3,231.5,233.6,61.0,中立,0,,,
9816,ストライダーズ,不動産業,244.0,10.374149,0.77934355,2.05,7.39,21.7,241.7,267.5,50.5,中立,1,,,2026-08-05
9818,大丸エナウィン,卸売業,1505.0,12.025569,0.72406524,1.93,7.19,115.5,1513.8,1676.3,43.2,中立,0,,,
9820,エムティジェネックス,不動産業,3720.0,12.721863,0.9099339,1.08,7.36,40.0,3660.0,3575.1,57.4,中立,1,,,2026-08-07
9823,マミーマートホールディングス,小売業,1033.0,9.571905,1.1442713,2.17,12.6,516.7,1049.8,1050.4,46.3,中立,2,,,2026-08-07
9824,泉州電業,卸売業,6620.0,15.152555,1.8316214,2.42,12.6,1130.0,6365.6,6483.5,55.7,中立,1,,,2026-08-03
9827,リリカラ,卸売業,632.0,14.8881035,1.0108182,5.7,6.73,77.8,625.4,616.7,58.6,中立,3,,,2026-08-07
9828,Ｇｅｎｋｉ　Ｇｌｏｂａｌ　Ｄｉｎｉｎｇ　Ｃｏｎｃｅｐｔｓ,小売業,3265.0,16.509075,2.9025085,2.14,18.66,576.6,3343.6,2992.6,48.8,中立,0,,,
9830,トラスコ中山,卸売業,2357.0,9.78658,0.82418525,2.48,8.1,1554.2,2365.0,2261.2,50.5,中立,2,,,2026-08-07
9831,ヤマダホールディングス,小売業,674.2,30.983456,0.70445126,2.52,2.42,4483.3,691.5,636.3,45.3,中立,2,,,2026-08-06
9832,オートバックスセブン,卸売業,1506.0,14.150146,0.87205315,3.98,5.88,1182.6,1510.3,1494.9,49.6,中立,1,,,2026-08-07
9835,ジュンテンドー,小売業,512.0,,0.37396038,1.95,0.89,41.5,508.3,508.9,54.9,中立,0,,,
9837,モリト,卸売業,1818.0,13.34214,1.1189187,3.96,5.4,425.5,1799.4,1806.9,55.6,中立,1,,,2026-08-05
9842,アークランズ,小売業,1893.0,14.63358,0.93129796,2.11,6.51,1189.2,1895.0,1864.3,50.0,中立,1,,,2026-08-03
9843,ニトリホールディングス,小売業,2825.0,17.896736,1.6147609,1.13,9.43,15962.9,2507.5,2474.7,67.1,中立,1,,,2026-08-07
9845,パーカーコーポレーション,化学,1435.0,7.652109,0.69137967,3.69,9.32,359.2,1499.0,1409.8,44.6,中立,1,,,2026-08-03
9846,天満屋ストア,小売業,1003.0,8.528912,0.41217133,1.99,5.41,115.2,1002.7,984.3,55.3,中立,0,,,
9849,共同紙販ホールディングス,卸売業,4510.0,80.65093,0.78208697,1.11,-0.44,30.5,4491.4,4477.5,57.7,中立,1,,,2026-08-04
9850,グルメ杵屋,小売業,972.0,98.981674,2.3794487,0.72,2.55,222.3,971.0,964.3,51.4,中立,0,,,
9853,銀座ルノアール,小売業,906.0,34.60657,1.7294631,0.55,5.13,55.3,907.8,906.5,46.8,中立,1,,,2026-08-06
9854,愛眼,小売業,279.0,34.83146,0.44106138,,1.28,54.1,279.4,253.2,55.9,中立,0,,,
9856,ケーユーホールディングス,小売業,1167.0,6.955123,0.5234888,4.97,8.27,365.9,1180.3,1160.2,46.0,中立,0,,,
9857,英和,卸売業,2599.0,7.94704,0.8661872,3.69,11.52,164.5,2470.6,2473.4,67.4,中立,2,,,2026-08-07
9861,吉野家ホールディングス,小売業,3771.0,52.45514,3.5168545,0.58,8.6,2440.8,3614.2,3308.2,60.6,中立,1,,,2026-08-03
9867,ソレキア,卸売業,10030.0,5.0968294,0.67590964,0.7,14.21,86.6,10116.8,10098.7,44.4,中立,1,,,2026-08-07
9869,加藤産業,卸売業,6420.0,13.240389,1.1015803,2.49,8.99,1937.7,6234.0,6033.7,59.4,中立,1,,,2026-08-07
9872,北恵,卸売業,957.0,17.162842,0.73061687,2.93,6.05,88.9,931.6,899.7,71.5,買われすぎ,0,,,
9876,コックス,小売業,223.0,5.781696,0.58478457,,9.06,61.6,229.3,227.3,42.8,中立,1,,,2026-08-05
9878,セキド,小売業,410.0,,1.186521,,-27.89,13.1,416.5,436.7,33.9,中立,2,,,2026-08-04
9880,イノテック,電気機器,3605.0,11.31726,1.6645082,2.22,15.76,433.8,3457.0,3715.7,52.3,中立,1,,,2026-08-04
9882,イエローハット,卸売業,1745.0,12.709395,1.191891,3.9,9.97,1481.1,1803.9,1701.3,43.5,中立,2,,,2026-08-05
9885,シャルレ,卸売業,339.0,,0.39019427,2.36,-23.69,50.5,335.5,339.2,60.1,中立,2,,,2026-08-07
9887,松屋フーズホールディングス,小売業,5000.0,25.405214,1.7856607,0.48,7.3,1029.7,4971.8,4912.1,53.0,中立,0,,,
9888,ＵＥＸ,卸売業,1124.0,18.578512,0.6530878,3.29,3.67,115.8,1024.7,925.6,68.0,中立,2,,,2026-08-07
9889,ＪＢＣＣホールディングス,情報・通信業,1695.0,19.63169,4.1780257,3.54,22.34,1032.5,1507.2,1306.5,74.6,買われすぎ,1,,,2026-08-03
9890,マキヤ,小売業,1347.0,9.160773,0.6016404,2.82,6.81,134.8,1355.7,1308.5,49.7,中立,0,,,
9895,コンセック,卸売業,1272.0,,0.282659,2.12,-1.62,22.4,1267.4,1260.2,55.7,中立,1,,,2026-08-07
9896,ＪＫホールディングス,卸売業,1443.0,9.690416,0.5900918,4.16,6.24,385.7,1432.5,1402.7,54.2,中立,1,,,2026-08-07
9900,サガミホールディングス,小売業,2193.0,40.845596,3.360621,0.55,8.63,660.6,1918.6,1742.4,77.3,買われすぎ,0,,,
9902,日伝,卸売業,3120.0,18.004501,0.96348846,3.85,6.35,921.6,2838.5,2614.2,75.5,買われすぎ,1,,,2026-08-03
9903,カンセキ,小売業,898.0,21.95599,0.59771115,2.23,-6.31,67.0,890.5,973.7,46.7,中立,0,,,
9904,ベリテ,小売業,242.0,20.404722,0.82626283,2.48,-2.57,65.7,240.0,264.8,49.7,中立,2,,,2026-08-07
9906,藤井産業,卸売業,4260.0,7.421086,0.86471665,4.69,11.94,360.2,4096.4,4026.5,63.8,中立,1,,,2026-08-07
9908,日本電計,卸売業,2688.0,8.374615,0.9288709,4.09,11.06,305.2,2651.5,2546.6,55.1,中立,2,,,2026-08-07
9913,日邦産業,卸売業,3060.0,19.210247,1.5422105,2.58,8.81,277.4,3121.0,3511.8,43.0,中立,1,,,2026-08-05
9914,植松商会,卸売業,751.0,13.565751,0.51493835,4.33,3.9,16.8,,,,,0,,,
9928,ミロク情報サービス,情報・通信業,1835.0,10.440968,1.6960024,3.54,17.54,549.5,1814.0,1759.6,57.0,中立,0,,,
9929,平和紙業,卸売業,470.0,55.952385,0.42435893,2.55,0.77,43.5,468.8,466.3,53.3,中立,0,,,
9930,北沢産業,卸売業,383.0,32.293423,0.6270301,2.61,1.99,71.2,369.6,360.9,61.7,中立,0,,,
9932,杉本商事,卸売業,1289.0,10.990791,0.64488405,4.19,6.56,225.3,1266.9,1213.7,56.4,中立,0,,,
9934,因幡電機産業,卸売業,3006.0,14.580201,1.6259608,2.83,14.02,3374.3,2803.4,2737.1,77.5,買われすぎ,0,,,
9936,王将フードサービス,小売業,2882.0,20.444065,2.3587685,1.94,10.15,1514.0,2946.0,2841.5,45.9,中立,1,,,2026-08-03
9941,太洋物産,卸売業,1222.0,15.402068,2.147605,,15.5,29.7,1345.2,1222.4,45.2,中立,0,,,
9946,ミニストップ,小売業,1827.0,,2.2223897,1.09,-27.81,530.0,1840.4,1840.9,46.7,中立,0,,,
9948,アークス,小売業,3600.0,15.569588,0.9790284,2.28,6.58,1918.1,3550.0,3416.9,55.5,中立,0,,,
9950,ハチバン,小売業,3420.0,166.91069,2.5949037,0.58,1.58,100.5,3415.2,3411.1,55.0,中立,0,,,
9955,ヨンキュウ,卸売業,2823.0,9.135627,0.84179276,0.6,10.1,346.0,2770.9,2701.5,62.4,中立,0,,,
9956,バローホールディングス,小売業,3245.0,10.371388,0.92269677,1.23,9.17,1861.6,3287.6,3490.0,45.1,中立,3,,,2026-08-07
9959,アシードホールディングス,小売業,1072.0,14.523778,1.6663585,2.24,11.99,132.2,979.5,912.8,73.3,買われすぎ,0,,,
9960,東テク,卸売業,3925.0,12.304846,2.1847637,4.38,19.47,1609.5,4048.6,3914.3,46.7,中立,2,,,2026-08-07
9962,ミスミグループ本社,卸売業,3748.0,25.18648,2.5648026,1.52,12.25,9887.5,3808.6,3640.3,49.0,中立,1,,,2026-08-03
9969,ショクブン,小売業,237.0,,1.5083148,1.05,3.15,36.4,235.2,231.7,56.8,中立,0,,,
9972,アルテック,卸売業,277.0,,0.41899547,2.53,-17.02,38.1,280.4,271.3,50.6,中立,0,,,
9973,ＫＯＺＯホールディングス,小売業,20.0,,10.598834,,-212.67,58.9,20.1,21.3,46.8,中立,1,,,2026-08-07
9974,ベルク,小売業,6570.0,10.791189,1.1255684,2.01,10.52,1368.6,6543.2,6536.1,52.2,ゴールデンクロス,0,,,
9976,セキチュー,小売業,1047.0,14.326765,0.5317587,2.87,-0.04,56.8,1055.0,1050.1,45.5,中立,0,,,
9978,文教堂グループホールディングス,小売業,45.0,,1.6529533,,-11.45,19.7,45.2,45.7,48.9,中立,0,,,
9979,大庄,小売業,1096.0,27.64884,1.9774436,1.28,6.21,230.0,1103.3,1077.2,47.5,中立,0,,,
9980,ＭＲＫホールディングス,小売業,97.0,10.221286,0.6118021,1.03,6.21,88.9,94.9,96.5,60.6,中立,1,,,2026-08-04
9982,タキヒヨー,卸売業,2461.0,13.235452,0.6436723,2.03,5.18,207.6,2408.6,2629.0,51.2,中立,1,,,2026-08-06
9983,ファーストリテイリング,小売業,79310.0,50.774,8.919509,0.81,22.48,243363.5,80470.0,78439.1,49.0,中立,0,,,
9984,ソフトバンクグループ,情報・通信業,5552.0,6.363543,1.7955248,0.2,32.72,316404.2,5689.6,6207.5,47.8,中立,1,,,2026-08-06
9986,蔵王産業,卸売業,2479.0,18.7448,1.2010415,4.03,7.36,134.8,2498.0,2515.2,46.4,中立,1,,,2026-08-07
9987,スズケン,卸売業,4862.0,8.908514,0.790753,1.23,9.26,3288.6,5072.4,5171.7,39.7,中立,1,,,2026-08-07
9989,サンドラッグ,小売業,3726.0,13.877612,1.5240448,3.54,11.3,4358.8,3812.8,3777.7,45.0,中立,0,,,
9990,サックスバー　ホールディングス,小売業,744.0,11.329374,0.7158176,4.7,6.53,217.8,763.4,743.1,41.6,中立,2,,,2026-08-04
9991,ジェコス,卸売業,1751.0,10.062061,0.83161014,3.94,8.78,589.1,1643.6,1578.9,71.9,買われすぎ,0,,,
9993,ヤマザワ,小売業,1189.0,9.229217,0.4536492,2.27,5.69,122.1,1180.2,1168.0,61.3,中立,0,,,
9994,やまや,小売業,2082.0,10.86809,0.6082901,3.46,6.64,225.7,2072.7,2115.7,53.4,中立,0,,,
9996,サトー商会,卸売業,2230.0,14.851815,0.6835989,2.15,4.68,186.0,2187.4,2120.3,58.0,中立,0,,,
9997,ベルーナ,小売業,996.0,8.300692,0.6350279,3.92,8.02,957.9,1034.1,954.6,44.6,中立,0,,,
